linha,coluna,rotulo_coluna,tipo_linha,codigo_cnae,descricao,status_atualizacao,valor_origem,valor_gerado,diferenca,variacao_pct,resultado,motivo
4,D,D — EMPREGOS / Estoque 2022,total_geral,,TOTAL DE TODAS AS CNAES,atualizado,52790864,52790864,0.0,0.0,identico,
4,E,E — Estoque 2023,total_geral,,TOTAL DE TODAS AS CNAES,atualizado,55818007,55316614,-501393.0,-0.8983,divergente,
4,F,F — Estoque 2024,total_geral,,TOTAL DE TODAS AS CNAES,atualizado,57800651,57132156,-668495.0,-1.1566,divergente,
4,G,G — Estoque 2025,total_geral,,TOTAL DE TODAS AS CNAES,formula_preservada,59517251,58403704,-1113547.0,-1.871,divergente,estoque projetado = coluna F + coluna J
4,H,H — Saldo / 2023 (jan-dez),total_geral,,TOTAL DE TODAS AS CNAES,atualizado,1454972,1455879,907.0,0.0623,divergente,
4,I,I — 2024 (jan-dez),total_geral,,TOTAL DE TODAS AS CNAES,atualizado,1678468,1679628,1160.0,0.0691,divergente,
4,J,J — 2025 (jan-dez),total_geral,,TOTAL DE TODAS AS CNAES,atualizado,1716600,1271548,-445052.0,-25.9264,divergente,
4,K,K — Quantidade de estabelecimentos por porte(RAIS) (Metodologia Sebrae) 2022 / Microempresa,total_geral,,TOTAL DE TODAS AS CNAES,indisponivel,,,,,nao_atualizado,Não há na biblioteca nem na API endpoint de estabelecimentos por porte da RAIS/metodologia Sebrae com recorte anual e 4 portes (ano 2022)
4,L,L — Empresa de pequeno porte,total_geral,,TOTAL DE TODAS AS CNAES,indisponivel,,,,,nao_atualizado,Não há na biblioteca nem na API endpoint de estabelecimentos por porte da RAIS/metodologia Sebrae com recorte anual e 4 portes (ano 2022)
4,M,M — Empresa de médio porte,total_geral,,TOTAL DE TODAS AS CNAES,indisponivel,,,,,nao_atualizado,Não há na biblioteca nem na API endpoint de estabelecimentos por porte da RAIS/metodologia Sebrae com recorte anual e 4 portes (ano 2022)
4,N,N — Grande empresa,total_geral,,TOTAL DE TODAS AS CNAES,indisponivel,,,,,nao_atualizado,Não há na biblioteca nem na API endpoint de estabelecimentos por porte da RAIS/metodologia Sebrae com recorte anual e 4 portes (ano 2022)
4,O,O — Quantidade de estabelecimentos por porte(RAIS completa) (Metodologia Sebrae) 2023 / Microempresa,total_geral,,TOTAL DE TODAS AS CNAES,indisponivel,8560543,8560543,0.0,0.0,nao_atualizado,Não há na biblioteca nem na API endpoint de estabelecimentos por porte da RAIS/metodologia Sebrae com recorte anual e 4 portes (ano 2023)
4,P,P — Empresa de pequeno porte,total_geral,,TOTAL DE TODAS AS CNAES,indisponivel,527757,527757,0.0,0.0,nao_atualizado,Não há na biblioteca nem na API endpoint de estabelecimentos por porte da RAIS/metodologia Sebrae com recorte anual e 4 portes (ano 2023)
4,Q,Q — Empresa de médio porte,total_geral,,TOTAL DE TODAS AS CNAES,indisponivel,59706,59706,0.0,0.0,nao_atualizado,Não há na biblioteca nem na API endpoint de estabelecimentos por porte da RAIS/metodologia Sebrae com recorte anual e 4 portes (ano 2023)
4,R,R — Grande empresa,total_geral,,TOTAL DE TODAS AS CNAES,indisponivel,37529,37529,0.0,0.0,nao_atualizado,Não há na biblioteca nem na API endpoint de estabelecimentos por porte da RAIS/metodologia Sebrae com recorte anual e 4 portes (ano 2023)
4,S,S — Quantidade de estabelecimentos por porte(RAIS) (Metodologia Sebrae) 2024 / Microempresa,total_geral,,TOTAL DE TODAS AS CNAES,indisponivel,9625497,9625497,0.0,0.0,nao_atualizado,Não há na biblioteca nem na API endpoint de estabelecimentos por porte da RAIS/metodologia Sebrae com recorte anual e 4 portes (ano 2024)
4,T,T — Empresa de pequeno porte,total_geral,,TOTAL DE TODAS AS CNAES,indisponivel,543945,543945,0.0,0.0,nao_atualizado,Não há na biblioteca nem na API endpoint de estabelecimentos por porte da RAIS/metodologia Sebrae com recorte anual e 4 portes (ano 2024)
4,U,U — Empresa de médio porte,total_geral,,TOTAL DE TODAS AS CNAES,indisponivel,62625,62625,0.0,0.0,nao_atualizado,Não há na biblioteca nem na API endpoint de estabelecimentos por porte da RAIS/metodologia Sebrae com recorte anual e 4 portes (ano 2024)
4,V,V — Grande empresa,total_geral,,TOTAL DE TODAS AS CNAES,indisponivel,39498,39498,0.0,0.0,nao_atualizado,Não há na biblioteca nem na API endpoint de estabelecimentos por porte da RAIS/metodologia Sebrae com recorte anual e 4 portes (ano 2024)
5,D,D — EMPREGOS / Estoque 2022,total_lista,,TOTAL CANAES ABAIXO,formula_preservada,10810747,10810747.0,0.0,0.0,identico,=SUM(...) recalculado pelo Excel
5,E,E — Estoque 2023,total_lista,,TOTAL CANAES ABAIXO,formula_preservada,10842619,10756637.0,-85982.0,-0.793,divergente,=SUM(...) recalculado pelo Excel
5,F,F — Estoque 2024,total_lista,,TOTAL CANAES ABAIXO,formula_preservada,11061803,10951584.0,-110219.0,-0.9964,divergente,=SUM(...) recalculado pelo Excel
5,G,G — Estoque 2025,total_lista,,TOTAL CANAES ABAIXO,formula_preservada,11177422,11067310.0,-110112.0,-0.9851,divergente,=SUM(...) recalculado pelo Excel
5,H,H — Saldo / 2023 (jan-dez),total_lista,,TOTAL CANAES ABAIXO,formula_preservada,-27835,-27820.0,15.0,0.0539,divergente,=SUM(...) recalculado pelo Excel
5,I,I — 2024 (jan-dez),total_lista,,TOTAL CANAES ABAIXO,formula_preservada,85571,85707.0,136.0,0.1589,divergente,=SUM(...) recalculado pelo Excel
5,J,J — 2025 (jan-dez),total_lista,,TOTAL CANAES ABAIXO,formula_preservada,15930,15712.0,-218.0,-1.3685,divergente,=SUM(...) recalculado pelo Excel
6,D,D — EMPREGOS / Estoque 2022,grupo,141,Confecção de artigos do vestuário e acessórios,atualizado,526866,526866,0.0,0.0,identico,
6,E,E — Estoque 2023,grupo,141,Confecção de artigos do vestuário e acessórios,atualizado,504718,496512,-8206.0,-1.6259,divergente,
6,F,F — Estoque 2024,grupo,141,Confecção de artigos do vestuário e acessórios,atualizado,507545,496527,-11018.0,-2.1708,divergente,
6,G,G — Estoque 2025,grupo,141,Confecção de artigos do vestuário e acessórios,formula_preservada,504592,493579,-11013.0,-2.1826,divergente,estoque projetado = coluna F + coluna J
6,H,H — Saldo / 2023 (jan-dez),grupo,141,Confecção de artigos do vestuário e acessórios,atualizado,-18090,-18092,-2.0,-0.0111,divergente,
6,I,I — 2024 (jan-dez),grupo,141,Confecção de artigos do vestuário e acessórios,atualizado,1084,1091,7.0,0.6458,divergente,
6,J,J — 2025 (jan-dez),grupo,141,Confecção de artigos do vestuário e acessórios,atualizado,-2953,-2948,5.0,0.1693,divergente,
6,K,K — Quantidade de estabelecimentos por porte(RAIS) (Metodologia Sebrae) 2022 / Microempresa,grupo,141,Confecção de artigos do vestuário e acessórios,indisponivel,,,,,nao_atualizado,Não há na biblioteca nem na API endpoint de estabelecimentos por porte da RAIS/metodologia Sebrae com recorte anual e 4 portes (ano 2022)
6,L,L — Empresa de pequeno porte,grupo,141,Confecção de artigos do vestuário e acessórios,indisponivel,,,,,nao_atualizado,Não há na biblioteca nem na API endpoint de estabelecimentos por porte da RAIS/metodologia Sebrae com recorte anual e 4 portes (ano 2022)
6,M,M — Empresa de médio porte,grupo,141,Confecção de artigos do vestuário e acessórios,indisponivel,,,,,nao_atualizado,Não há na biblioteca nem na API endpoint de estabelecimentos por porte da RAIS/metodologia Sebrae com recorte anual e 4 portes (ano 2022)
6,N,N — Grande empresa,grupo,141,Confecção de artigos do vestuário e acessórios,indisponivel,,,,,nao_atualizado,Não há na biblioteca nem na API endpoint de estabelecimentos por porte da RAIS/metodologia Sebrae com recorte anual e 4 portes (ano 2022)
6,O,O — Quantidade de estabelecimentos por porte(RAIS completa) (Metodologia Sebrae) 2023 / Microempresa,grupo,141,Confecção de artigos do vestuário e acessórios,indisponivel,72754,72754,0.0,0.0,nao_atualizado,Não há na biblioteca nem na API endpoint de estabelecimentos por porte da RAIS/metodologia Sebrae com recorte anual e 4 portes (ano 2023)
6,P,P — Empresa de pequeno porte,grupo,141,Confecção de artigos do vestuário e acessórios,indisponivel,5317,5317,0.0,0.0,nao_atualizado,Não há na biblioteca nem na API endpoint de estabelecimentos por porte da RAIS/metodologia Sebrae com recorte anual e 4 portes (ano 2023)
6,Q,Q — Empresa de médio porte,grupo,141,Confecção de artigos do vestuário e acessórios,indisponivel,515,515,0.0,0.0,nao_atualizado,Não há na biblioteca nem na API endpoint de estabelecimentos por porte da RAIS/metodologia Sebrae com recorte anual e 4 portes (ano 2023)
6,R,R — Grande empresa,grupo,141,Confecção de artigos do vestuário e acessórios,indisponivel,40,40,0.0,0.0,nao_atualizado,Não há na biblioteca nem na API endpoint de estabelecimentos por porte da RAIS/metodologia Sebrae com recorte anual e 4 portes (ano 2023)
6,S,S — Quantidade de estabelecimentos por porte(RAIS) (Metodologia Sebrae) 2024 / Microempresa,grupo,141,Confecção de artigos do vestuário e acessórios,indisponivel,77357,77357,0.0,0.0,nao_atualizado,Não há na biblioteca nem na API endpoint de estabelecimentos por porte da RAIS/metodologia Sebrae com recorte anual e 4 portes (ano 2024)
6,T,T — Empresa de pequeno porte,grupo,141,Confecção de artigos do vestuário e acessórios,indisponivel,5285,5285,0.0,0.0,nao_atualizado,Não há na biblioteca nem na API endpoint de estabelecimentos por porte da RAIS/metodologia Sebrae com recorte anual e 4 portes (ano 2024)
6,U,U — Empresa de médio porte,grupo,141,Confecção de artigos do vestuário e acessórios,indisponivel,510,510,0.0,0.0,nao_atualizado,Não há na biblioteca nem na API endpoint de estabelecimentos por porte da RAIS/metodologia Sebrae com recorte anual e 4 portes (ano 2024)
6,V,V — Grande empresa,grupo,141,Confecção de artigos do vestuário e acessórios,indisponivel,37,37,0.0,0.0,nao_atualizado,Não há na biblioteca nem na API endpoint de estabelecimentos por porte da RAIS/metodologia Sebrae com recorte anual e 4 portes (ano 2024)
7,D,D — EMPREGOS / Estoque 2022,grupo,142,Fabricação de artigos de malharia e tricotagem,atualizado,28842,28842,0.0,0.0,identico,
7,E,E — Estoque 2023,grupo,142,Fabricação de artigos de malharia e tricotagem,atualizado,26827,26755,-72.0,-0.2684,divergente,
7,F,F — Estoque 2024,grupo,142,Fabricação de artigos de malharia e tricotagem,atualizado,26353,26255,-98.0,-0.3719,divergente,
7,G,G — Estoque 2025,grupo,142,Fabricação de artigos de malharia e tricotagem,formula_preservada,26320,26215,-105.0,-0.3989,divergente,estoque projetado = coluna F + coluna J
7,H,H — Saldo / 2023 (jan-dez),grupo,142,Fabricação de artigos de malharia e tricotagem,atualizado,-1653,-1653,0.0,0.0,identico,
7,I,I — 2024 (jan-dez),grupo,142,Fabricação de artigos de malharia e tricotagem,atualizado,-643,-643,0.0,0.0,identico,
7,J,J — 2025 (jan-dez),grupo,142,Fabricação de artigos de malharia e tricotagem,atualizado,-33,-40,-7.0,-21.2121,divergente,
7,K,K — Quantidade de estabelecimentos por porte(RAIS) (Metodologia Sebrae) 2022 / Microempresa,grupo,142,Fabricação de artigos de malharia e tricotagem,indisponivel,,,,,nao_atualizado,Não há na biblioteca nem na API endpoint de estabelecimentos por porte da RAIS/metodologia Sebrae com recorte anual e 4 portes (ano 2022)
7,L,L — Empresa de pequeno porte,grupo,142,Fabricação de artigos de malharia e tricotagem,indisponivel,,,,,nao_atualizado,Não há na biblioteca nem na API endpoint de estabelecimentos por porte da RAIS/metodologia Sebrae com recorte anual e 4 portes (ano 2022)
7,M,M — Empresa de médio porte,grupo,142,Fabricação de artigos de malharia e tricotagem,indisponivel,,,,,nao_atualizado,Não há na biblioteca nem na API endpoint de estabelecimentos por porte da RAIS/metodologia Sebrae com recorte anual e 4 portes (ano 2022)
7,N,N — Grande empresa,grupo,142,Fabricação de artigos de malharia e tricotagem,indisponivel,,,,,nao_atualizado,Não há na biblioteca nem na API endpoint de estabelecimentos por porte da RAIS/metodologia Sebrae com recorte anual e 4 portes (ano 2022)
7,O,O — Quantidade de estabelecimentos por porte(RAIS completa) (Metodologia Sebrae) 2023 / Microempresa,grupo,142,Fabricação de artigos de malharia e tricotagem,indisponivel,3240,3240,0.0,0.0,nao_atualizado,Não há na biblioteca nem na API endpoint de estabelecimentos por porte da RAIS/metodologia Sebrae com recorte anual e 4 portes (ano 2023)
7,P,P — Empresa de pequeno porte,grupo,142,Fabricação de artigos de malharia e tricotagem,indisponivel,217,217,0.0,0.0,nao_atualizado,Não há na biblioteca nem na API endpoint de estabelecimentos por porte da RAIS/metodologia Sebrae com recorte anual e 4 portes (ano 2023)
7,Q,Q — Empresa de médio porte,grupo,142,Fabricação de artigos de malharia e tricotagem,indisponivel,33,33,0.0,0.0,nao_atualizado,Não há na biblioteca nem na API endpoint de estabelecimentos por porte da RAIS/metodologia Sebrae com recorte anual e 4 portes (ano 2023)
7,R,R — Grande empresa,grupo,142,Fabricação de artigos de malharia e tricotagem,indisponivel,4,4,0.0,0.0,nao_atualizado,Não há na biblioteca nem na API endpoint de estabelecimentos por porte da RAIS/metodologia Sebrae com recorte anual e 4 portes (ano 2023)
7,S,S — Quantidade de estabelecimentos por porte(RAIS) (Metodologia Sebrae) 2024 / Microempresa,grupo,142,Fabricação de artigos de malharia e tricotagem,indisponivel,3427,3427,0.0,0.0,nao_atualizado,Não há na biblioteca nem na API endpoint de estabelecimentos por porte da RAIS/metodologia Sebrae com recorte anual e 4 portes (ano 2024)
7,T,T — Empresa de pequeno porte,grupo,142,Fabricação de artigos de malharia e tricotagem,indisponivel,220,220,0.0,0.0,nao_atualizado,Não há na biblioteca nem na API endpoint de estabelecimentos por porte da RAIS/metodologia Sebrae com recorte anual e 4 portes (ano 2024)
7,U,U — Empresa de médio porte,grupo,142,Fabricação de artigos de malharia e tricotagem,indisponivel,32,32,0.0,0.0,nao_atualizado,Não há na biblioteca nem na API endpoint de estabelecimentos por porte da RAIS/metodologia Sebrae com recorte anual e 4 portes (ano 2024)
7,V,V — Grande empresa,grupo,142,Fabricação de artigos de malharia e tricotagem,indisponivel,4,4,0.0,0.0,nao_atualizado,Não há na biblioteca nem na API endpoint de estabelecimentos por porte da RAIS/metodologia Sebrae com recorte anual e 4 portes (ano 2024)
8,D,D — EMPREGOS / Estoque 2022,grupo,152,Fabricação de artigos para viagem e de artefatos diversos de couro,atualizado,21596,21596,0.0,0.0,identico,
8,E,E — Estoque 2023,grupo,152,Fabricação de artigos para viagem e de artefatos diversos de couro,atualizado,20839,20358,-481.0,-2.3082,divergente,
8,F,F — Estoque 2024,grupo,152,Fabricação de artigos para viagem e de artefatos diversos de couro,atualizado,20774,20186,-588.0,-2.8305,divergente,
8,G,G — Estoque 2025,grupo,152,Fabricação de artigos para viagem e de artefatos diversos de couro,formula_preservada,20600,20010,-590.0,-2.8641,divergente,estoque projetado = coluna F + coluna J
8,H,H — Saldo / 2023 (jan-dez),grupo,152,Fabricação de artigos para viagem e de artefatos diversos de couro,atualizado,-696,-697,-1.0,-0.1437,divergente,
8,I,I — 2024 (jan-dez),grupo,152,Fabricação de artigos para viagem e de artefatos diversos de couro,atualizado,16,16,0.0,0.0,identico,
8,J,J — 2025 (jan-dez),grupo,152,Fabricação de artigos para viagem e de artefatos diversos de couro,atualizado,-174,-176,-2.0,-1.1494,divergente,
8,K,K — Quantidade de estabelecimentos por porte(RAIS) (Metodologia Sebrae) 2022 / Microempresa,grupo,152,Fabricação de artigos para viagem e de artefatos diversos de couro,indisponivel,,,,,nao_atualizado,Não há na biblioteca nem na API endpoint de estabelecimentos por porte da RAIS/metodologia Sebrae com recorte anual e 4 portes (ano 2022)
8,L,L — Empresa de pequeno porte,grupo,152,Fabricação de artigos para viagem e de artefatos diversos de couro,indisponivel,,,,,nao_atualizado,Não há na biblioteca nem na API endpoint de estabelecimentos por porte da RAIS/metodologia Sebrae com recorte anual e 4 portes (ano 2022)
8,M,M — Empresa de médio porte,grupo,152,Fabricação de artigos para viagem e de artefatos diversos de couro,indisponivel,,,,,nao_atualizado,Não há na biblioteca nem na API endpoint de estabelecimentos por porte da RAIS/metodologia Sebrae com recorte anual e 4 portes (ano 2022)
8,N,N — Grande empresa,grupo,152,Fabricação de artigos para viagem e de artefatos diversos de couro,indisponivel,,,,,nao_atualizado,Não há na biblioteca nem na API endpoint de estabelecimentos por porte da RAIS/metodologia Sebrae com recorte anual e 4 portes (ano 2022)
8,O,O — Quantidade de estabelecimentos por porte(RAIS completa) (Metodologia Sebrae) 2023 / Microempresa,grupo,152,Fabricação de artigos para viagem e de artefatos diversos de couro,indisponivel,7013,7013,0.0,0.0,nao_atualizado,Não há na biblioteca nem na API endpoint de estabelecimentos por porte da RAIS/metodologia Sebrae com recorte anual e 4 portes (ano 2023)
8,P,P — Empresa de pequeno porte,grupo,152,Fabricação de artigos para viagem e de artefatos diversos de couro,indisponivel,251,251,0.0,0.0,nao_atualizado,Não há na biblioteca nem na API endpoint de estabelecimentos por porte da RAIS/metodologia Sebrae com recorte anual e 4 portes (ano 2023)
8,Q,Q — Empresa de médio porte,grupo,152,Fabricação de artigos para viagem e de artefatos diversos de couro,indisponivel,19,19,0.0,0.0,nao_atualizado,Não há na biblioteca nem na API endpoint de estabelecimentos por porte da RAIS/metodologia Sebrae com recorte anual e 4 portes (ano 2023)
8,R,R — Grande empresa,grupo,152,Fabricação de artigos para viagem e de artefatos diversos de couro,indisponivel,3,3,0.0,0.0,nao_atualizado,Não há na biblioteca nem na API endpoint de estabelecimentos por porte da RAIS/metodologia Sebrae com recorte anual e 4 portes (ano 2023)
8,S,S — Quantidade de estabelecimentos por porte(RAIS) (Metodologia Sebrae) 2024 / Microempresa,grupo,152,Fabricação de artigos para viagem e de artefatos diversos de couro,indisponivel,7478,7478,0.0,0.0,nao_atualizado,Não há na biblioteca nem na API endpoint de estabelecimentos por porte da RAIS/metodologia Sebrae com recorte anual e 4 portes (ano 2024)
8,T,T — Empresa de pequeno porte,grupo,152,Fabricação de artigos para viagem e de artefatos diversos de couro,indisponivel,250,250,0.0,0.0,nao_atualizado,Não há na biblioteca nem na API endpoint de estabelecimentos por porte da RAIS/metodologia Sebrae com recorte anual e 4 portes (ano 2024)
8,U,U — Empresa de médio porte,grupo,152,Fabricação de artigos para viagem e de artefatos diversos de couro,indisponivel,19,19,0.0,0.0,nao_atualizado,Não há na biblioteca nem na API endpoint de estabelecimentos por porte da RAIS/metodologia Sebrae com recorte anual e 4 portes (ano 2024)
8,V,V — Grande empresa,grupo,152,Fabricação de artigos para viagem e de artefatos diversos de couro,indisponivel,3,3,0.0,0.0,nao_atualizado,Não há na biblioteca nem na API endpoint de estabelecimentos por porte da RAIS/metodologia Sebrae com recorte anual e 4 portes (ano 2024)
9,D,D — EMPREGOS / Estoque 2022,grupo,153,Fabricação de calçados,atualizado,277831,277831,0.0,0.0,identico,
9,E,E — Estoque 2023,grupo,153,Fabricação de calçados,atualizado,257304,255390,-1914.0,-0.7439,divergente,
9,F,F — Estoque 2024,grupo,153,Fabricação de calçados,atualizado,254391,252134,-2257.0,-0.8872,divergente,
9,G,G — Estoque 2025,grupo,153,Fabricação de calçados,formula_preservada,251046,248773,-2273.0,-0.9054,divergente,estoque projetado = coluna F + coluna J
9,H,H — Saldo / 2023 (jan-dez),grupo,153,Fabricação de calçados,atualizado,-19300,-19297,3.0,0.0155,divergente,
9,I,I — 2024 (jan-dez),grupo,153,Fabricação de calçados,atualizado,1528,1534,6.0,0.3927,divergente,
9,J,J — 2025 (jan-dez),grupo,153,Fabricação de calçados,atualizado,-3345,-3361,-16.0,-0.4783,divergente,
9,K,K — Quantidade de estabelecimentos por porte(RAIS) (Metodologia Sebrae) 2022 / Microempresa,grupo,153,Fabricação de calçados,indisponivel,,,,,nao_atualizado,Não há na biblioteca nem na API endpoint de estabelecimentos por porte da RAIS/metodologia Sebrae com recorte anual e 4 portes (ano 2022)
9,L,L — Empresa de pequeno porte,grupo,153,Fabricação de calçados,indisponivel,,,,,nao_atualizado,Não há na biblioteca nem na API endpoint de estabelecimentos por porte da RAIS/metodologia Sebrae com recorte anual e 4 portes (ano 2022)
9,M,M — Empresa de médio porte,grupo,153,Fabricação de calçados,indisponivel,,,,,nao_atualizado,Não há na biblioteca nem na API endpoint de estabelecimentos por porte da RAIS/metodologia Sebrae com recorte anual e 4 portes (ano 2022)
9,N,N — Grande empresa,grupo,153,Fabricação de calçados,indisponivel,,,,,nao_atualizado,Não há na biblioteca nem na API endpoint de estabelecimentos por porte da RAIS/metodologia Sebrae com recorte anual e 4 portes (ano 2022)
9,O,O — Quantidade de estabelecimentos por porte(RAIS completa) (Metodologia Sebrae) 2023 / Microempresa,grupo,153,Fabricação de calçados,indisponivel,9251,9251,0.0,0.0,nao_atualizado,Não há na biblioteca nem na API endpoint de estabelecimentos por porte da RAIS/metodologia Sebrae com recorte anual e 4 portes (ano 2023)
9,P,P — Empresa de pequeno porte,grupo,153,Fabricação de calçados,indisponivel,972,972,0.0,0.0,nao_atualizado,Não há na biblioteca nem na API endpoint de estabelecimentos por porte da RAIS/metodologia Sebrae com recorte anual e 4 portes (ano 2023)
9,Q,Q — Empresa de médio porte,grupo,153,Fabricação de calçados,indisponivel,256,256,0.0,0.0,nao_atualizado,Não há na biblioteca nem na API endpoint de estabelecimentos por porte da RAIS/metodologia Sebrae com recorte anual e 4 portes (ano 2023)
9,R,R — Grande empresa,grupo,153,Fabricação de calçados,indisponivel,42,42,0.0,0.0,nao_atualizado,Não há na biblioteca nem na API endpoint de estabelecimentos por porte da RAIS/metodologia Sebrae com recorte anual e 4 portes (ano 2023)
9,S,S — Quantidade de estabelecimentos por porte(RAIS) (Metodologia Sebrae) 2024 / Microempresa,grupo,153,Fabricação de calçados,indisponivel,9543,9543,0.0,0.0,nao_atualizado,Não há na biblioteca nem na API endpoint de estabelecimentos por porte da RAIS/metodologia Sebrae com recorte anual e 4 portes (ano 2024)
9,T,T — Empresa de pequeno porte,grupo,153,Fabricação de calçados,indisponivel,984,984,0.0,0.0,nao_atualizado,Não há na biblioteca nem na API endpoint de estabelecimentos por porte da RAIS/metodologia Sebrae com recorte anual e 4 portes (ano 2024)
9,U,U — Empresa de médio porte,grupo,153,Fabricação de calçados,indisponivel,259,259,0.0,0.0,nao_atualizado,Não há na biblioteca nem na API endpoint de estabelecimentos por porte da RAIS/metodologia Sebrae com recorte anual e 4 portes (ano 2024)
9,V,V — Grande empresa,grupo,153,Fabricação de calçados,indisponivel,36,36,0.0,0.0,nao_atualizado,Não há na biblioteca nem na API endpoint de estabelecimentos por porte da RAIS/metodologia Sebrae com recorte anual e 4 portes (ano 2024)
10,D,D — EMPREGOS / Estoque 2022,grupo,154,"Fabricação de partes para calçados, de qualquer material",atualizado,23505,23505,0.0,0.0,identico,
10,E,E — Estoque 2023,grupo,154,"Fabricação de partes para calçados, de qualquer material",atualizado,21979,21752,-227.0,-1.0328,divergente,
10,F,F — Estoque 2024,grupo,154,"Fabricação de partes para calçados, de qualquer material",atualizado,22507,22246,-261.0,-1.1596,divergente,
10,G,G — Estoque 2025,grupo,154,"Fabricação de partes para calçados, de qualquer material",formula_preservada,22791,22534,-257.0,-1.1276,divergente,estoque projetado = coluna F + coluna J
10,H,H — Saldo / 2023 (jan-dez),grupo,154,"Fabricação de partes para calçados, de qualquer material",atualizado,-1492,-1492,0.0,0.0,identico,
10,I,I — 2024 (jan-dez),grupo,154,"Fabricação de partes para calçados, de qualquer material",atualizado,187,190,3.0,1.6043,divergente,
10,J,J — 2025 (jan-dez),grupo,154,"Fabricação de partes para calçados, de qualquer material",atualizado,284,288,4.0,1.4085,divergente,
10,K,K — Quantidade de estabelecimentos por porte(RAIS) (Metodologia Sebrae) 2022 / Microempresa,grupo,154,"Fabricação de partes para calçados, de qualquer material",indisponivel,,,,,nao_atualizado,Não há na biblioteca nem na API endpoint de estabelecimentos por porte da RAIS/metodologia Sebrae com recorte anual e 4 portes (ano 2022)
10,L,L — Empresa de pequeno porte,grupo,154,"Fabricação de partes para calçados, de qualquer material",indisponivel,,,,,nao_atualizado,Não há na biblioteca nem na API endpoint de estabelecimentos por porte da RAIS/metodologia Sebrae com recorte anual e 4 portes (ano 2022)
10,M,M — Empresa de médio porte,grupo,154,"Fabricação de partes para calçados, de qualquer material",indisponivel,,,,,nao_atualizado,Não há na biblioteca nem na API endpoint de estabelecimentos por porte da RAIS/metodologia Sebrae com recorte anual e 4 portes (ano 2022)
10,N,N — Grande empresa,grupo,154,"Fabricação de partes para calçados, de qualquer material",indisponivel,,,,,nao_atualizado,Não há na biblioteca nem na API endpoint de estabelecimentos por porte da RAIS/metodologia Sebrae com recorte anual e 4 portes (ano 2022)
10,O,O — Quantidade de estabelecimentos por porte(RAIS completa) (Metodologia Sebrae) 2023 / Microempresa,grupo,154,"Fabricação de partes para calçados, de qualquer material",indisponivel,6395,6395,0.0,0.0,nao_atualizado,Não há na biblioteca nem na API endpoint de estabelecimentos por porte da RAIS/metodologia Sebrae com recorte anual e 4 portes (ano 2023)
10,P,P — Empresa de pequeno porte,grupo,154,"Fabricação de partes para calçados, de qualquer material",indisponivel,630,630,0.0,0.0,nao_atualizado,Não há na biblioteca nem na API endpoint de estabelecimentos por porte da RAIS/metodologia Sebrae com recorte anual e 4 portes (ano 2023)
10,Q,Q — Empresa de médio porte,grupo,154,"Fabricação de partes para calçados, de qualquer material",indisponivel,58,58,0.0,0.0,nao_atualizado,Não há na biblioteca nem na API endpoint de estabelecimentos por porte da RAIS/metodologia Sebrae com recorte anual e 4 portes (ano 2023)
10,R,R — Grande empresa,grupo,154,"Fabricação de partes para calçados, de qualquer material",indisponivel,1,1,0.0,0.0,nao_atualizado,Não há na biblioteca nem na API endpoint de estabelecimentos por porte da RAIS/metodologia Sebrae com recorte anual e 4 portes (ano 2023)
10,S,S — Quantidade de estabelecimentos por porte(RAIS) (Metodologia Sebrae) 2024 / Microempresa,grupo,154,"Fabricação de partes para calçados, de qualquer material",indisponivel,6756,6756,0.0,0.0,nao_atualizado,Não há na biblioteca nem na API endpoint de estabelecimentos por porte da RAIS/metodologia Sebrae com recorte anual e 4 portes (ano 2024)
10,T,T — Empresa de pequeno porte,grupo,154,"Fabricação de partes para calçados, de qualquer material",indisponivel,630,630,0.0,0.0,nao_atualizado,Não há na biblioteca nem na API endpoint de estabelecimentos por porte da RAIS/metodologia Sebrae com recorte anual e 4 portes (ano 2024)
10,U,U — Empresa de médio porte,grupo,154,"Fabricação de partes para calçados, de qualquer material",indisponivel,61,61,0.0,0.0,nao_atualizado,Não há na biblioteca nem na API endpoint de estabelecimentos por porte da RAIS/metodologia Sebrae com recorte anual e 4 portes (ano 2024)
10,V,V — Grande empresa,grupo,154,"Fabricação de partes para calçados, de qualquer material",indisponivel,4,4,0.0,0.0,nao_atualizado,Não há na biblioteca nem na API endpoint de estabelecimentos por porte da RAIS/metodologia Sebrae com recorte anual e 4 portes (ano 2024)
11,D,D — EMPREGOS / Estoque 2022,grupo,162,"Fabricação de produtos de madeira, cortiça e material trançado, exceto móveis",atualizado,104545,104545,0.0,0.0,identico,
11,E,E — Estoque 2023,grupo,162,"Fabricação de produtos de madeira, cortiça e material trançado, exceto móveis",atualizado,103402,102027,-1375.0,-1.3298,divergente,
11,F,F — Estoque 2024,grupo,162,"Fabricação de produtos de madeira, cortiça e material trançado, exceto móveis",atualizado,105918,104380,-1538.0,-1.4521,divergente,
11,G,G — Estoque 2025,grupo,162,"Fabricação de produtos de madeira, cortiça e material trançado, exceto móveis",formula_preservada,103108,101561,-1547.0,-1.5004,divergente,estoque projetado = coluna F + coluna J
11,H,H — Saldo / 2023 (jan-dez),grupo,162,"Fabricação de produtos de madeira, cortiça e material trançado, exceto móveis",atualizado,-1272,-1273,-1.0,-0.0786,divergente,
11,I,I — 2024 (jan-dez),grupo,162,"Fabricação de produtos de madeira, cortiça e material trançado, exceto móveis",atualizado,2644,2647,3.0,0.1135,divergente,
11,J,J — 2025 (jan-dez),grupo,162,"Fabricação de produtos de madeira, cortiça e material trançado, exceto móveis",atualizado,-2810,-2819,-9.0,-0.3203,divergente,
11,K,K — Quantidade de estabelecimentos por porte(RAIS) (Metodologia Sebrae) 2022 / Microempresa,grupo,162,"Fabricação de produtos de madeira, cortiça e material trançado, exceto móveis",indisponivel,,,,,nao_atualizado,Não há na biblioteca nem na API endpoint de estabelecimentos por porte da RAIS/metodologia Sebrae com recorte anual e 4 portes (ano 2022)
11,L,L — Empresa de pequeno porte,grupo,162,"Fabricação de produtos de madeira, cortiça e material trançado, exceto móveis",indisponivel,,,,,nao_atualizado,Não há na biblioteca nem na API endpoint de estabelecimentos por porte da RAIS/metodologia Sebrae com recorte anual e 4 portes (ano 2022)
11,M,M — Empresa de médio porte,grupo,162,"Fabricação de produtos de madeira, cortiça e material trançado, exceto móveis",indisponivel,,,,,nao_atualizado,Não há na biblioteca nem na API endpoint de estabelecimentos por porte da RAIS/metodologia Sebrae com recorte anual e 4 portes (ano 2022)
11,N,N — Grande empresa,grupo,162,"Fabricação de produtos de madeira, cortiça e material trançado, exceto móveis",indisponivel,,,,,nao_atualizado,Não há na biblioteca nem na API endpoint de estabelecimentos por porte da RAIS/metodologia Sebrae com recorte anual e 4 portes (ano 2022)
11,O,O — Quantidade de estabelecimentos por porte(RAIS completa) (Metodologia Sebrae) 2023 / Microempresa,grupo,162,"Fabricação de produtos de madeira, cortiça e material trançado, exceto móveis",indisponivel,25948,25948,0.0,0.0,nao_atualizado,Não há na biblioteca nem na API endpoint de estabelecimentos por porte da RAIS/metodologia Sebrae com recorte anual e 4 portes (ano 2023)
11,P,P — Empresa de pequeno porte,grupo,162,"Fabricação de produtos de madeira, cortiça e material trançado, exceto móveis",indisponivel,974,974,0.0,0.0,nao_atualizado,Não há na biblioteca nem na API endpoint de estabelecimentos por porte da RAIS/metodologia Sebrae com recorte anual e 4 portes (ano 2023)
11,Q,Q — Empresa de médio porte,grupo,162,"Fabricação de produtos de madeira, cortiça e material trançado, exceto móveis",indisponivel,153,153,0.0,0.0,nao_atualizado,Não há na biblioteca nem na API endpoint de estabelecimentos por porte da RAIS/metodologia Sebrae com recorte anual e 4 portes (ano 2023)
11,R,R — Grande empresa,grupo,162,"Fabricação de produtos de madeira, cortiça e material trançado, exceto móveis",indisponivel,11,11,0.0,0.0,nao_atualizado,Não há na biblioteca nem na API endpoint de estabelecimentos por porte da RAIS/metodologia Sebrae com recorte anual e 4 portes (ano 2023)
11,S,S — Quantidade de estabelecimentos por porte(RAIS) (Metodologia Sebrae) 2024 / Microempresa,grupo,162,"Fabricação de produtos de madeira, cortiça e material trançado, exceto móveis",indisponivel,27445,27445,0.0,0.0,nao_atualizado,Não há na biblioteca nem na API endpoint de estabelecimentos por porte da RAIS/metodologia Sebrae com recorte anual e 4 portes (ano 2024)
11,T,T — Empresa de pequeno porte,grupo,162,"Fabricação de produtos de madeira, cortiça e material trançado, exceto móveis",indisponivel,972,972,0.0,0.0,nao_atualizado,Não há na biblioteca nem na API endpoint de estabelecimentos por porte da RAIS/metodologia Sebrae com recorte anual e 4 portes (ano 2024)
11,U,U — Empresa de médio porte,grupo,162,"Fabricação de produtos de madeira, cortiça e material trançado, exceto móveis",indisponivel,150,150,0.0,0.0,nao_atualizado,Não há na biblioteca nem na API endpoint de estabelecimentos por porte da RAIS/metodologia Sebrae com recorte anual e 4 portes (ano 2024)
11,V,V — Grande empresa,grupo,162,"Fabricação de produtos de madeira, cortiça e material trançado, exceto móveis",indisponivel,14,14,0.0,0.0,nao_atualizado,Não há na biblioteca nem na API endpoint de estabelecimentos por porte da RAIS/metodologia Sebrae com recorte anual e 4 portes (ano 2024)
12,D,D — EMPREGOS / Estoque 2022,grupo,181,Atividade de impressão,atualizado,76700,76700,0.0,0.0,identico,
12,E,E — Estoque 2023,grupo,181,Atividade de impressão,atualizado,79928,78887,-1041.0,-1.3024,divergente,
12,F,F — Estoque 2024,grupo,181,Atividade de impressão,atualizado,84336,83051,-1285.0,-1.5237,divergente,
12,G,G — Estoque 2025,grupo,181,Atividade de impressão,formula_preservada,85756,84478,-1278.0,-1.4903,divergente,estoque projetado = coluna F + coluna J
12,H,H — Saldo / 2023 (jan-dez),grupo,181,Atividade de impressão,atualizado,2397,2402,5.0,0.2086,divergente,
12,I,I — 2024 (jan-dez),grupo,181,Atividade de impressão,atualizado,4090,4106,16.0,0.3912,divergente,
12,J,J — 2025 (jan-dez),grupo,181,Atividade de impressão,atualizado,1420,1427,7.0,0.493,divergente,
12,K,K — Quantidade de estabelecimentos por porte(RAIS) (Metodologia Sebrae) 2022 / Microempresa,grupo,181,Atividade de impressão,indisponivel,,,,,nao_atualizado,Não há na biblioteca nem na API endpoint de estabelecimentos por porte da RAIS/metodologia Sebrae com recorte anual e 4 portes (ano 2022)
12,L,L — Empresa de pequeno porte,grupo,181,Atividade de impressão,indisponivel,,,,,nao_atualizado,Não há na biblioteca nem na API endpoint de estabelecimentos por porte da RAIS/metodologia Sebrae com recorte anual e 4 portes (ano 2022)
12,M,M — Empresa de médio porte,grupo,181,Atividade de impressão,indisponivel,,,,,nao_atualizado,Não há na biblioteca nem na API endpoint de estabelecimentos por porte da RAIS/metodologia Sebrae com recorte anual e 4 portes (ano 2022)
12,N,N — Grande empresa,grupo,181,Atividade de impressão,indisponivel,,,,,nao_atualizado,Não há na biblioteca nem na API endpoint de estabelecimentos por porte da RAIS/metodologia Sebrae com recorte anual e 4 portes (ano 2022)
12,O,O — Quantidade de estabelecimentos por porte(RAIS completa) (Metodologia Sebrae) 2023 / Microempresa,grupo,181,Atividade de impressão,indisponivel,19262,19262,0.0,0.0,nao_atualizado,Não há na biblioteca nem na API endpoint de estabelecimentos por porte da RAIS/metodologia Sebrae com recorte anual e 4 portes (ano 2023)
12,P,P — Empresa de pequeno porte,grupo,181,Atividade de impressão,indisponivel,535,535,0.0,0.0,nao_atualizado,Não há na biblioteca nem na API endpoint de estabelecimentos por porte da RAIS/metodologia Sebrae com recorte anual e 4 portes (ano 2023)
12,Q,Q — Empresa de médio porte,grupo,181,Atividade de impressão,indisponivel,79,79,0.0,0.0,nao_atualizado,Não há na biblioteca nem na API endpoint de estabelecimentos por porte da RAIS/metodologia Sebrae com recorte anual e 4 portes (ano 2023)
12,R,R — Grande empresa,grupo,181,Atividade de impressão,indisponivel,4,4,0.0,0.0,nao_atualizado,Não há na biblioteca nem na API endpoint de estabelecimentos por porte da RAIS/metodologia Sebrae com recorte anual e 4 portes (ano 2023)
12,S,S — Quantidade de estabelecimentos por porte(RAIS) (Metodologia Sebrae) 2024 / Microempresa,grupo,181,Atividade de impressão,indisponivel,20798,20798,0.0,0.0,nao_atualizado,Não há na biblioteca nem na API endpoint de estabelecimentos por porte da RAIS/metodologia Sebrae com recorte anual e 4 portes (ano 2024)
12,T,T — Empresa de pequeno porte,grupo,181,Atividade de impressão,indisponivel,554,554,0.0,0.0,nao_atualizado,Não há na biblioteca nem na API endpoint de estabelecimentos por porte da RAIS/metodologia Sebrae com recorte anual e 4 portes (ano 2024)
12,U,U — Empresa de médio porte,grupo,181,Atividade de impressão,indisponivel,82,82,0.0,0.0,nao_atualizado,Não há na biblioteca nem na API endpoint de estabelecimentos por porte da RAIS/metodologia Sebrae com recorte anual e 4 portes (ano 2024)
12,V,V — Grande empresa,grupo,181,Atividade de impressão,indisponivel,5,5,0.0,0.0,nao_atualizado,Não há na biblioteca nem na API endpoint de estabelecimentos por porte da RAIS/metodologia Sebrae com recorte anual e 4 portes (ano 2024)
13,D,D — EMPREGOS / Estoque 2022,grupo,183,Reprodução de materiais gravados em qualquer suporte,atualizado,1488,1488,0.0,0.0,identico,
13,E,E — Estoque 2023,grupo,183,Reprodução de materiais gravados em qualquer suporte,atualizado,1382,1371,-11.0,-0.7959,divergente,
13,F,F — Estoque 2024,grupo,183,Reprodução de materiais gravados em qualquer suporte,atualizado,1456,1410,-46.0,-3.1593,divergente,
13,G,G — Estoque 2025,grupo,183,Reprodução de materiais gravados em qualquer suporte,formula_preservada,1648,1602,-46.0,-2.7913,divergente,estoque projetado = coluna F + coluna J
13,H,H — Saldo / 2023 (jan-dez),grupo,183,Reprodução de materiais gravados em qualquer suporte,atualizado,64,64,0.0,0.0,identico,
13,I,I — 2024 (jan-dez),grupo,183,Reprodução de materiais gravados em qualquer suporte,atualizado,36,36,0.0,0.0,identico,
13,J,J — 2025 (jan-dez),grupo,183,Reprodução de materiais gravados em qualquer suporte,atualizado,192,192,0.0,0.0,identico,
13,K,K — Quantidade de estabelecimentos por porte(RAIS) (Metodologia Sebrae) 2022 / Microempresa,grupo,183,Reprodução de materiais gravados em qualquer suporte,indisponivel,,,,,nao_atualizado,Não há na biblioteca nem na API endpoint de estabelecimentos por porte da RAIS/metodologia Sebrae com recorte anual e 4 portes (ano 2022)
13,L,L — Empresa de pequeno porte,grupo,183,Reprodução de materiais gravados em qualquer suporte,indisponivel,,,,,nao_atualizado,Não há na biblioteca nem na API endpoint de estabelecimentos por porte da RAIS/metodologia Sebrae com recorte anual e 4 portes (ano 2022)
13,M,M — Empresa de médio porte,grupo,183,Reprodução de materiais gravados em qualquer suporte,indisponivel,,,,,nao_atualizado,Não há na biblioteca nem na API endpoint de estabelecimentos por porte da RAIS/metodologia Sebrae com recorte anual e 4 portes (ano 2022)
13,N,N — Grande empresa,grupo,183,Reprodução de materiais gravados em qualquer suporte,indisponivel,,,,,nao_atualizado,Não há na biblioteca nem na API endpoint de estabelecimentos por porte da RAIS/metodologia Sebrae com recorte anual e 4 portes (ano 2022)
13,O,O — Quantidade de estabelecimentos por porte(RAIS completa) (Metodologia Sebrae) 2023 / Microempresa,grupo,183,Reprodução de materiais gravados em qualquer suporte,indisponivel,926,926,0.0,0.0,nao_atualizado,Não há na biblioteca nem na API endpoint de estabelecimentos por porte da RAIS/metodologia Sebrae com recorte anual e 4 portes (ano 2023)
13,P,P — Empresa de pequeno porte,grupo,183,Reprodução de materiais gravados em qualquer suporte,indisponivel,17,17,0.0,0.0,nao_atualizado,Não há na biblioteca nem na API endpoint de estabelecimentos por porte da RAIS/metodologia Sebrae com recorte anual e 4 portes (ano 2023)
13,Q,Q — Empresa de médio porte,grupo,183,Reprodução de materiais gravados em qualquer suporte,indisponivel,2,2,0.0,0.0,nao_atualizado,Não há na biblioteca nem na API endpoint de estabelecimentos por porte da RAIS/metodologia Sebrae com recorte anual e 4 portes (ano 2023)
13,R,R — Grande empresa,grupo,183,Reprodução de materiais gravados em qualquer suporte,indisponivel,null,null,,,nao_atualizado,Não há na biblioteca nem na API endpoint de estabelecimentos por porte da RAIS/metodologia Sebrae com recorte anual e 4 portes (ano 2023)
13,S,S — Quantidade de estabelecimentos por porte(RAIS) (Metodologia Sebrae) 2024 / Microempresa,grupo,183,Reprodução de materiais gravados em qualquer suporte,indisponivel,1060,1060,0.0,0.0,nao_atualizado,Não há na biblioteca nem na API endpoint de estabelecimentos por porte da RAIS/metodologia Sebrae com recorte anual e 4 portes (ano 2024)
13,T,T — Empresa de pequeno porte,grupo,183,Reprodução de materiais gravados em qualquer suporte,indisponivel,19,19,0.0,0.0,nao_atualizado,Não há na biblioteca nem na API endpoint de estabelecimentos por porte da RAIS/metodologia Sebrae com recorte anual e 4 portes (ano 2024)
13,U,U — Empresa de médio porte,grupo,183,Reprodução de materiais gravados em qualquer suporte,indisponivel,2,2,0.0,0.0,nao_atualizado,Não há na biblioteca nem na API endpoint de estabelecimentos por porte da RAIS/metodologia Sebrae com recorte anual e 4 portes (ano 2024)
13,V,V — Grande empresa,grupo,183,Reprodução de materiais gravados em qualquer suporte,indisponivel,null,null,,,nao_atualizado,Não há na biblioteca nem na API endpoint de estabelecimentos por porte da RAIS/metodologia Sebrae com recorte anual e 4 portes (ano 2024)
14,D,D — EMPREGOS / Estoque 2022,grupo,221,Fabricação de produtos de borracha,atualizado,96646,96646,0.0,0.0,identico,
14,E,E — Estoque 2023,grupo,221,Fabricação de produtos de borracha,atualizado,95608,95073,-535.0,-0.5596,divergente,
14,F,F — Estoque 2024,grupo,221,Fabricação de produtos de borracha,atualizado,98763,98137,-626.0,-0.6338,divergente,
14,G,G — Estoque 2025,grupo,221,Fabricação de produtos de borracha,formula_preservada,97537,96907,-630.0,-0.6459,divergente,estoque projetado = coluna F + coluna J
14,H,H — Saldo / 2023 (jan-dez),grupo,221,Fabricação de produtos de borracha,atualizado,-67,-68,-1.0,-1.4925,divergente,
14,I,I — 2024 (jan-dez),grupo,221,Fabricação de produtos de borracha,atualizado,2583,2585,2.0,0.0774,divergente,
14,J,J — 2025 (jan-dez),grupo,221,Fabricação de produtos de borracha,atualizado,-1226,-1230,-4.0,-0.3263,divergente,
14,K,K — Quantidade de estabelecimentos por porte(RAIS) (Metodologia Sebrae) 2022 / Microempresa,grupo,221,Fabricação de produtos de borracha,indisponivel,,,,,nao_atualizado,Não há na biblioteca nem na API endpoint de estabelecimentos por porte da RAIS/metodologia Sebrae com recorte anual e 4 portes (ano 2022)
14,L,L — Empresa de pequeno porte,grupo,221,Fabricação de produtos de borracha,indisponivel,,,,,nao_atualizado,Não há na biblioteca nem na API endpoint de estabelecimentos por porte da RAIS/metodologia Sebrae com recorte anual e 4 portes (ano 2022)
14,M,M — Empresa de médio porte,grupo,221,Fabricação de produtos de borracha,indisponivel,,,,,nao_atualizado,Não há na biblioteca nem na API endpoint de estabelecimentos por porte da RAIS/metodologia Sebrae com recorte anual e 4 portes (ano 2022)
14,N,N — Grande empresa,grupo,221,Fabricação de produtos de borracha,indisponivel,,,,,nao_atualizado,Não há na biblioteca nem na API endpoint de estabelecimentos por porte da RAIS/metodologia Sebrae com recorte anual e 4 portes (ano 2022)
14,O,O — Quantidade de estabelecimentos por porte(RAIS completa) (Metodologia Sebrae) 2023 / Microempresa,grupo,221,Fabricação de produtos de borracha,indisponivel,3194,3194,0.0,0.0,nao_atualizado,Não há na biblioteca nem na API endpoint de estabelecimentos por porte da RAIS/metodologia Sebrae com recorte anual e 4 portes (ano 2023)
14,P,P — Empresa de pequeno porte,grupo,221,Fabricação de produtos de borracha,indisponivel,550,550,0.0,0.0,nao_atualizado,Não há na biblioteca nem na API endpoint de estabelecimentos por porte da RAIS/metodologia Sebrae com recorte anual e 4 portes (ano 2023)
14,Q,Q — Empresa de médio porte,grupo,221,Fabricação de produtos de borracha,indisponivel,97,97,0.0,0.0,nao_atualizado,Não há na biblioteca nem na API endpoint de estabelecimentos por porte da RAIS/metodologia Sebrae com recorte anual e 4 portes (ano 2023)
14,R,R — Grande empresa,grupo,221,Fabricação de produtos de borracha,indisponivel,17,17,0.0,0.0,nao_atualizado,Não há na biblioteca nem na API endpoint de estabelecimentos por porte da RAIS/metodologia Sebrae com recorte anual e 4 portes (ano 2023)
14,S,S — Quantidade de estabelecimentos por porte(RAIS) (Metodologia Sebrae) 2024 / Microempresa,grupo,221,Fabricação de produtos de borracha,indisponivel,3334,3334,0.0,0.0,nao_atualizado,Não há na biblioteca nem na API endpoint de estabelecimentos por porte da RAIS/metodologia Sebrae com recorte anual e 4 portes (ano 2024)
14,T,T — Empresa de pequeno porte,grupo,221,Fabricação de produtos de borracha,indisponivel,560,560,0.0,0.0,nao_atualizado,Não há na biblioteca nem na API endpoint de estabelecimentos por porte da RAIS/metodologia Sebrae com recorte anual e 4 portes (ano 2024)
14,U,U — Empresa de médio porte,grupo,221,Fabricação de produtos de borracha,indisponivel,96,96,0.0,0.0,nao_atualizado,Não há na biblioteca nem na API endpoint de estabelecimentos por porte da RAIS/metodologia Sebrae com recorte anual e 4 portes (ano 2024)
14,V,V — Grande empresa,grupo,221,Fabricação de produtos de borracha,indisponivel,15,15,0.0,0.0,nao_atualizado,Não há na biblioteca nem na API endpoint de estabelecimentos por porte da RAIS/metodologia Sebrae com recorte anual e 4 portes (ano 2024)
15,D,D — EMPREGOS / Estoque 2022,grupo,231,Fabricação de vidro e de produtos do vidro,atualizado,46115,46115,0.0,0.0,identico,
15,E,E — Estoque 2023,grupo,231,Fabricação de vidro e de produtos do vidro,atualizado,45784,45365,-419.0,-0.9152,divergente,
15,F,F — Estoque 2024,grupo,231,Fabricação de vidro e de produtos do vidro,atualizado,47377,46908,-469.0,-0.9899,divergente,
15,G,G — Estoque 2025,grupo,231,Fabricação de vidro e de produtos do vidro,formula_preservada,47924,47458,-466.0,-0.9724,divergente,estoque projetado = coluna F + coluna J
15,H,H — Saldo / 2023 (jan-dez),grupo,231,Fabricação de vidro e de produtos do vidro,atualizado,61,61,0.0,0.0,identico,
15,I,I — 2024 (jan-dez),grupo,231,Fabricação de vidro e de produtos do vidro,atualizado,927,926,-1.0,-0.1079,divergente,
15,J,J — 2025 (jan-dez),grupo,231,Fabricação de vidro e de produtos do vidro,atualizado,547,550,3.0,0.5484,divergente,
15,K,K — Quantidade de estabelecimentos por porte(RAIS) (Metodologia Sebrae) 2022 / Microempresa,grupo,231,Fabricação de vidro e de produtos do vidro,indisponivel,,,,,nao_atualizado,Não há na biblioteca nem na API endpoint de estabelecimentos por porte da RAIS/metodologia Sebrae com recorte anual e 4 portes (ano 2022)
15,L,L — Empresa de pequeno porte,grupo,231,Fabricação de vidro e de produtos do vidro,indisponivel,,,,,nao_atualizado,Não há na biblioteca nem na API endpoint de estabelecimentos por porte da RAIS/metodologia Sebrae com recorte anual e 4 portes (ano 2022)
15,M,M — Empresa de médio porte,grupo,231,Fabricação de vidro e de produtos do vidro,indisponivel,,,,,nao_atualizado,Não há na biblioteca nem na API endpoint de estabelecimentos por porte da RAIS/metodologia Sebrae com recorte anual e 4 portes (ano 2022)
15,N,N — Grande empresa,grupo,231,Fabricação de vidro e de produtos do vidro,indisponivel,,,,,nao_atualizado,Não há na biblioteca nem na API endpoint de estabelecimentos por porte da RAIS/metodologia Sebrae com recorte anual e 4 portes (ano 2022)
15,O,O — Quantidade de estabelecimentos por porte(RAIS completa) (Metodologia Sebrae) 2023 / Microempresa,grupo,231,Fabricação de vidro e de produtos do vidro,indisponivel,1567,1567,0.0,0.0,nao_atualizado,Não há na biblioteca nem na API endpoint de estabelecimentos por porte da RAIS/metodologia Sebrae com recorte anual e 4 portes (ano 2023)
15,P,P — Empresa de pequeno porte,grupo,231,Fabricação de vidro e de produtos do vidro,indisponivel,326,326,0.0,0.0,nao_atualizado,Não há na biblioteca nem na API endpoint de estabelecimentos por porte da RAIS/metodologia Sebrae com recorte anual e 4 portes (ano 2023)
15,Q,Q — Empresa de médio porte,grupo,231,Fabricação de vidro e de produtos do vidro,indisponivel,73,73,0.0,0.0,nao_atualizado,Não há na biblioteca nem na API endpoint de estabelecimentos por porte da RAIS/metodologia Sebrae com recorte anual e 4 portes (ano 2023)
15,R,R — Grande empresa,grupo,231,Fabricação de vidro e de produtos do vidro,indisponivel,8,8,0.0,0.0,nao_atualizado,Não há na biblioteca nem na API endpoint de estabelecimentos por porte da RAIS/metodologia Sebrae com recorte anual e 4 portes (ano 2023)
15,S,S — Quantidade de estabelecimentos por porte(RAIS) (Metodologia Sebrae) 2024 / Microempresa,grupo,231,Fabricação de vidro e de produtos do vidro,indisponivel,1663,1663,0.0,0.0,nao_atualizado,Não há na biblioteca nem na API endpoint de estabelecimentos por porte da RAIS/metodologia Sebrae com recorte anual e 4 portes (ano 2024)
15,T,T — Empresa de pequeno porte,grupo,231,Fabricação de vidro e de produtos do vidro,indisponivel,320,320,0.0,0.0,nao_atualizado,Não há na biblioteca nem na API endpoint de estabelecimentos por porte da RAIS/metodologia Sebrae com recorte anual e 4 portes (ano 2024)
15,U,U — Empresa de médio porte,grupo,231,Fabricação de vidro e de produtos do vidro,indisponivel,76,76,0.0,0.0,nao_atualizado,Não há na biblioteca nem na API endpoint de estabelecimentos por porte da RAIS/metodologia Sebrae com recorte anual e 4 portes (ano 2024)
15,V,V — Grande empresa,grupo,231,Fabricação de vidro e de produtos do vidro,indisponivel,9,9,0.0,0.0,nao_atualizado,Não há na biblioteca nem na API endpoint de estabelecimentos por porte da RAIS/metodologia Sebrae com recorte anual e 4 portes (ano 2024)
16,D,D — EMPREGOS / Estoque 2022,grupo,252,"Fabricação de tanques, reservatórios metálicos e caldeiras",atualizado,10789,10789,0.0,0.0,identico,
16,E,E — Estoque 2023,grupo,252,"Fabricação de tanques, reservatórios metálicos e caldeiras",atualizado,11033,10930,-103.0,-0.9336,divergente,
16,F,F — Estoque 2024,grupo,252,"Fabricação de tanques, reservatórios metálicos e caldeiras",atualizado,11111,10803,-308.0,-2.772,divergente,
16,G,G — Estoque 2025,grupo,252,"Fabricação de tanques, reservatórios metálicos e caldeiras",formula_preservada,11123,10815,-308.0,-2.769,divergente,estoque projetado = coluna F + coluna J
16,H,H — Saldo / 2023 (jan-dez),grupo,252,"Fabricação de tanques, reservatórios metálicos e caldeiras",atualizado,535,535,0.0,0.0,identico,
16,I,I — 2024 (jan-dez),grupo,252,"Fabricação de tanques, reservatórios metálicos e caldeiras",atualizado,46,46,0.0,0.0,identico,
16,J,J — 2025 (jan-dez),grupo,252,"Fabricação de tanques, reservatórios metálicos e caldeiras",atualizado,12,12,0.0,0.0,identico,
16,K,K — Quantidade de estabelecimentos por porte(RAIS) (Metodologia Sebrae) 2022 / Microempresa,grupo,252,"Fabricação de tanques, reservatórios metálicos e caldeiras",indisponivel,,,,,nao_atualizado,Não há na biblioteca nem na API endpoint de estabelecimentos por porte da RAIS/metodologia Sebrae com recorte anual e 4 portes (ano 2022)
16,L,L — Empresa de pequeno porte,grupo,252,"Fabricação de tanques, reservatórios metálicos e caldeiras",indisponivel,,,,,nao_atualizado,Não há na biblioteca nem na API endpoint de estabelecimentos por porte da RAIS/metodologia Sebrae com recorte anual e 4 portes (ano 2022)
16,M,M — Empresa de médio porte,grupo,252,"Fabricação de tanques, reservatórios metálicos e caldeiras",indisponivel,,,,,nao_atualizado,Não há na biblioteca nem na API endpoint de estabelecimentos por porte da RAIS/metodologia Sebrae com recorte anual e 4 portes (ano 2022)
16,N,N — Grande empresa,grupo,252,"Fabricação de tanques, reservatórios metálicos e caldeiras",indisponivel,,,,,nao_atualizado,Não há na biblioteca nem na API endpoint de estabelecimentos por porte da RAIS/metodologia Sebrae com recorte anual e 4 portes (ano 2022)
16,O,O — Quantidade de estabelecimentos por porte(RAIS completa) (Metodologia Sebrae) 2023 / Microempresa,grupo,252,"Fabricação de tanques, reservatórios metálicos e caldeiras",indisponivel,672,672,0.0,0.0,nao_atualizado,Não há na biblioteca nem na API endpoint de estabelecimentos por porte da RAIS/metodologia Sebrae com recorte anual e 4 portes (ano 2023)
16,P,P — Empresa de pequeno porte,grupo,252,"Fabricação de tanques, reservatórios metálicos e caldeiras",indisponivel,81,81,0.0,0.0,nao_atualizado,Não há na biblioteca nem na API endpoint de estabelecimentos por porte da RAIS/metodologia Sebrae com recorte anual e 4 portes (ano 2023)
16,Q,Q — Empresa de médio porte,grupo,252,"Fabricação de tanques, reservatórios metálicos e caldeiras",indisponivel,21,21,0.0,0.0,nao_atualizado,Não há na biblioteca nem na API endpoint de estabelecimentos por porte da RAIS/metodologia Sebrae com recorte anual e 4 portes (ano 2023)
16,R,R — Grande empresa,grupo,252,"Fabricação de tanques, reservatórios metálicos e caldeiras",indisponivel,1,1,0.0,0.0,nao_atualizado,Não há na biblioteca nem na API endpoint de estabelecimentos por porte da RAIS/metodologia Sebrae com recorte anual e 4 portes (ano 2023)
16,S,S — Quantidade de estabelecimentos por porte(RAIS) (Metodologia Sebrae) 2024 / Microempresa,grupo,252,"Fabricação de tanques, reservatórios metálicos e caldeiras",indisponivel,683,683,0.0,0.0,nao_atualizado,Não há na biblioteca nem na API endpoint de estabelecimentos por porte da RAIS/metodologia Sebrae com recorte anual e 4 portes (ano 2024)
16,T,T — Empresa de pequeno porte,grupo,252,"Fabricação de tanques, reservatórios metálicos e caldeiras",indisponivel,89,89,0.0,0.0,nao_atualizado,Não há na biblioteca nem na API endpoint de estabelecimentos por porte da RAIS/metodologia Sebrae com recorte anual e 4 portes (ano 2024)
16,U,U — Empresa de médio porte,grupo,252,"Fabricação de tanques, reservatórios metálicos e caldeiras",indisponivel,22,22,0.0,0.0,nao_atualizado,Não há na biblioteca nem na API endpoint de estabelecimentos por porte da RAIS/metodologia Sebrae com recorte anual e 4 portes (ano 2024)
16,V,V — Grande empresa,grupo,252,"Fabricação de tanques, reservatórios metálicos e caldeiras",indisponivel,1,1,0.0,0.0,nao_atualizado,Não há na biblioteca nem na API endpoint de estabelecimentos por porte da RAIS/metodologia Sebrae com recorte anual e 4 portes (ano 2024)
17,D,D — EMPREGOS / Estoque 2022,grupo,254,"Fabricação de artigos de cutelaria, de serralheria e ferramentas",atualizado,66589,66589,0.0,0.0,identico,
17,E,E — Estoque 2023,grupo,254,"Fabricação de artigos de cutelaria, de serralheria e ferramentas",atualizado,66664,66017,-647.0,-0.9705,divergente,
17,F,F — Estoque 2024,grupo,254,"Fabricação de artigos de cutelaria, de serralheria e ferramentas",atualizado,69542,68655,-887.0,-1.2755,divergente,
17,G,G — Estoque 2025,grupo,254,"Fabricação de artigos de cutelaria, de serralheria e ferramentas",formula_preservada,69713,68807,-906.0,-1.2996,divergente,estoque projetado = coluna F + coluna J
17,H,H — Saldo / 2023 (jan-dez),grupo,254,"Fabricação de artigos de cutelaria, de serralheria e ferramentas",atualizado,1573,1573,0.0,0.0,identico,
17,I,I — 2024 (jan-dez),grupo,254,"Fabricação de artigos de cutelaria, de serralheria e ferramentas",atualizado,2772,2772,0.0,0.0,identico,
17,J,J — 2025 (jan-dez),grupo,254,"Fabricação de artigos de cutelaria, de serralheria e ferramentas",atualizado,171,152,-19.0,-11.1111,divergente,
17,K,K — Quantidade de estabelecimentos por porte(RAIS) (Metodologia Sebrae) 2022 / Microempresa,grupo,254,"Fabricação de artigos de cutelaria, de serralheria e ferramentas",indisponivel,,,,,nao_atualizado,Não há na biblioteca nem na API endpoint de estabelecimentos por porte da RAIS/metodologia Sebrae com recorte anual e 4 portes (ano 2022)
17,L,L — Empresa de pequeno porte,grupo,254,"Fabricação de artigos de cutelaria, de serralheria e ferramentas",indisponivel,,,,,nao_atualizado,Não há na biblioteca nem na API endpoint de estabelecimentos por porte da RAIS/metodologia Sebrae com recorte anual e 4 portes (ano 2022)
17,M,M — Empresa de médio porte,grupo,254,"Fabricação de artigos de cutelaria, de serralheria e ferramentas",indisponivel,,,,,nao_atualizado,Não há na biblioteca nem na API endpoint de estabelecimentos por porte da RAIS/metodologia Sebrae com recorte anual e 4 portes (ano 2022)
17,N,N — Grande empresa,grupo,254,"Fabricação de artigos de cutelaria, de serralheria e ferramentas",indisponivel,,,,,nao_atualizado,Não há na biblioteca nem na API endpoint de estabelecimentos por porte da RAIS/metodologia Sebrae com recorte anual e 4 portes (ano 2022)
17,O,O — Quantidade de estabelecimentos por porte(RAIS completa) (Metodologia Sebrae) 2023 / Microempresa,grupo,254,"Fabricação de artigos de cutelaria, de serralheria e ferramentas",indisponivel,15730,15730,0.0,0.0,nao_atualizado,Não há na biblioteca nem na API endpoint de estabelecimentos por porte da RAIS/metodologia Sebrae com recorte anual e 4 portes (ano 2023)
17,P,P — Empresa de pequeno porte,grupo,254,"Fabricação de artigos de cutelaria, de serralheria e ferramentas",indisponivel,424,424,0.0,0.0,nao_atualizado,Não há na biblioteca nem na API endpoint de estabelecimentos por porte da RAIS/metodologia Sebrae com recorte anual e 4 portes (ano 2023)
17,Q,Q — Empresa de médio porte,grupo,254,"Fabricação de artigos de cutelaria, de serralheria e ferramentas",indisponivel,57,57,0.0,0.0,nao_atualizado,Não há na biblioteca nem na API endpoint de estabelecimentos por porte da RAIS/metodologia Sebrae com recorte anual e 4 portes (ano 2023)
17,R,R — Grande empresa,grupo,254,"Fabricação de artigos de cutelaria, de serralheria e ferramentas",indisponivel,4,4,0.0,0.0,nao_atualizado,Não há na biblioteca nem na API endpoint de estabelecimentos por porte da RAIS/metodologia Sebrae com recorte anual e 4 portes (ano 2023)
17,S,S — Quantidade de estabelecimentos por porte(RAIS) (Metodologia Sebrae) 2024 / Microempresa,grupo,254,"Fabricação de artigos de cutelaria, de serralheria e ferramentas",indisponivel,17905,17905,0.0,0.0,nao_atualizado,Não há na biblioteca nem na API endpoint de estabelecimentos por porte da RAIS/metodologia Sebrae com recorte anual e 4 portes (ano 2024)
17,T,T — Empresa de pequeno porte,grupo,254,"Fabricação de artigos de cutelaria, de serralheria e ferramentas",indisponivel,449,449,0.0,0.0,nao_atualizado,Não há na biblioteca nem na API endpoint de estabelecimentos por porte da RAIS/metodologia Sebrae com recorte anual e 4 portes (ano 2024)
17,U,U — Empresa de médio porte,grupo,254,"Fabricação de artigos de cutelaria, de serralheria e ferramentas",indisponivel,57,57,0.0,0.0,nao_atualizado,Não há na biblioteca nem na API endpoint de estabelecimentos por porte da RAIS/metodologia Sebrae com recorte anual e 4 portes (ano 2024)
17,V,V — Grande empresa,grupo,254,"Fabricação de artigos de cutelaria, de serralheria e ferramentas",indisponivel,6,6,0.0,0.0,nao_atualizado,Não há na biblioteca nem na API endpoint de estabelecimentos por porte da RAIS/metodologia Sebrae com recorte anual e 4 portes (ano 2024)
18,D,D — EMPREGOS / Estoque 2022,grupo,261,Fabricação de componentes eletrônicos,atualizado,31925,31925,0.0,0.0,identico,
18,E,E — Estoque 2023,grupo,261,Fabricação de componentes eletrônicos,atualizado,29799,29713,-86.0,-0.2886,divergente,
18,F,F — Estoque 2024,grupo,261,Fabricação de componentes eletrônicos,atualizado,31064,30948,-116.0,-0.3734,divergente,
18,G,G — Estoque 2025,grupo,261,Fabricação de componentes eletrônicos,formula_preservada,30651,30538,-113.0,-0.3687,divergente,estoque projetado = coluna F + coluna J
18,H,H — Saldo / 2023 (jan-dez),grupo,261,Fabricação de componentes eletrônicos,atualizado,-2404,-2404,0.0,0.0,identico,
18,I,I — 2024 (jan-dez),grupo,261,Fabricação de componentes eletrônicos,atualizado,1321,1320,-1.0,-0.0757,divergente,
18,J,J — 2025 (jan-dez),grupo,261,Fabricação de componentes eletrônicos,atualizado,-413,-410,3.0,0.7264,divergente,
18,K,K — Quantidade de estabelecimentos por porte(RAIS) (Metodologia Sebrae) 2022 / Microempresa,grupo,261,Fabricação de componentes eletrônicos,indisponivel,,,,,nao_atualizado,Não há na biblioteca nem na API endpoint de estabelecimentos por porte da RAIS/metodologia Sebrae com recorte anual e 4 portes (ano 2022)
18,L,L — Empresa de pequeno porte,grupo,261,Fabricação de componentes eletrônicos,indisponivel,,,,,nao_atualizado,Não há na biblioteca nem na API endpoint de estabelecimentos por porte da RAIS/metodologia Sebrae com recorte anual e 4 portes (ano 2022)
18,M,M — Empresa de médio porte,grupo,261,Fabricação de componentes eletrônicos,indisponivel,,,,,nao_atualizado,Não há na biblioteca nem na API endpoint de estabelecimentos por porte da RAIS/metodologia Sebrae com recorte anual e 4 portes (ano 2022)
18,N,N — Grande empresa,grupo,261,Fabricação de componentes eletrônicos,indisponivel,,,,,nao_atualizado,Não há na biblioteca nem na API endpoint de estabelecimentos por porte da RAIS/metodologia Sebrae com recorte anual e 4 portes (ano 2022)
18,O,O — Quantidade de estabelecimentos por porte(RAIS completa) (Metodologia Sebrae) 2023 / Microempresa,grupo,261,Fabricação de componentes eletrônicos,indisponivel,1082,1082,0.0,0.0,nao_atualizado,Não há na biblioteca nem na API endpoint de estabelecimentos por porte da RAIS/metodologia Sebrae com recorte anual e 4 portes (ano 2023)
18,P,P — Empresa de pequeno porte,grupo,261,Fabricação de componentes eletrônicos,indisponivel,178,178,0.0,0.0,nao_atualizado,Não há na biblioteca nem na API endpoint de estabelecimentos por porte da RAIS/metodologia Sebrae com recorte anual e 4 portes (ano 2023)
18,Q,Q — Empresa de médio porte,grupo,261,Fabricação de componentes eletrônicos,indisponivel,49,49,0.0,0.0,nao_atualizado,Não há na biblioteca nem na API endpoint de estabelecimentos por porte da RAIS/metodologia Sebrae com recorte anual e 4 portes (ano 2023)
18,R,R — Grande empresa,grupo,261,Fabricação de componentes eletrônicos,indisponivel,6,6,0.0,0.0,nao_atualizado,Não há na biblioteca nem na API endpoint de estabelecimentos por porte da RAIS/metodologia Sebrae com recorte anual e 4 portes (ano 2023)
18,S,S — Quantidade de estabelecimentos por porte(RAIS) (Metodologia Sebrae) 2024 / Microempresa,grupo,261,Fabricação de componentes eletrônicos,indisponivel,1134,1134,0.0,0.0,nao_atualizado,Não há na biblioteca nem na API endpoint de estabelecimentos por porte da RAIS/metodologia Sebrae com recorte anual e 4 portes (ano 2024)
18,T,T — Empresa de pequeno porte,grupo,261,Fabricação de componentes eletrônicos,indisponivel,178,178,0.0,0.0,nao_atualizado,Não há na biblioteca nem na API endpoint de estabelecimentos por porte da RAIS/metodologia Sebrae com recorte anual e 4 portes (ano 2024)
18,U,U — Empresa de médio porte,grupo,261,Fabricação de componentes eletrônicos,indisponivel,49,49,0.0,0.0,nao_atualizado,Não há na biblioteca nem na API endpoint de estabelecimentos por porte da RAIS/metodologia Sebrae com recorte anual e 4 portes (ano 2024)
18,V,V — Grande empresa,grupo,261,Fabricação de componentes eletrônicos,indisponivel,9,9,0.0,0.0,nao_atualizado,Não há na biblioteca nem na API endpoint de estabelecimentos por porte da RAIS/metodologia Sebrae com recorte anual e 4 portes (ano 2024)
19,D,D — EMPREGOS / Estoque 2022,grupo,262,Fabricação de equipamentos de informática e periféricos,atualizado,30949,30949,0.0,0.0,identico,
19,E,E — Estoque 2023,grupo,262,Fabricação de equipamentos de informática e periféricos,atualizado,27437,27338,-99.0,-0.3608,divergente,
19,F,F — Estoque 2024,grupo,262,Fabricação de equipamentos de informática e periféricos,atualizado,27489,27381,-108.0,-0.3929,divergente,
19,G,G — Estoque 2025,grupo,262,Fabricação de equipamentos de informática e periféricos,formula_preservada,27680,27560,-120.0,-0.4335,divergente,estoque projetado = coluna F + coluna J
19,H,H — Saldo / 2023 (jan-dez),grupo,262,Fabricação de equipamentos de informática e periféricos,atualizado,-2423,-2423,0.0,0.0,identico,
19,I,I — 2024 (jan-dez),grupo,262,Fabricação de equipamentos de informática e periféricos,atualizado,-244,-244,0.0,0.0,identico,
19,J,J — 2025 (jan-dez),grupo,262,Fabricação de equipamentos de informática e periféricos,atualizado,191,179,-12.0,-6.2827,divergente,
19,K,K — Quantidade de estabelecimentos por porte(RAIS) (Metodologia Sebrae) 2022 / Microempresa,grupo,262,Fabricação de equipamentos de informática e periféricos,indisponivel,,,,,nao_atualizado,Não há na biblioteca nem na API endpoint de estabelecimentos por porte da RAIS/metodologia Sebrae com recorte anual e 4 portes (ano 2022)
19,L,L — Empresa de pequeno porte,grupo,262,Fabricação de equipamentos de informática e periféricos,indisponivel,,,,,nao_atualizado,Não há na biblioteca nem na API endpoint de estabelecimentos por porte da RAIS/metodologia Sebrae com recorte anual e 4 portes (ano 2022)
19,M,M — Empresa de médio porte,grupo,262,Fabricação de equipamentos de informática e periféricos,indisponivel,,,,,nao_atualizado,Não há na biblioteca nem na API endpoint de estabelecimentos por porte da RAIS/metodologia Sebrae com recorte anual e 4 portes (ano 2022)
19,N,N — Grande empresa,grupo,262,Fabricação de equipamentos de informática e periféricos,indisponivel,,,,,nao_atualizado,Não há na biblioteca nem na API endpoint de estabelecimentos por porte da RAIS/metodologia Sebrae com recorte anual e 4 portes (ano 2022)
19,O,O — Quantidade de estabelecimentos por porte(RAIS completa) (Metodologia Sebrae) 2023 / Microempresa,grupo,262,Fabricação de equipamentos de informática e periféricos,indisponivel,605,605,0.0,0.0,nao_atualizado,Não há na biblioteca nem na API endpoint de estabelecimentos por porte da RAIS/metodologia Sebrae com recorte anual e 4 portes (ano 2023)
19,P,P — Empresa de pequeno porte,grupo,262,Fabricação de equipamentos de informática e periféricos,indisponivel,69,69,0.0,0.0,nao_atualizado,Não há na biblioteca nem na API endpoint de estabelecimentos por porte da RAIS/metodologia Sebrae com recorte anual e 4 portes (ano 2023)
19,Q,Q — Empresa de médio porte,grupo,262,Fabricação de equipamentos de informática e periféricos,indisponivel,26,26,0.0,0.0,nao_atualizado,Não há na biblioteca nem na API endpoint de estabelecimentos por porte da RAIS/metodologia Sebrae com recorte anual e 4 portes (ano 2023)
19,R,R — Grande empresa,grupo,262,Fabricação de equipamentos de informática e periféricos,indisponivel,8,8,0.0,0.0,nao_atualizado,Não há na biblioteca nem na API endpoint de estabelecimentos por porte da RAIS/metodologia Sebrae com recorte anual e 4 portes (ano 2023)
19,S,S — Quantidade de estabelecimentos por porte(RAIS) (Metodologia Sebrae) 2024 / Microempresa,grupo,262,Fabricação de equipamentos de informática e periféricos,indisponivel,630,630,0.0,0.0,nao_atualizado,Não há na biblioteca nem na API endpoint de estabelecimentos por porte da RAIS/metodologia Sebrae com recorte anual e 4 portes (ano 2024)
19,T,T — Empresa de pequeno porte,grupo,262,Fabricação de equipamentos de informática e periféricos,indisponivel,71,71,0.0,0.0,nao_atualizado,Não há na biblioteca nem na API endpoint de estabelecimentos por porte da RAIS/metodologia Sebrae com recorte anual e 4 portes (ano 2024)
19,U,U — Empresa de médio porte,grupo,262,Fabricação de equipamentos de informática e periféricos,indisponivel,26,26,0.0,0.0,nao_atualizado,Não há na biblioteca nem na API endpoint de estabelecimentos por porte da RAIS/metodologia Sebrae com recorte anual e 4 portes (ano 2024)
19,V,V — Grande empresa,grupo,262,Fabricação de equipamentos de informática e periféricos,indisponivel,9,9,0.0,0.0,nao_atualizado,Não há na biblioteca nem na API endpoint de estabelecimentos por porte da RAIS/metodologia Sebrae com recorte anual e 4 portes (ano 2024)
20,D,D — EMPREGOS / Estoque 2022,grupo,263,Fabricação de equipamentos de comunicação,atualizado,18792,18792,0.0,0.0,identico,
20,E,E — Estoque 2023,grupo,263,Fabricação de equipamentos de comunicação,atualizado,17581,17565,-16.0,-0.091,divergente,
20,F,F — Estoque 2024,grupo,263,Fabricação de equipamentos de comunicação,atualizado,19520,19504,-16.0,-0.082,divergente,
20,G,G — Estoque 2025,grupo,263,Fabricação de equipamentos de comunicação,formula_preservada,18336,18319,-17.0,-0.0927,divergente,estoque projetado = coluna F + coluna J
20,H,H — Saldo / 2023 (jan-dez),grupo,263,Fabricação de equipamentos de comunicação,atualizado,-1000,-1000,0.0,0.0,identico,
20,I,I — 2024 (jan-dez),grupo,263,Fabricação de equipamentos de comunicação,atualizado,1728,1728,0.0,0.0,identico,
20,J,J — 2025 (jan-dez),grupo,263,Fabricação de equipamentos de comunicação,atualizado,-1184,-1185,-1.0,-0.0845,divergente,
20,K,K — Quantidade de estabelecimentos por porte(RAIS) (Metodologia Sebrae) 2022 / Microempresa,grupo,263,Fabricação de equipamentos de comunicação,indisponivel,,,,,nao_atualizado,Não há na biblioteca nem na API endpoint de estabelecimentos por porte da RAIS/metodologia Sebrae com recorte anual e 4 portes (ano 2022)
20,L,L — Empresa de pequeno porte,grupo,263,Fabricação de equipamentos de comunicação,indisponivel,,,,,nao_atualizado,Não há na biblioteca nem na API endpoint de estabelecimentos por porte da RAIS/metodologia Sebrae com recorte anual e 4 portes (ano 2022)
20,M,M — Empresa de médio porte,grupo,263,Fabricação de equipamentos de comunicação,indisponivel,,,,,nao_atualizado,Não há na biblioteca nem na API endpoint de estabelecimentos por porte da RAIS/metodologia Sebrae com recorte anual e 4 portes (ano 2022)
20,N,N — Grande empresa,grupo,263,Fabricação de equipamentos de comunicação,indisponivel,,,,,nao_atualizado,Não há na biblioteca nem na API endpoint de estabelecimentos por porte da RAIS/metodologia Sebrae com recorte anual e 4 portes (ano 2022)
20,O,O — Quantidade de estabelecimentos por porte(RAIS completa) (Metodologia Sebrae) 2023 / Microempresa,grupo,263,Fabricação de equipamentos de comunicação,indisponivel,304,304,0.0,0.0,nao_atualizado,Não há na biblioteca nem na API endpoint de estabelecimentos por porte da RAIS/metodologia Sebrae com recorte anual e 4 portes (ano 2023)
20,P,P — Empresa de pequeno porte,grupo,263,Fabricação de equipamentos de comunicação,indisponivel,41,41,0.0,0.0,nao_atualizado,Não há na biblioteca nem na API endpoint de estabelecimentos por porte da RAIS/metodologia Sebrae com recorte anual e 4 portes (ano 2023)
20,Q,Q — Empresa de médio porte,grupo,263,Fabricação de equipamentos de comunicação,indisponivel,24,24,0.0,0.0,nao_atualizado,Não há na biblioteca nem na API endpoint de estabelecimentos por porte da RAIS/metodologia Sebrae com recorte anual e 4 portes (ano 2023)
20,R,R — Grande empresa,grupo,263,Fabricação de equipamentos de comunicação,indisponivel,3,3,0.0,0.0,nao_atualizado,Não há na biblioteca nem na API endpoint de estabelecimentos por porte da RAIS/metodologia Sebrae com recorte anual e 4 portes (ano 2023)
20,S,S — Quantidade de estabelecimentos por porte(RAIS) (Metodologia Sebrae) 2024 / Microempresa,grupo,263,Fabricação de equipamentos de comunicação,indisponivel,313,313,0.0,0.0,nao_atualizado,Não há na biblioteca nem na API endpoint de estabelecimentos por porte da RAIS/metodologia Sebrae com recorte anual e 4 portes (ano 2024)
20,T,T — Empresa de pequeno porte,grupo,263,Fabricação de equipamentos de comunicação,indisponivel,40,40,0.0,0.0,nao_atualizado,Não há na biblioteca nem na API endpoint de estabelecimentos por porte da RAIS/metodologia Sebrae com recorte anual e 4 portes (ano 2024)
20,U,U — Empresa de médio porte,grupo,263,Fabricação de equipamentos de comunicação,indisponivel,26,26,0.0,0.0,nao_atualizado,Não há na biblioteca nem na API endpoint de estabelecimentos por porte da RAIS/metodologia Sebrae com recorte anual e 4 portes (ano 2024)
20,V,V — Grande empresa,grupo,263,Fabricação de equipamentos de comunicação,indisponivel,2,2,0.0,0.0,nao_atualizado,Não há na biblioteca nem na API endpoint de estabelecimentos por porte da RAIS/metodologia Sebrae com recorte anual e 4 portes (ano 2024)
21,D,D — EMPREGOS / Estoque 2022,grupo,264,"Fabricação de aparelhos de recepção, reprodução, gravação e amplificação de áudio e vídeo",atualizado,15386,15386,0.0,0.0,identico,
21,E,E — Estoque 2023,grupo,264,"Fabricação de aparelhos de recepção, reprodução, gravação e amplificação de áudio e vídeo",atualizado,15524,15490,-34.0,-0.219,divergente,
21,F,F — Estoque 2024,grupo,264,"Fabricação de aparelhos de recepção, reprodução, gravação e amplificação de áudio e vídeo",atualizado,16444,16408,-36.0,-0.2189,divergente,
21,G,G — Estoque 2025,grupo,264,"Fabricação de aparelhos de recepção, reprodução, gravação e amplificação de áudio e vídeo",formula_preservada,15718,15683,-35.0,-0.2227,divergente,estoque projetado = coluna F + coluna J
21,H,H — Saldo / 2023 (jan-dez),grupo,264,"Fabricação de aparelhos de recepção, reprodução, gravação e amplificação de áudio e vídeo",atualizado,-512,-512,0.0,0.0,identico,
21,I,I — 2024 (jan-dez),grupo,264,"Fabricação de aparelhos de recepção, reprodução, gravação e amplificação de áudio e vídeo",atualizado,154,155,1.0,0.6494,divergente,
21,J,J — 2025 (jan-dez),grupo,264,"Fabricação de aparelhos de recepção, reprodução, gravação e amplificação de áudio e vídeo",atualizado,-726,-725,1.0,0.1377,divergente,
21,K,K — Quantidade de estabelecimentos por porte(RAIS) (Metodologia Sebrae) 2022 / Microempresa,grupo,264,"Fabricação de aparelhos de recepção, reprodução, gravação e amplificação de áudio e vídeo",indisponivel,,,,,nao_atualizado,Não há na biblioteca nem na API endpoint de estabelecimentos por porte da RAIS/metodologia Sebrae com recorte anual e 4 portes (ano 2022)
21,L,L — Empresa de pequeno porte,grupo,264,"Fabricação de aparelhos de recepção, reprodução, gravação e amplificação de áudio e vídeo",indisponivel,,,,,nao_atualizado,Não há na biblioteca nem na API endpoint de estabelecimentos por porte da RAIS/metodologia Sebrae com recorte anual e 4 portes (ano 2022)
21,M,M — Empresa de médio porte,grupo,264,"Fabricação de aparelhos de recepção, reprodução, gravação e amplificação de áudio e vídeo",indisponivel,,,,,nao_atualizado,Não há na biblioteca nem na API endpoint de estabelecimentos por porte da RAIS/metodologia Sebrae com recorte anual e 4 portes (ano 2022)
21,N,N — Grande empresa,grupo,264,"Fabricação de aparelhos de recepção, reprodução, gravação e amplificação de áudio e vídeo",indisponivel,,,,,nao_atualizado,Não há na biblioteca nem na API endpoint de estabelecimentos por porte da RAIS/metodologia Sebrae com recorte anual e 4 portes (ano 2022)
21,O,O — Quantidade de estabelecimentos por porte(RAIS completa) (Metodologia Sebrae) 2023 / Microempresa,grupo,264,"Fabricação de aparelhos de recepção, reprodução, gravação e amplificação de áudio e vídeo",indisponivel,412,412,0.0,0.0,nao_atualizado,Não há na biblioteca nem na API endpoint de estabelecimentos por porte da RAIS/metodologia Sebrae com recorte anual e 4 portes (ano 2023)
21,P,P — Empresa de pequeno porte,grupo,264,"Fabricação de aparelhos de recepção, reprodução, gravação e amplificação de áudio e vídeo",indisponivel,42,42,0.0,0.0,nao_atualizado,Não há na biblioteca nem na API endpoint de estabelecimentos por porte da RAIS/metodologia Sebrae com recorte anual e 4 portes (ano 2023)
21,Q,Q — Empresa de médio porte,grupo,264,"Fabricação de aparelhos de recepção, reprodução, gravação e amplificação de áudio e vídeo",indisponivel,20,20,0.0,0.0,nao_atualizado,Não há na biblioteca nem na API endpoint de estabelecimentos por porte da RAIS/metodologia Sebrae com recorte anual e 4 portes (ano 2023)
21,R,R — Grande empresa,grupo,264,"Fabricação de aparelhos de recepção, reprodução, gravação e amplificação de áudio e vídeo",indisponivel,2,2,0.0,0.0,nao_atualizado,Não há na biblioteca nem na API endpoint de estabelecimentos por porte da RAIS/metodologia Sebrae com recorte anual e 4 portes (ano 2023)
21,S,S — Quantidade de estabelecimentos por porte(RAIS) (Metodologia Sebrae) 2024 / Microempresa,grupo,264,"Fabricação de aparelhos de recepção, reprodução, gravação e amplificação de áudio e vídeo",indisponivel,431,431,0.0,0.0,nao_atualizado,Não há na biblioteca nem na API endpoint de estabelecimentos por porte da RAIS/metodologia Sebrae com recorte anual e 4 portes (ano 2024)
21,T,T — Empresa de pequeno porte,grupo,264,"Fabricação de aparelhos de recepção, reprodução, gravação e amplificação de áudio e vídeo",indisponivel,48,48,0.0,0.0,nao_atualizado,Não há na biblioteca nem na API endpoint de estabelecimentos por porte da RAIS/metodologia Sebrae com recorte anual e 4 portes (ano 2024)
21,U,U — Empresa de médio porte,grupo,264,"Fabricação de aparelhos de recepção, reprodução, gravação e amplificação de áudio e vídeo",indisponivel,18,18,0.0,0.0,nao_atualizado,Não há na biblioteca nem na API endpoint de estabelecimentos por porte da RAIS/metodologia Sebrae com recorte anual e 4 portes (ano 2024)
21,V,V — Grande empresa,grupo,264,"Fabricação de aparelhos de recepção, reprodução, gravação e amplificação de áudio e vídeo",indisponivel,1,1,0.0,0.0,nao_atualizado,Não há na biblioteca nem na API endpoint de estabelecimentos por porte da RAIS/metodologia Sebrae com recorte anual e 4 portes (ano 2024)
22,D,D — EMPREGOS / Estoque 2022,grupo,265,"Fabricação de aparelhos e instrumentos de medida, teste e controle",atualizado,22564,22564,0.0,0.0,identico,
22,E,E — Estoque 2023,grupo,265,"Fabricação de aparelhos e instrumentos de medida, teste e controle",atualizado,23259,23186,-73.0,-0.3139,divergente,
22,F,F — Estoque 2024,grupo,265,"Fabricação de aparelhos e instrumentos de medida, teste e controle",atualizado,24612,24541,-71.0,-0.2885,divergente,
22,G,G — Estoque 2025,grupo,265,"Fabricação de aparelhos e instrumentos de medida, teste e controle",formula_preservada,25540,25467,-73.0,-0.2858,divergente,estoque projetado = coluna F + coluna J
22,H,H — Saldo / 2023 (jan-dez),grupo,265,"Fabricação de aparelhos e instrumentos de medida, teste e controle",atualizado,537,536,-1.0,-0.1862,divergente,
22,I,I — 2024 (jan-dez),grupo,265,"Fabricação de aparelhos e instrumentos de medida, teste e controle",atualizado,1626,1626,0.0,0.0,identico,
22,J,J — 2025 (jan-dez),grupo,265,"Fabricação de aparelhos e instrumentos de medida, teste e controle",atualizado,928,926,-2.0,-0.2155,divergente,
22,K,K — Quantidade de estabelecimentos por porte(RAIS) (Metodologia Sebrae) 2022 / Microempresa,grupo,265,"Fabricação de aparelhos e instrumentos de medida, teste e controle",indisponivel,,,,,nao_atualizado,Não há na biblioteca nem na API endpoint de estabelecimentos por porte da RAIS/metodologia Sebrae com recorte anual e 4 portes (ano 2022)
22,L,L — Empresa de pequeno porte,grupo,265,"Fabricação de aparelhos e instrumentos de medida, teste e controle",indisponivel,,,,,nao_atualizado,Não há na biblioteca nem na API endpoint de estabelecimentos por porte da RAIS/metodologia Sebrae com recorte anual e 4 portes (ano 2022)
22,M,M — Empresa de médio porte,grupo,265,"Fabricação de aparelhos e instrumentos de medida, teste e controle",indisponivel,,,,,nao_atualizado,Não há na biblioteca nem na API endpoint de estabelecimentos por porte da RAIS/metodologia Sebrae com recorte anual e 4 portes (ano 2022)
22,N,N — Grande empresa,grupo,265,"Fabricação de aparelhos e instrumentos de medida, teste e controle",indisponivel,,,,,nao_atualizado,Não há na biblioteca nem na API endpoint de estabelecimentos por porte da RAIS/metodologia Sebrae com recorte anual e 4 portes (ano 2022)
22,O,O — Quantidade de estabelecimentos por porte(RAIS completa) (Metodologia Sebrae) 2023 / Microempresa,grupo,265,"Fabricação de aparelhos e instrumentos de medida, teste e controle",indisponivel,1370,1370,0.0,0.0,nao_atualizado,Não há na biblioteca nem na API endpoint de estabelecimentos por porte da RAIS/metodologia Sebrae com recorte anual e 4 portes (ano 2023)
22,P,P — Empresa de pequeno porte,grupo,265,"Fabricação de aparelhos e instrumentos de medida, teste e controle",indisponivel,181,181,0.0,0.0,nao_atualizado,Não há na biblioteca nem na API endpoint de estabelecimentos por porte da RAIS/metodologia Sebrae com recorte anual e 4 portes (ano 2023)
22,Q,Q — Empresa de médio porte,grupo,265,"Fabricação de aparelhos e instrumentos de medida, teste e controle",indisponivel,42,42,0.0,0.0,nao_atualizado,Não há na biblioteca nem na API endpoint de estabelecimentos por porte da RAIS/metodologia Sebrae com recorte anual e 4 portes (ano 2023)
22,R,R — Grande empresa,grupo,265,"Fabricação de aparelhos e instrumentos de medida, teste e controle",indisponivel,2,2,0.0,0.0,nao_atualizado,Não há na biblioteca nem na API endpoint de estabelecimentos por porte da RAIS/metodologia Sebrae com recorte anual e 4 portes (ano 2023)
22,S,S — Quantidade de estabelecimentos por porte(RAIS) (Metodologia Sebrae) 2024 / Microempresa,grupo,265,"Fabricação de aparelhos e instrumentos de medida, teste e controle",indisponivel,1421,1421,0.0,0.0,nao_atualizado,Não há na biblioteca nem na API endpoint de estabelecimentos por porte da RAIS/metodologia Sebrae com recorte anual e 4 portes (ano 2024)
22,T,T — Empresa de pequeno porte,grupo,265,"Fabricação de aparelhos e instrumentos de medida, teste e controle",indisponivel,182,182,0.0,0.0,nao_atualizado,Não há na biblioteca nem na API endpoint de estabelecimentos por porte da RAIS/metodologia Sebrae com recorte anual e 4 portes (ano 2024)
22,U,U — Empresa de médio porte,grupo,265,"Fabricação de aparelhos e instrumentos de medida, teste e controle",indisponivel,44,44,0.0,0.0,nao_atualizado,Não há na biblioteca nem na API endpoint de estabelecimentos por porte da RAIS/metodologia Sebrae com recorte anual e 4 portes (ano 2024)
22,V,V — Grande empresa,grupo,265,"Fabricação de aparelhos e instrumentos de medida, teste e controle",indisponivel,1,1,0.0,0.0,nao_atualizado,Não há na biblioteca nem na API endpoint de estabelecimentos por porte da RAIS/metodologia Sebrae com recorte anual e 4 portes (ano 2024)
23,D,D — EMPREGOS / Estoque 2022,grupo,266,Fabricação de aparelhos eletromédicos e eletroterapêuticos e equipamentos de irradiação,atualizado,6434,6434,0.0,0.0,identico,
23,E,E — Estoque 2023,grupo,266,Fabricação de aparelhos eletromédicos e eletroterapêuticos e equipamentos de irradiação,atualizado,5978,5978,0.0,0.0,identico,
23,F,F — Estoque 2024,grupo,266,Fabricação de aparelhos eletromédicos e eletroterapêuticos e equipamentos de irradiação,atualizado,5860,5858,-2.0,-0.0341,divergente,
23,G,G — Estoque 2025,grupo,266,Fabricação de aparelhos eletromédicos e eletroterapêuticos e equipamentos de irradiação,formula_preservada,5566,5564,-2.0,-0.0359,divergente,estoque projetado = coluna F + coluna J
23,H,H — Saldo / 2023 (jan-dez),grupo,266,Fabricação de aparelhos eletromédicos e eletroterapêuticos e equipamentos de irradiação,atualizado,-289,-289,0.0,0.0,identico,
23,I,I — 2024 (jan-dez),grupo,266,Fabricação de aparelhos eletromédicos e eletroterapêuticos e equipamentos de irradiação,atualizado,-115,-115,0.0,0.0,identico,
23,J,J — 2025 (jan-dez),grupo,266,Fabricação de aparelhos eletromédicos e eletroterapêuticos e equipamentos de irradiação,atualizado,-294,-294,0.0,0.0,identico,
23,K,K — Quantidade de estabelecimentos por porte(RAIS) (Metodologia Sebrae) 2022 / Microempresa,grupo,266,Fabricação de aparelhos eletromédicos e eletroterapêuticos e equipamentos de irradiação,indisponivel,,,,,nao_atualizado,Não há na biblioteca nem na API endpoint de estabelecimentos por porte da RAIS/metodologia Sebrae com recorte anual e 4 portes (ano 2022)
23,L,L — Empresa de pequeno porte,grupo,266,Fabricação de aparelhos eletromédicos e eletroterapêuticos e equipamentos de irradiação,indisponivel,,,,,nao_atualizado,Não há na biblioteca nem na API endpoint de estabelecimentos por porte da RAIS/metodologia Sebrae com recorte anual e 4 portes (ano 2022)
23,M,M — Empresa de médio porte,grupo,266,Fabricação de aparelhos eletromédicos e eletroterapêuticos e equipamentos de irradiação,indisponivel,,,,,nao_atualizado,Não há na biblioteca nem na API endpoint de estabelecimentos por porte da RAIS/metodologia Sebrae com recorte anual e 4 portes (ano 2022)
23,N,N — Grande empresa,grupo,266,Fabricação de aparelhos eletromédicos e eletroterapêuticos e equipamentos de irradiação,indisponivel,,,,,nao_atualizado,Não há na biblioteca nem na API endpoint de estabelecimentos por porte da RAIS/metodologia Sebrae com recorte anual e 4 portes (ano 2022)
23,O,O — Quantidade de estabelecimentos por porte(RAIS completa) (Metodologia Sebrae) 2023 / Microempresa,grupo,266,Fabricação de aparelhos eletromédicos e eletroterapêuticos e equipamentos de irradiação,indisponivel,304,304,0.0,0.0,nao_atualizado,Não há na biblioteca nem na API endpoint de estabelecimentos por porte da RAIS/metodologia Sebrae com recorte anual e 4 portes (ano 2023)
23,P,P — Empresa de pequeno porte,grupo,266,Fabricação de aparelhos eletromédicos e eletroterapêuticos e equipamentos de irradiação,indisponivel,55,55,0.0,0.0,nao_atualizado,Não há na biblioteca nem na API endpoint de estabelecimentos por porte da RAIS/metodologia Sebrae com recorte anual e 4 portes (ano 2023)
23,Q,Q — Empresa de médio porte,grupo,266,Fabricação de aparelhos eletromédicos e eletroterapêuticos e equipamentos de irradiação,indisponivel,10,10,0.0,0.0,nao_atualizado,Não há na biblioteca nem na API endpoint de estabelecimentos por porte da RAIS/metodologia Sebrae com recorte anual e 4 portes (ano 2023)
23,R,R — Grande empresa,grupo,266,Fabricação de aparelhos eletromédicos e eletroterapêuticos e equipamentos de irradiação,indisponivel,1,1,0.0,0.0,nao_atualizado,Não há na biblioteca nem na API endpoint de estabelecimentos por porte da RAIS/metodologia Sebrae com recorte anual e 4 portes (ano 2023)
23,S,S — Quantidade de estabelecimentos por porte(RAIS) (Metodologia Sebrae) 2024 / Microempresa,grupo,266,Fabricação de aparelhos eletromédicos e eletroterapêuticos e equipamentos de irradiação,indisponivel,312,312,0.0,0.0,nao_atualizado,Não há na biblioteca nem na API endpoint de estabelecimentos por porte da RAIS/metodologia Sebrae com recorte anual e 4 portes (ano 2024)
23,T,T — Empresa de pequeno porte,grupo,266,Fabricação de aparelhos eletromédicos e eletroterapêuticos e equipamentos de irradiação,indisponivel,51,51,0.0,0.0,nao_atualizado,Não há na biblioteca nem na API endpoint de estabelecimentos por porte da RAIS/metodologia Sebrae com recorte anual e 4 portes (ano 2024)
23,U,U — Empresa de médio porte,grupo,266,Fabricação de aparelhos eletromédicos e eletroterapêuticos e equipamentos de irradiação,indisponivel,11,11,0.0,0.0,nao_atualizado,Não há na biblioteca nem na API endpoint de estabelecimentos por porte da RAIS/metodologia Sebrae com recorte anual e 4 portes (ano 2024)
23,V,V — Grande empresa,grupo,266,Fabricação de aparelhos eletromédicos e eletroterapêuticos e equipamentos de irradiação,indisponivel,null,null,,,nao_atualizado,Não há na biblioteca nem na API endpoint de estabelecimentos por porte da RAIS/metodologia Sebrae com recorte anual e 4 portes (ano 2024)
24,D,D — EMPREGOS / Estoque 2022,grupo,267,"Fabricação de equipamentos e instrumentos ópticos, fotográficos e cinematográficos",atualizado,754,754,0.0,0.0,identico,
24,E,E — Estoque 2023,grupo,267,"Fabricação de equipamentos e instrumentos ópticos, fotográficos e cinematográficos",atualizado,798,795,-3.0,-0.3759,divergente,
24,F,F — Estoque 2024,grupo,267,"Fabricação de equipamentos e instrumentos ópticos, fotográficos e cinematográficos",atualizado,787,784,-3.0,-0.3812,divergente,
24,G,G — Estoque 2025,grupo,267,"Fabricação de equipamentos e instrumentos ópticos, fotográficos e cinematográficos",formula_preservada,772,769,-3.0,-0.3886,divergente,estoque projetado = coluna F + coluna J
24,H,H — Saldo / 2023 (jan-dez),grupo,267,"Fabricação de equipamentos e instrumentos ópticos, fotográficos e cinematográficos",atualizado,4,4,0.0,0.0,identico,
24,I,I — 2024 (jan-dez),grupo,267,"Fabricação de equipamentos e instrumentos ópticos, fotográficos e cinematográficos",atualizado,15,16,1.0,6.6667,divergente,
24,J,J — 2025 (jan-dez),grupo,267,"Fabricação de equipamentos e instrumentos ópticos, fotográficos e cinematográficos",atualizado,-15,-15,0.0,0.0,identico,
24,K,K — Quantidade de estabelecimentos por porte(RAIS) (Metodologia Sebrae) 2022 / Microempresa,grupo,267,"Fabricação de equipamentos e instrumentos ópticos, fotográficos e cinematográficos",indisponivel,,,,,nao_atualizado,Não há na biblioteca nem na API endpoint de estabelecimentos por porte da RAIS/metodologia Sebrae com recorte anual e 4 portes (ano 2022)
24,L,L — Empresa de pequeno porte,grupo,267,"Fabricação de equipamentos e instrumentos ópticos, fotográficos e cinematográficos",indisponivel,,,,,nao_atualizado,Não há na biblioteca nem na API endpoint de estabelecimentos por porte da RAIS/metodologia Sebrae com recorte anual e 4 portes (ano 2022)
24,M,M — Empresa de médio porte,grupo,267,"Fabricação de equipamentos e instrumentos ópticos, fotográficos e cinematográficos",indisponivel,,,,,nao_atualizado,Não há na biblioteca nem na API endpoint de estabelecimentos por porte da RAIS/metodologia Sebrae com recorte anual e 4 portes (ano 2022)
24,N,N — Grande empresa,grupo,267,"Fabricação de equipamentos e instrumentos ópticos, fotográficos e cinematográficos",indisponivel,,,,,nao_atualizado,Não há na biblioteca nem na API endpoint de estabelecimentos por porte da RAIS/metodologia Sebrae com recorte anual e 4 portes (ano 2022)
24,O,O — Quantidade de estabelecimentos por porte(RAIS completa) (Metodologia Sebrae) 2023 / Microempresa,grupo,267,"Fabricação de equipamentos e instrumentos ópticos, fotográficos e cinematográficos",indisponivel,93,93,0.0,0.0,nao_atualizado,Não há na biblioteca nem na API endpoint de estabelecimentos por porte da RAIS/metodologia Sebrae com recorte anual e 4 portes (ano 2023)
24,P,P — Empresa de pequeno porte,grupo,267,"Fabricação de equipamentos e instrumentos ópticos, fotográficos e cinematográficos",indisponivel,12,12,0.0,0.0,nao_atualizado,Não há na biblioteca nem na API endpoint de estabelecimentos por porte da RAIS/metodologia Sebrae com recorte anual e 4 portes (ano 2023)
24,Q,Q — Empresa de médio porte,grupo,267,"Fabricação de equipamentos e instrumentos ópticos, fotográficos e cinematográficos",indisponivel,null,null,,,nao_atualizado,Não há na biblioteca nem na API endpoint de estabelecimentos por porte da RAIS/metodologia Sebrae com recorte anual e 4 portes (ano 2023)
24,R,R — Grande empresa,grupo,267,"Fabricação de equipamentos e instrumentos ópticos, fotográficos e cinematográficos",indisponivel,null,null,,,nao_atualizado,Não há na biblioteca nem na API endpoint de estabelecimentos por porte da RAIS/metodologia Sebrae com recorte anual e 4 portes (ano 2023)
24,S,S — Quantidade de estabelecimentos por porte(RAIS) (Metodologia Sebrae) 2024 / Microempresa,grupo,267,"Fabricação de equipamentos e instrumentos ópticos, fotográficos e cinematográficos",indisponivel,95,95,0.0,0.0,nao_atualizado,Não há na biblioteca nem na API endpoint de estabelecimentos por porte da RAIS/metodologia Sebrae com recorte anual e 4 portes (ano 2024)
24,T,T — Empresa de pequeno porte,grupo,267,"Fabricação de equipamentos e instrumentos ópticos, fotográficos e cinematográficos",indisponivel,13,13,0.0,0.0,nao_atualizado,Não há na biblioteca nem na API endpoint de estabelecimentos por porte da RAIS/metodologia Sebrae com recorte anual e 4 portes (ano 2024)
24,U,U — Empresa de médio porte,grupo,267,"Fabricação de equipamentos e instrumentos ópticos, fotográficos e cinematográficos",indisponivel,null,null,,,nao_atualizado,Não há na biblioteca nem na API endpoint de estabelecimentos por porte da RAIS/metodologia Sebrae com recorte anual e 4 portes (ano 2024)
24,V,V — Grande empresa,grupo,267,"Fabricação de equipamentos e instrumentos ópticos, fotográficos e cinematográficos",indisponivel,null,null,,,nao_atualizado,Não há na biblioteca nem na API endpoint de estabelecimentos por porte da RAIS/metodologia Sebrae com recorte anual e 4 portes (ano 2024)
25,D,D — EMPREGOS / Estoque 2022,grupo,268,"Fabricação de mídias virgens, magnéticas e ópticas",atualizado,9,9,0.0,0.0,identico,
25,E,E — Estoque 2023,grupo,268,"Fabricação de mídias virgens, magnéticas e ópticas",atualizado,12,12,0.0,0.0,identico,
25,F,F — Estoque 2024,grupo,268,"Fabricação de mídias virgens, magnéticas e ópticas",atualizado,11,11,0.0,0.0,identico,
25,G,G — Estoque 2025,grupo,268,"Fabricação de mídias virgens, magnéticas e ópticas",formula_preservada,10,10,0.0,0.0,identico,estoque projetado = coluna F + coluna J
25,H,H — Saldo / 2023 (jan-dez),grupo,268,"Fabricação de mídias virgens, magnéticas e ópticas",atualizado,2,2,0.0,0.0,identico,
25,I,I — 2024 (jan-dez),grupo,268,"Fabricação de mídias virgens, magnéticas e ópticas",atualizado,-2,-2,0.0,0.0,identico,
25,J,J — 2025 (jan-dez),grupo,268,"Fabricação de mídias virgens, magnéticas e ópticas",atualizado,-1,-1,0.0,0.0,identico,
25,K,K — Quantidade de estabelecimentos por porte(RAIS) (Metodologia Sebrae) 2022 / Microempresa,grupo,268,"Fabricação de mídias virgens, magnéticas e ópticas",indisponivel,,,,,nao_atualizado,Não há na biblioteca nem na API endpoint de estabelecimentos por porte da RAIS/metodologia Sebrae com recorte anual e 4 portes (ano 2022)
25,L,L — Empresa de pequeno porte,grupo,268,"Fabricação de mídias virgens, magnéticas e ópticas",indisponivel,,,,,nao_atualizado,Não há na biblioteca nem na API endpoint de estabelecimentos por porte da RAIS/metodologia Sebrae com recorte anual e 4 portes (ano 2022)
25,M,M — Empresa de médio porte,grupo,268,"Fabricação de mídias virgens, magnéticas e ópticas",indisponivel,,,,,nao_atualizado,Não há na biblioteca nem na API endpoint de estabelecimentos por porte da RAIS/metodologia Sebrae com recorte anual e 4 portes (ano 2022)
25,N,N — Grande empresa,grupo,268,"Fabricação de mídias virgens, magnéticas e ópticas",indisponivel,,,,,nao_atualizado,Não há na biblioteca nem na API endpoint de estabelecimentos por porte da RAIS/metodologia Sebrae com recorte anual e 4 portes (ano 2022)
25,O,O — Quantidade de estabelecimentos por porte(RAIS completa) (Metodologia Sebrae) 2023 / Microempresa,grupo,268,"Fabricação de mídias virgens, magnéticas e ópticas",indisponivel,8,8,0.0,0.0,nao_atualizado,Não há na biblioteca nem na API endpoint de estabelecimentos por porte da RAIS/metodologia Sebrae com recorte anual e 4 portes (ano 2023)
25,P,P — Empresa de pequeno porte,grupo,268,"Fabricação de mídias virgens, magnéticas e ópticas",indisponivel,null,null,,,nao_atualizado,Não há na biblioteca nem na API endpoint de estabelecimentos por porte da RAIS/metodologia Sebrae com recorte anual e 4 portes (ano 2023)
25,Q,Q — Empresa de médio porte,grupo,268,"Fabricação de mídias virgens, magnéticas e ópticas",indisponivel,null,null,,,nao_atualizado,Não há na biblioteca nem na API endpoint de estabelecimentos por porte da RAIS/metodologia Sebrae com recorte anual e 4 portes (ano 2023)
25,R,R — Grande empresa,grupo,268,"Fabricação de mídias virgens, magnéticas e ópticas",indisponivel,null,null,,,nao_atualizado,Não há na biblioteca nem na API endpoint de estabelecimentos por porte da RAIS/metodologia Sebrae com recorte anual e 4 portes (ano 2023)
25,S,S — Quantidade de estabelecimentos por porte(RAIS) (Metodologia Sebrae) 2024 / Microempresa,grupo,268,"Fabricação de mídias virgens, magnéticas e ópticas",indisponivel,8,8,0.0,0.0,nao_atualizado,Não há na biblioteca nem na API endpoint de estabelecimentos por porte da RAIS/metodologia Sebrae com recorte anual e 4 portes (ano 2024)
25,T,T — Empresa de pequeno porte,grupo,268,"Fabricação de mídias virgens, magnéticas e ópticas",indisponivel,null,null,,,nao_atualizado,Não há na biblioteca nem na API endpoint de estabelecimentos por porte da RAIS/metodologia Sebrae com recorte anual e 4 portes (ano 2024)
25,U,U — Empresa de médio porte,grupo,268,"Fabricação de mídias virgens, magnéticas e ópticas",indisponivel,null,null,,,nao_atualizado,Não há na biblioteca nem na API endpoint de estabelecimentos por porte da RAIS/metodologia Sebrae com recorte anual e 4 portes (ano 2024)
25,V,V — Grande empresa,grupo,268,"Fabricação de mídias virgens, magnéticas e ópticas",indisponivel,null,null,,,nao_atualizado,Não há na biblioteca nem na API endpoint de estabelecimentos por porte da RAIS/metodologia Sebrae com recorte anual e 4 portes (ano 2024)
26,D,D — EMPREGOS / Estoque 2022,grupo,271,"Fabricação de geradores, transformadores e motores elétricos",atualizado,48971,48971,0.0,0.0,identico,
26,E,E — Estoque 2023,grupo,271,"Fabricação de geradores, transformadores e motores elétricos",atualizado,50121,50012,-109.0,-0.2175,divergente,
26,F,F — Estoque 2024,grupo,271,"Fabricação de geradores, transformadores e motores elétricos",atualizado,52048,51940,-108.0,-0.2075,divergente,
26,G,G — Estoque 2025,grupo,271,"Fabricação de geradores, transformadores e motores elétricos",formula_preservada,51642,51534,-108.0,-0.2091,divergente,estoque projetado = coluna F + coluna J
26,H,H — Saldo / 2023 (jan-dez),grupo,271,"Fabricação de geradores, transformadores e motores elétricos",atualizado,1329,1329,0.0,0.0,identico,
26,I,I — 2024 (jan-dez),grupo,271,"Fabricação de geradores, transformadores e motores elétricos",atualizado,1310,1310,0.0,0.0,identico,
26,J,J — 2025 (jan-dez),grupo,271,"Fabricação de geradores, transformadores e motores elétricos",atualizado,-406,-406,0.0,0.0,identico,
26,K,K — Quantidade de estabelecimentos por porte(RAIS) (Metodologia Sebrae) 2022 / Microempresa,grupo,271,"Fabricação de geradores, transformadores e motores elétricos",indisponivel,,,,,nao_atualizado,Não há na biblioteca nem na API endpoint de estabelecimentos por porte da RAIS/metodologia Sebrae com recorte anual e 4 portes (ano 2022)
26,L,L — Empresa de pequeno porte,grupo,271,"Fabricação de geradores, transformadores e motores elétricos",indisponivel,,,,,nao_atualizado,Não há na biblioteca nem na API endpoint de estabelecimentos por porte da RAIS/metodologia Sebrae com recorte anual e 4 portes (ano 2022)
26,M,M — Empresa de médio porte,grupo,271,"Fabricação de geradores, transformadores e motores elétricos",indisponivel,,,,,nao_atualizado,Não há na biblioteca nem na API endpoint de estabelecimentos por porte da RAIS/metodologia Sebrae com recorte anual e 4 portes (ano 2022)
26,N,N — Grande empresa,grupo,271,"Fabricação de geradores, transformadores e motores elétricos",indisponivel,,,,,nao_atualizado,Não há na biblioteca nem na API endpoint de estabelecimentos por porte da RAIS/metodologia Sebrae com recorte anual e 4 portes (ano 2022)
26,O,O — Quantidade de estabelecimentos por porte(RAIS completa) (Metodologia Sebrae) 2023 / Microempresa,grupo,271,"Fabricação de geradores, transformadores e motores elétricos",indisponivel,1010,1010,0.0,0.0,nao_atualizado,Não há na biblioteca nem na API endpoint de estabelecimentos por porte da RAIS/metodologia Sebrae com recorte anual e 4 portes (ano 2023)
26,P,P — Empresa de pequeno porte,grupo,271,"Fabricação de geradores, transformadores e motores elétricos",indisponivel,136,136,0.0,0.0,nao_atualizado,Não há na biblioteca nem na API endpoint de estabelecimentos por porte da RAIS/metodologia Sebrae com recorte anual e 4 portes (ano 2023)
26,Q,Q — Empresa de médio porte,grupo,271,"Fabricação de geradores, transformadores e motores elétricos",indisponivel,49,49,0.0,0.0,nao_atualizado,Não há na biblioteca nem na API endpoint de estabelecimentos por porte da RAIS/metodologia Sebrae com recorte anual e 4 portes (ano 2023)
26,R,R — Grande empresa,grupo,271,"Fabricação de geradores, transformadores e motores elétricos",indisponivel,9,9,0.0,0.0,nao_atualizado,Não há na biblioteca nem na API endpoint de estabelecimentos por porte da RAIS/metodologia Sebrae com recorte anual e 4 portes (ano 2023)
26,S,S — Quantidade de estabelecimentos por porte(RAIS) (Metodologia Sebrae) 2024 / Microempresa,grupo,271,"Fabricação de geradores, transformadores e motores elétricos",indisponivel,1045,1045,0.0,0.0,nao_atualizado,Não há na biblioteca nem na API endpoint de estabelecimentos por porte da RAIS/metodologia Sebrae com recorte anual e 4 portes (ano 2024)
26,T,T — Empresa de pequeno porte,grupo,271,"Fabricação de geradores, transformadores e motores elétricos",indisponivel,146,146,0.0,0.0,nao_atualizado,Não há na biblioteca nem na API endpoint de estabelecimentos por porte da RAIS/metodologia Sebrae com recorte anual e 4 portes (ano 2024)
26,U,U — Empresa de médio porte,grupo,271,"Fabricação de geradores, transformadores e motores elétricos",indisponivel,52,52,0.0,0.0,nao_atualizado,Não há na biblioteca nem na API endpoint de estabelecimentos por porte da RAIS/metodologia Sebrae com recorte anual e 4 portes (ano 2024)
26,V,V — Grande empresa,grupo,271,"Fabricação de geradores, transformadores e motores elétricos",indisponivel,9,9,0.0,0.0,nao_atualizado,Não há na biblioteca nem na API endpoint de estabelecimentos por porte da RAIS/metodologia Sebrae com recorte anual e 4 portes (ano 2024)
27,D,D — EMPREGOS / Estoque 2022,grupo,272,"Fabricação de pilhas, baterias e acumuladores elétricos",atualizado,10648,10648,0.0,0.0,identico,
27,E,E — Estoque 2023,grupo,272,"Fabricação de pilhas, baterias e acumuladores elétricos",atualizado,10706,10686,-20.0,-0.1868,divergente,
27,F,F — Estoque 2024,grupo,272,"Fabricação de pilhas, baterias e acumuladores elétricos",atualizado,11801,11766,-35.0,-0.2966,divergente,
27,G,G — Estoque 2025,grupo,272,"Fabricação de pilhas, baterias e acumuladores elétricos",formula_preservada,11832,11796,-36.0,-0.3043,divergente,estoque projetado = coluna F + coluna J
27,H,H — Saldo / 2023 (jan-dez),grupo,272,"Fabricação de pilhas, baterias e acumuladores elétricos",atualizado,150,150,0.0,0.0,identico,
27,I,I — 2024 (jan-dez),grupo,272,"Fabricação de pilhas, baterias e acumuladores elétricos",atualizado,1021,1023,2.0,0.1959,divergente,
27,J,J — 2025 (jan-dez),grupo,272,"Fabricação de pilhas, baterias e acumuladores elétricos",atualizado,31,30,-1.0,-3.2258,divergente,
27,K,K — Quantidade de estabelecimentos por porte(RAIS) (Metodologia Sebrae) 2022 / Microempresa,grupo,272,"Fabricação de pilhas, baterias e acumuladores elétricos",indisponivel,,,,,nao_atualizado,Não há na biblioteca nem na API endpoint de estabelecimentos por porte da RAIS/metodologia Sebrae com recorte anual e 4 portes (ano 2022)
27,L,L — Empresa de pequeno porte,grupo,272,"Fabricação de pilhas, baterias e acumuladores elétricos",indisponivel,,,,,nao_atualizado,Não há na biblioteca nem na API endpoint de estabelecimentos por porte da RAIS/metodologia Sebrae com recorte anual e 4 portes (ano 2022)
27,M,M — Empresa de médio porte,grupo,272,"Fabricação de pilhas, baterias e acumuladores elétricos",indisponivel,,,,,nao_atualizado,Não há na biblioteca nem na API endpoint de estabelecimentos por porte da RAIS/metodologia Sebrae com recorte anual e 4 portes (ano 2022)
27,N,N — Grande empresa,grupo,272,"Fabricação de pilhas, baterias e acumuladores elétricos",indisponivel,,,,,nao_atualizado,Não há na biblioteca nem na API endpoint de estabelecimentos por porte da RAIS/metodologia Sebrae com recorte anual e 4 portes (ano 2022)
27,O,O — Quantidade de estabelecimentos por porte(RAIS completa) (Metodologia Sebrae) 2023 / Microempresa,grupo,272,"Fabricação de pilhas, baterias e acumuladores elétricos",indisponivel,145,145,0.0,0.0,nao_atualizado,Não há na biblioteca nem na API endpoint de estabelecimentos por porte da RAIS/metodologia Sebrae com recorte anual e 4 portes (ano 2023)
27,P,P — Empresa de pequeno porte,grupo,272,"Fabricação de pilhas, baterias e acumuladores elétricos",indisponivel,32,32,0.0,0.0,nao_atualizado,Não há na biblioteca nem na API endpoint de estabelecimentos por porte da RAIS/metodologia Sebrae com recorte anual e 4 portes (ano 2023)
27,Q,Q — Empresa de médio porte,grupo,272,"Fabricação de pilhas, baterias e acumuladores elétricos",indisponivel,20,20,0.0,0.0,nao_atualizado,Não há na biblioteca nem na API endpoint de estabelecimentos por porte da RAIS/metodologia Sebrae com recorte anual e 4 portes (ano 2023)
27,R,R — Grande empresa,grupo,272,"Fabricação de pilhas, baterias e acumuladores elétricos",indisponivel,1,1,0.0,0.0,nao_atualizado,Não há na biblioteca nem na API endpoint de estabelecimentos por porte da RAIS/metodologia Sebrae com recorte anual e 4 portes (ano 2023)
27,S,S — Quantidade de estabelecimentos por porte(RAIS) (Metodologia Sebrae) 2024 / Microempresa,grupo,272,"Fabricação de pilhas, baterias e acumuladores elétricos",indisponivel,145,145,0.0,0.0,nao_atualizado,Não há na biblioteca nem na API endpoint de estabelecimentos por porte da RAIS/metodologia Sebrae com recorte anual e 4 portes (ano 2024)
27,T,T — Empresa de pequeno porte,grupo,272,"Fabricação de pilhas, baterias e acumuladores elétricos",indisponivel,30,30,0.0,0.0,nao_atualizado,Não há na biblioteca nem na API endpoint de estabelecimentos por porte da RAIS/metodologia Sebrae com recorte anual e 4 portes (ano 2024)
27,U,U — Empresa de médio porte,grupo,272,"Fabricação de pilhas, baterias e acumuladores elétricos",indisponivel,22,22,0.0,0.0,nao_atualizado,Não há na biblioteca nem na API endpoint de estabelecimentos por porte da RAIS/metodologia Sebrae com recorte anual e 4 portes (ano 2024)
27,V,V — Grande empresa,grupo,272,"Fabricação de pilhas, baterias e acumuladores elétricos",indisponivel,3,3,0.0,0.0,nao_atualizado,Não há na biblioteca nem na API endpoint de estabelecimentos por porte da RAIS/metodologia Sebrae com recorte anual e 4 portes (ano 2024)
28,D,D — EMPREGOS / Estoque 2022,grupo,273,Fabricação de equipamentos para distribuição e controle de energia elétrica,atualizado,56364,56364,0.0,0.0,identico,
28,E,E — Estoque 2023,grupo,273,Fabricação de equipamentos para distribuição e controle de energia elétrica,atualizado,57671,57487,-184.0,-0.3191,divergente,
28,F,F — Estoque 2024,grupo,273,Fabricação de equipamentos para distribuição e controle de energia elétrica,atualizado,62087,61880,-207.0,-0.3334,divergente,
28,G,G — Estoque 2025,grupo,273,Fabricação de equipamentos para distribuição e controle de energia elétrica,formula_preservada,62787,62572,-215.0,-0.3424,divergente,estoque projetado = coluna F + coluna J
28,H,H — Saldo / 2023 (jan-dez),grupo,273,Fabricação de equipamentos para distribuição e controle de energia elétrica,atualizado,1810,1809,-1.0,-0.0552,divergente,
28,I,I — 2024 (jan-dez),grupo,273,Fabricação de equipamentos para distribuição e controle de energia elétrica,atualizado,3500,3501,1.0,0.0286,divergente,
28,J,J — 2025 (jan-dez),grupo,273,Fabricação de equipamentos para distribuição e controle de energia elétrica,atualizado,700,692,-8.0,-1.1429,divergente,
28,K,K — Quantidade de estabelecimentos por porte(RAIS) (Metodologia Sebrae) 2022 / Microempresa,grupo,273,Fabricação de equipamentos para distribuição e controle de energia elétrica,indisponivel,,,,,nao_atualizado,Não há na biblioteca nem na API endpoint de estabelecimentos por porte da RAIS/metodologia Sebrae com recorte anual e 4 portes (ano 2022)
28,L,L — Empresa de pequeno porte,grupo,273,Fabricação de equipamentos para distribuição e controle de energia elétrica,indisponivel,,,,,nao_atualizado,Não há na biblioteca nem na API endpoint de estabelecimentos por porte da RAIS/metodologia Sebrae com recorte anual e 4 portes (ano 2022)
28,M,M — Empresa de médio porte,grupo,273,Fabricação de equipamentos para distribuição e controle de energia elétrica,indisponivel,,,,,nao_atualizado,Não há na biblioteca nem na API endpoint de estabelecimentos por porte da RAIS/metodologia Sebrae com recorte anual e 4 portes (ano 2022)
28,N,N — Grande empresa,grupo,273,Fabricação de equipamentos para distribuição e controle de energia elétrica,indisponivel,,,,,nao_atualizado,Não há na biblioteca nem na API endpoint de estabelecimentos por porte da RAIS/metodologia Sebrae com recorte anual e 4 portes (ano 2022)
28,O,O — Quantidade de estabelecimentos por porte(RAIS completa) (Metodologia Sebrae) 2023 / Microempresa,grupo,273,Fabricação de equipamentos para distribuição e controle de energia elétrica,indisponivel,2176,2176,0.0,0.0,nao_atualizado,Não há na biblioteca nem na API endpoint de estabelecimentos por porte da RAIS/metodologia Sebrae com recorte anual e 4 portes (ano 2023)
28,P,P — Empresa de pequeno porte,grupo,273,Fabricação de equipamentos para distribuição e controle de energia elétrica,indisponivel,313,313,0.0,0.0,nao_atualizado,Não há na biblioteca nem na API endpoint de estabelecimentos por porte da RAIS/metodologia Sebrae com recorte anual e 4 portes (ano 2023)
28,Q,Q — Empresa de médio porte,grupo,273,Fabricação de equipamentos para distribuição e controle de energia elétrica,indisponivel,110,110,0.0,0.0,nao_atualizado,Não há na biblioteca nem na API endpoint de estabelecimentos por porte da RAIS/metodologia Sebrae com recorte anual e 4 portes (ano 2023)
28,R,R — Grande empresa,grupo,273,Fabricação de equipamentos para distribuição e controle de energia elétrica,indisponivel,12,12,0.0,0.0,nao_atualizado,Não há na biblioteca nem na API endpoint de estabelecimentos por porte da RAIS/metodologia Sebrae com recorte anual e 4 portes (ano 2023)
28,S,S — Quantidade de estabelecimentos por porte(RAIS) (Metodologia Sebrae) 2024 / Microempresa,grupo,273,Fabricação de equipamentos para distribuição e controle de energia elétrica,indisponivel,2241,2241,0.0,0.0,nao_atualizado,Não há na biblioteca nem na API endpoint de estabelecimentos por porte da RAIS/metodologia Sebrae com recorte anual e 4 portes (ano 2024)
28,T,T — Empresa de pequeno porte,grupo,273,Fabricação de equipamentos para distribuição e controle de energia elétrica,indisponivel,333,333,0.0,0.0,nao_atualizado,Não há na biblioteca nem na API endpoint de estabelecimentos por porte da RAIS/metodologia Sebrae com recorte anual e 4 portes (ano 2024)
28,U,U — Empresa de médio porte,grupo,273,Fabricação de equipamentos para distribuição e controle de energia elétrica,indisponivel,118,118,0.0,0.0,nao_atualizado,Não há na biblioteca nem na API endpoint de estabelecimentos por porte da RAIS/metodologia Sebrae com recorte anual e 4 portes (ano 2024)
28,V,V — Grande empresa,grupo,273,Fabricação de equipamentos para distribuição e controle de energia elétrica,indisponivel,13,13,0.0,0.0,nao_atualizado,Não há na biblioteca nem na API endpoint de estabelecimentos por porte da RAIS/metodologia Sebrae com recorte anual e 4 portes (ano 2024)
29,D,D — EMPREGOS / Estoque 2022,grupo,274,Fabricação de lâmpadas e outros equipamentos de iluminação,atualizado,10893,10893,0.0,0.0,identico,
29,E,E — Estoque 2023,grupo,274,Fabricação de lâmpadas e outros equipamentos de iluminação,atualizado,10563,10483,-80.0,-0.7574,divergente,
29,F,F — Estoque 2024,grupo,274,Fabricação de lâmpadas e outros equipamentos de iluminação,atualizado,10713,10312,-401.0,-3.7431,divergente,
29,G,G — Estoque 2025,grupo,274,Fabricação de lâmpadas e outros equipamentos de iluminação,formula_preservada,10225,9820,-405.0,-3.9609,divergente,estoque projetado = coluna F + coluna J
29,H,H — Saldo / 2023 (jan-dez),grupo,274,Fabricação de lâmpadas e outros equipamentos de iluminação,atualizado,68,67,-1.0,-1.4706,divergente,
29,I,I — 2024 (jan-dez),grupo,274,Fabricação de lâmpadas e outros equipamentos de iluminação,atualizado,-236,-236,0.0,0.0,identico,
29,J,J — 2025 (jan-dez),grupo,274,Fabricação de lâmpadas e outros equipamentos de iluminação,atualizado,-488,-492,-4.0,-0.8197,divergente,
29,K,K — Quantidade de estabelecimentos por porte(RAIS) (Metodologia Sebrae) 2022 / Microempresa,grupo,274,Fabricação de lâmpadas e outros equipamentos de iluminação,indisponivel,,,,,nao_atualizado,Não há na biblioteca nem na API endpoint de estabelecimentos por porte da RAIS/metodologia Sebrae com recorte anual e 4 portes (ano 2022)
29,L,L — Empresa de pequeno porte,grupo,274,Fabricação de lâmpadas e outros equipamentos de iluminação,indisponivel,,,,,nao_atualizado,Não há na biblioteca nem na API endpoint de estabelecimentos por porte da RAIS/metodologia Sebrae com recorte anual e 4 portes (ano 2022)
29,M,M — Empresa de médio porte,grupo,274,Fabricação de lâmpadas e outros equipamentos de iluminação,indisponivel,,,,,nao_atualizado,Não há na biblioteca nem na API endpoint de estabelecimentos por porte da RAIS/metodologia Sebrae com recorte anual e 4 portes (ano 2022)
29,N,N — Grande empresa,grupo,274,Fabricação de lâmpadas e outros equipamentos de iluminação,indisponivel,,,,,nao_atualizado,Não há na biblioteca nem na API endpoint de estabelecimentos por porte da RAIS/metodologia Sebrae com recorte anual e 4 portes (ano 2022)
29,O,O — Quantidade de estabelecimentos por porte(RAIS completa) (Metodologia Sebrae) 2023 / Microempresa,grupo,274,Fabricação de lâmpadas e outros equipamentos de iluminação,indisponivel,894,894,0.0,0.0,nao_atualizado,Não há na biblioteca nem na API endpoint de estabelecimentos por porte da RAIS/metodologia Sebrae com recorte anual e 4 portes (ano 2023)
29,P,P — Empresa de pequeno porte,grupo,274,Fabricação de lâmpadas e outros equipamentos de iluminação,indisponivel,112,112,0.0,0.0,nao_atualizado,Não há na biblioteca nem na API endpoint de estabelecimentos por porte da RAIS/metodologia Sebrae com recorte anual e 4 portes (ano 2023)
29,Q,Q — Empresa de médio porte,grupo,274,Fabricação de lâmpadas e outros equipamentos de iluminação,indisponivel,16,16,0.0,0.0,nao_atualizado,Não há na biblioteca nem na API endpoint de estabelecimentos por porte da RAIS/metodologia Sebrae com recorte anual e 4 portes (ano 2023)
29,R,R — Grande empresa,grupo,274,Fabricação de lâmpadas e outros equipamentos de iluminação,indisponivel,null,null,,,nao_atualizado,Não há na biblioteca nem na API endpoint de estabelecimentos por porte da RAIS/metodologia Sebrae com recorte anual e 4 portes (ano 2023)
29,S,S — Quantidade de estabelecimentos por porte(RAIS) (Metodologia Sebrae) 2024 / Microempresa,grupo,274,Fabricação de lâmpadas e outros equipamentos de iluminação,indisponivel,919,919,0.0,0.0,nao_atualizado,Não há na biblioteca nem na API endpoint de estabelecimentos por porte da RAIS/metodologia Sebrae com recorte anual e 4 portes (ano 2024)
29,T,T — Empresa de pequeno porte,grupo,274,Fabricação de lâmpadas e outros equipamentos de iluminação,indisponivel,114,114,0.0,0.0,nao_atualizado,Não há na biblioteca nem na API endpoint de estabelecimentos por porte da RAIS/metodologia Sebrae com recorte anual e 4 portes (ano 2024)
29,U,U — Empresa de médio porte,grupo,274,Fabricação de lâmpadas e outros equipamentos de iluminação,indisponivel,15,15,0.0,0.0,nao_atualizado,Não há na biblioteca nem na API endpoint de estabelecimentos por porte da RAIS/metodologia Sebrae com recorte anual e 4 portes (ano 2024)
29,V,V — Grande empresa,grupo,274,Fabricação de lâmpadas e outros equipamentos de iluminação,indisponivel,null,null,,,nao_atualizado,Não há na biblioteca nem na API endpoint de estabelecimentos por porte da RAIS/metodologia Sebrae com recorte anual e 4 portes (ano 2024)
30,D,D — EMPREGOS / Estoque 2022,grupo,275,Fabricação de eletrodomésticos,atualizado,49521,49521,0.0,0.0,identico,
30,E,E — Estoque 2023,grupo,275,Fabricação de eletrodomésticos,atualizado,48863,48718,-145.0,-0.2967,divergente,
30,F,F — Estoque 2024,grupo,275,Fabricação de eletrodomésticos,atualizado,55869,55696,-173.0,-0.3097,divergente,
30,G,G — Estoque 2025,grupo,275,Fabricação de eletrodomésticos,formula_preservada,56921,56740,-181.0,-0.318,divergente,estoque projetado = coluna F + coluna J
30,H,H — Saldo / 2023 (jan-dez),grupo,275,Fabricação de eletrodomésticos,atualizado,525,525,0.0,0.0,identico,
30,I,I — 2024 (jan-dez),grupo,275,Fabricação de eletrodomésticos,atualizado,7192,7193,1.0,0.0139,divergente,
30,J,J — 2025 (jan-dez),grupo,275,Fabricação de eletrodomésticos,atualizado,1052,1044,-8.0,-0.7605,divergente,
30,K,K — Quantidade de estabelecimentos por porte(RAIS) (Metodologia Sebrae) 2022 / Microempresa,grupo,275,Fabricação de eletrodomésticos,indisponivel,,,,,nao_atualizado,Não há na biblioteca nem na API endpoint de estabelecimentos por porte da RAIS/metodologia Sebrae com recorte anual e 4 portes (ano 2022)
30,L,L — Empresa de pequeno porte,grupo,275,Fabricação de eletrodomésticos,indisponivel,,,,,nao_atualizado,Não há na biblioteca nem na API endpoint de estabelecimentos por porte da RAIS/metodologia Sebrae com recorte anual e 4 portes (ano 2022)
30,M,M — Empresa de médio porte,grupo,275,Fabricação de eletrodomésticos,indisponivel,,,,,nao_atualizado,Não há na biblioteca nem na API endpoint de estabelecimentos por porte da RAIS/metodologia Sebrae com recorte anual e 4 portes (ano 2022)
30,N,N — Grande empresa,grupo,275,Fabricação de eletrodomésticos,indisponivel,,,,,nao_atualizado,Não há na biblioteca nem na API endpoint de estabelecimentos por porte da RAIS/metodologia Sebrae com recorte anual e 4 portes (ano 2022)
30,O,O — Quantidade de estabelecimentos por porte(RAIS completa) (Metodologia Sebrae) 2023 / Microempresa,grupo,275,Fabricação de eletrodomésticos,indisponivel,499,499,0.0,0.0,nao_atualizado,Não há na biblioteca nem na API endpoint de estabelecimentos por porte da RAIS/metodologia Sebrae com recorte anual e 4 portes (ano 2023)
30,P,P — Empresa de pequeno porte,grupo,275,Fabricação de eletrodomésticos,indisponivel,102,102,0.0,0.0,nao_atualizado,Não há na biblioteca nem na API endpoint de estabelecimentos por porte da RAIS/metodologia Sebrae com recorte anual e 4 portes (ano 2023)
30,Q,Q — Empresa de médio porte,grupo,275,Fabricação de eletrodomésticos,indisponivel,42,42,0.0,0.0,nao_atualizado,Não há na biblioteca nem na API endpoint de estabelecimentos por porte da RAIS/metodologia Sebrae com recorte anual e 4 portes (ano 2023)
30,R,R — Grande empresa,grupo,275,Fabricação de eletrodomésticos,indisponivel,9,9,0.0,0.0,nao_atualizado,Não há na biblioteca nem na API endpoint de estabelecimentos por porte da RAIS/metodologia Sebrae com recorte anual e 4 portes (ano 2023)
30,S,S — Quantidade de estabelecimentos por porte(RAIS) (Metodologia Sebrae) 2024 / Microempresa,grupo,275,Fabricação de eletrodomésticos,indisponivel,522,522,0.0,0.0,nao_atualizado,Não há na biblioteca nem na API endpoint de estabelecimentos por porte da RAIS/metodologia Sebrae com recorte anual e 4 portes (ano 2024)
30,T,T — Empresa de pequeno porte,grupo,275,Fabricação de eletrodomésticos,indisponivel,92,92,0.0,0.0,nao_atualizado,Não há na biblioteca nem na API endpoint de estabelecimentos por porte da RAIS/metodologia Sebrae com recorte anual e 4 portes (ano 2024)
30,U,U — Empresa de médio porte,grupo,275,Fabricação de eletrodomésticos,indisponivel,49,49,0.0,0.0,nao_atualizado,Não há na biblioteca nem na API endpoint de estabelecimentos por porte da RAIS/metodologia Sebrae com recorte anual e 4 portes (ano 2024)
30,V,V — Grande empresa,grupo,275,Fabricação de eletrodomésticos,indisponivel,14,14,0.0,0.0,nao_atualizado,Não há na biblioteca nem na API endpoint de estabelecimentos por porte da RAIS/metodologia Sebrae com recorte anual e 4 portes (ano 2024)
31,D,D — EMPREGOS / Estoque 2022,grupo,279,Fabricação de equipamentos e aparelhos elétricos não especificados anteriormente,atualizado,29552,29552,0.0,0.0,identico,
31,E,E — Estoque 2023,grupo,279,Fabricação de equipamentos e aparelhos elétricos não especificados anteriormente,atualizado,30718,30611,-107.0,-0.3483,divergente,
31,F,F — Estoque 2024,grupo,279,Fabricação de equipamentos e aparelhos elétricos não especificados anteriormente,atualizado,32439,32324,-115.0,-0.3545,divergente,
31,G,G — Estoque 2025,grupo,279,Fabricação de equipamentos e aparelhos elétricos não especificados anteriormente,formula_preservada,32633,32530,-103.0,-0.3156,divergente,estoque projetado = coluna F + coluna J
31,H,H — Saldo / 2023 (jan-dez),grupo,279,Fabricação de equipamentos e aparelhos elétricos não especificados anteriormente,atualizado,472,472,0.0,0.0,identico,
31,I,I — 2024 (jan-dez),grupo,279,Fabricação de equipamentos e aparelhos elétricos não especificados anteriormente,atualizado,1723,1723,0.0,0.0,identico,
31,J,J — 2025 (jan-dez),grupo,279,Fabricação de equipamentos e aparelhos elétricos não especificados anteriormente,atualizado,194,206,12.0,6.1856,divergente,
31,K,K — Quantidade de estabelecimentos por porte(RAIS) (Metodologia Sebrae) 2022 / Microempresa,grupo,279,Fabricação de equipamentos e aparelhos elétricos não especificados anteriormente,indisponivel,,,,,nao_atualizado,Não há na biblioteca nem na API endpoint de estabelecimentos por porte da RAIS/metodologia Sebrae com recorte anual e 4 portes (ano 2022)
31,L,L — Empresa de pequeno porte,grupo,279,Fabricação de equipamentos e aparelhos elétricos não especificados anteriormente,indisponivel,,,,,nao_atualizado,Não há na biblioteca nem na API endpoint de estabelecimentos por porte da RAIS/metodologia Sebrae com recorte anual e 4 portes (ano 2022)
31,M,M — Empresa de médio porte,grupo,279,Fabricação de equipamentos e aparelhos elétricos não especificados anteriormente,indisponivel,,,,,nao_atualizado,Não há na biblioteca nem na API endpoint de estabelecimentos por porte da RAIS/metodologia Sebrae com recorte anual e 4 portes (ano 2022)
31,N,N — Grande empresa,grupo,279,Fabricação de equipamentos e aparelhos elétricos não especificados anteriormente,indisponivel,,,,,nao_atualizado,Não há na biblioteca nem na API endpoint de estabelecimentos por porte da RAIS/metodologia Sebrae com recorte anual e 4 portes (ano 2022)
31,O,O — Quantidade de estabelecimentos por porte(RAIS completa) (Metodologia Sebrae) 2023 / Microempresa,grupo,279,Fabricação de equipamentos e aparelhos elétricos não especificados anteriormente,indisponivel,1477,1477,0.0,0.0,nao_atualizado,Não há na biblioteca nem na API endpoint de estabelecimentos por porte da RAIS/metodologia Sebrae com recorte anual e 4 portes (ano 2023)
31,P,P — Empresa de pequeno porte,grupo,279,Fabricação de equipamentos e aparelhos elétricos não especificados anteriormente,indisponivel,196,196,0.0,0.0,nao_atualizado,Não há na biblioteca nem na API endpoint de estabelecimentos por porte da RAIS/metodologia Sebrae com recorte anual e 4 portes (ano 2023)
31,Q,Q — Empresa de médio porte,grupo,279,Fabricação de equipamentos e aparelhos elétricos não especificados anteriormente,indisponivel,52,52,0.0,0.0,nao_atualizado,Não há na biblioteca nem na API endpoint de estabelecimentos por porte da RAIS/metodologia Sebrae com recorte anual e 4 portes (ano 2023)
31,R,R — Grande empresa,grupo,279,Fabricação de equipamentos e aparelhos elétricos não especificados anteriormente,indisponivel,7,7,0.0,0.0,nao_atualizado,Não há na biblioteca nem na API endpoint de estabelecimentos por porte da RAIS/metodologia Sebrae com recorte anual e 4 portes (ano 2023)
31,S,S — Quantidade de estabelecimentos por porte(RAIS) (Metodologia Sebrae) 2024 / Microempresa,grupo,279,Fabricação de equipamentos e aparelhos elétricos não especificados anteriormente,indisponivel,1498,1498,0.0,0.0,nao_atualizado,Não há na biblioteca nem na API endpoint de estabelecimentos por porte da RAIS/metodologia Sebrae com recorte anual e 4 portes (ano 2024)
31,T,T — Empresa de pequeno porte,grupo,279,Fabricação de equipamentos e aparelhos elétricos não especificados anteriormente,indisponivel,205,205,0.0,0.0,nao_atualizado,Não há na biblioteca nem na API endpoint de estabelecimentos por porte da RAIS/metodologia Sebrae com recorte anual e 4 portes (ano 2024)
31,U,U — Empresa de médio porte,grupo,279,Fabricação de equipamentos e aparelhos elétricos não especificados anteriormente,indisponivel,54,54,0.0,0.0,nao_atualizado,Não há na biblioteca nem na API endpoint de estabelecimentos por porte da RAIS/metodologia Sebrae com recorte anual e 4 portes (ano 2024)
31,V,V — Grande empresa,grupo,279,Fabricação de equipamentos e aparelhos elétricos não especificados anteriormente,indisponivel,6,6,0.0,0.0,nao_atualizado,Não há na biblioteca nem na API endpoint de estabelecimentos por porte da RAIS/metodologia Sebrae com recorte anual e 4 portes (ano 2024)
32,D,D — EMPREGOS / Estoque 2022,grupo,281,"Fabricação de motores, bombas, compressores e equipamentos de transmissão",atualizado,58417,58417,0.0,0.0,identico,
32,E,E — Estoque 2023,grupo,281,"Fabricação de motores, bombas, compressores e equipamentos de transmissão",atualizado,57003,56777,-226.0,-0.3965,divergente,
32,F,F — Estoque 2024,grupo,281,"Fabricação de motores, bombas, compressores e equipamentos de transmissão",atualizado,59989,59713,-276.0,-0.4601,divergente,
32,G,G — Estoque 2025,grupo,281,"Fabricação de motores, bombas, compressores e equipamentos de transmissão",formula_preservada,60199,59925,-274.0,-0.4552,divergente,estoque projetado = coluna F + coluna J
32,H,H — Saldo / 2023 (jan-dez),grupo,281,"Fabricação de motores, bombas, compressores e equipamentos de transmissão",atualizado,-384,-383,1.0,0.2604,divergente,
32,I,I — 2024 (jan-dez),grupo,281,"Fabricação de motores, bombas, compressores e equipamentos de transmissão",atualizado,2875,2875,0.0,0.0,identico,
32,J,J — 2025 (jan-dez),grupo,281,"Fabricação de motores, bombas, compressores e equipamentos de transmissão",atualizado,210,212,2.0,0.9524,divergente,
32,K,K — Quantidade de estabelecimentos por porte(RAIS) (Metodologia Sebrae) 2022 / Microempresa,grupo,281,"Fabricação de motores, bombas, compressores e equipamentos de transmissão",indisponivel,,,,,nao_atualizado,Não há na biblioteca nem na API endpoint de estabelecimentos por porte da RAIS/metodologia Sebrae com recorte anual e 4 portes (ano 2022)
32,L,L — Empresa de pequeno porte,grupo,281,"Fabricação de motores, bombas, compressores e equipamentos de transmissão",indisponivel,,,,,nao_atualizado,Não há na biblioteca nem na API endpoint de estabelecimentos por porte da RAIS/metodologia Sebrae com recorte anual e 4 portes (ano 2022)
32,M,M — Empresa de médio porte,grupo,281,"Fabricação de motores, bombas, compressores e equipamentos de transmissão",indisponivel,,,,,nao_atualizado,Não há na biblioteca nem na API endpoint de estabelecimentos por porte da RAIS/metodologia Sebrae com recorte anual e 4 portes (ano 2022)
32,N,N — Grande empresa,grupo,281,"Fabricação de motores, bombas, compressores e equipamentos de transmissão",indisponivel,,,,,nao_atualizado,Não há na biblioteca nem na API endpoint de estabelecimentos por porte da RAIS/metodologia Sebrae com recorte anual e 4 portes (ano 2022)
32,O,O — Quantidade de estabelecimentos por porte(RAIS completa) (Metodologia Sebrae) 2023 / Microempresa,grupo,281,"Fabricação de motores, bombas, compressores e equipamentos de transmissão",indisponivel,1506,1506,0.0,0.0,nao_atualizado,Não há na biblioteca nem na API endpoint de estabelecimentos por porte da RAIS/metodologia Sebrae com recorte anual e 4 portes (ano 2023)
32,P,P — Empresa de pequeno porte,grupo,281,"Fabricação de motores, bombas, compressores e equipamentos de transmissão",indisponivel,273,273,0.0,0.0,nao_atualizado,Não há na biblioteca nem na API endpoint de estabelecimentos por porte da RAIS/metodologia Sebrae com recorte anual e 4 portes (ano 2023)
32,Q,Q — Empresa de médio porte,grupo,281,"Fabricação de motores, bombas, compressores e equipamentos de transmissão",indisponivel,101,101,0.0,0.0,nao_atualizado,Não há na biblioteca nem na API endpoint de estabelecimentos por porte da RAIS/metodologia Sebrae com recorte anual e 4 portes (ano 2023)
32,R,R — Grande empresa,grupo,281,"Fabricação de motores, bombas, compressores e equipamentos de transmissão",indisponivel,11,11,0.0,0.0,nao_atualizado,Não há na biblioteca nem na API endpoint de estabelecimentos por porte da RAIS/metodologia Sebrae com recorte anual e 4 portes (ano 2023)
32,S,S — Quantidade de estabelecimentos por porte(RAIS) (Metodologia Sebrae) 2024 / Microempresa,grupo,281,"Fabricação de motores, bombas, compressores e equipamentos de transmissão",indisponivel,1553,1553,0.0,0.0,nao_atualizado,Não há na biblioteca nem na API endpoint de estabelecimentos por porte da RAIS/metodologia Sebrae com recorte anual e 4 portes (ano 2024)
32,T,T — Empresa de pequeno porte,grupo,281,"Fabricação de motores, bombas, compressores e equipamentos de transmissão",indisponivel,266,266,0.0,0.0,nao_atualizado,Não há na biblioteca nem na API endpoint de estabelecimentos por porte da RAIS/metodologia Sebrae com recorte anual e 4 portes (ano 2024)
32,U,U — Empresa de médio porte,grupo,281,"Fabricação de motores, bombas, compressores e equipamentos de transmissão",indisponivel,108,108,0.0,0.0,nao_atualizado,Não há na biblioteca nem na API endpoint de estabelecimentos por porte da RAIS/metodologia Sebrae com recorte anual e 4 portes (ano 2024)
32,V,V — Grande empresa,grupo,281,"Fabricação de motores, bombas, compressores e equipamentos de transmissão",indisponivel,13,13,0.0,0.0,nao_atualizado,Não há na biblioteca nem na API endpoint de estabelecimentos por porte da RAIS/metodologia Sebrae com recorte anual e 4 portes (ano 2024)
33,D,D — EMPREGOS / Estoque 2022,grupo,282,Fabricação de máquinas e equipamentos de uso geral,atualizado,111695,111695,0.0,0.0,identico,
33,E,E — Estoque 2023,grupo,282,Fabricação de máquinas e equipamentos de uso geral,atualizado,115803,115233,-570.0,-0.4922,divergente,
33,F,F — Estoque 2024,grupo,282,Fabricação de máquinas e equipamentos de uso geral,atualizado,121689,121025,-664.0,-0.5457,divergente,
33,G,G — Estoque 2025,grupo,282,Fabricação de máquinas e equipamentos de uso geral,formula_preservada,123812,123260,-552.0,-0.4458,divergente,estoque projetado = coluna F + coluna J
33,H,H — Saldo / 2023 (jan-dez),grupo,282,Fabricação de máquinas e equipamentos de uso geral,atualizado,2786,2797,11.0,0.3948,divergente,
33,I,I — 2024 (jan-dez),grupo,282,Fabricação de máquinas e equipamentos de uso geral,atualizado,5803,5802,-1.0,-0.0172,divergente,
33,J,J — 2025 (jan-dez),grupo,282,Fabricação de máquinas e equipamentos de uso geral,atualizado,2123,2235,112.0,5.2756,divergente,
33,K,K — Quantidade de estabelecimentos por porte(RAIS) (Metodologia Sebrae) 2022 / Microempresa,grupo,282,Fabricação de máquinas e equipamentos de uso geral,indisponivel,,,,,nao_atualizado,Não há na biblioteca nem na API endpoint de estabelecimentos por porte da RAIS/metodologia Sebrae com recorte anual e 4 portes (ano 2022)
33,L,L — Empresa de pequeno porte,grupo,282,Fabricação de máquinas e equipamentos de uso geral,indisponivel,,,,,nao_atualizado,Não há na biblioteca nem na API endpoint de estabelecimentos por porte da RAIS/metodologia Sebrae com recorte anual e 4 portes (ano 2022)
33,M,M — Empresa de médio porte,grupo,282,Fabricação de máquinas e equipamentos de uso geral,indisponivel,,,,,nao_atualizado,Não há na biblioteca nem na API endpoint de estabelecimentos por porte da RAIS/metodologia Sebrae com recorte anual e 4 portes (ano 2022)
33,N,N — Grande empresa,grupo,282,Fabricação de máquinas e equipamentos de uso geral,indisponivel,,,,,nao_atualizado,Não há na biblioteca nem na API endpoint de estabelecimentos por porte da RAIS/metodologia Sebrae com recorte anual e 4 portes (ano 2022)
33,O,O — Quantidade de estabelecimentos por porte(RAIS completa) (Metodologia Sebrae) 2023 / Microempresa,grupo,282,Fabricação de máquinas e equipamentos de uso geral,indisponivel,6352,6352,0.0,0.0,nao_atualizado,Não há na biblioteca nem na API endpoint de estabelecimentos por porte da RAIS/metodologia Sebrae com recorte anual e 4 portes (ano 2023)
33,P,P — Empresa de pequeno porte,grupo,282,Fabricação de máquinas e equipamentos de uso geral,indisponivel,949,949,0.0,0.0,nao_atualizado,Não há na biblioteca nem na API endpoint de estabelecimentos por porte da RAIS/metodologia Sebrae com recorte anual e 4 portes (ano 2023)
33,Q,Q — Empresa de médio porte,grupo,282,Fabricação de máquinas e equipamentos de uso geral,indisponivel,185,185,0.0,0.0,nao_atualizado,Não há na biblioteca nem na API endpoint de estabelecimentos por porte da RAIS/metodologia Sebrae com recorte anual e 4 portes (ano 2023)
33,R,R — Grande empresa,grupo,282,Fabricação de máquinas e equipamentos de uso geral,indisponivel,21,21,0.0,0.0,nao_atualizado,Não há na biblioteca nem na API endpoint de estabelecimentos por porte da RAIS/metodologia Sebrae com recorte anual e 4 portes (ano 2023)
33,S,S — Quantidade de estabelecimentos por porte(RAIS) (Metodologia Sebrae) 2024 / Microempresa,grupo,282,Fabricação de máquinas e equipamentos de uso geral,indisponivel,6527,6527,0.0,0.0,nao_atualizado,Não há na biblioteca nem na API endpoint de estabelecimentos por porte da RAIS/metodologia Sebrae com recorte anual e 4 portes (ano 2024)
33,T,T — Empresa de pequeno porte,grupo,282,Fabricação de máquinas e equipamentos de uso geral,indisponivel,959,959,0.0,0.0,nao_atualizado,Não há na biblioteca nem na API endpoint de estabelecimentos por porte da RAIS/metodologia Sebrae com recorte anual e 4 portes (ano 2024)
33,U,U — Empresa de médio porte,grupo,282,Fabricação de máquinas e equipamentos de uso geral,indisponivel,204,204,0.0,0.0,nao_atualizado,Não há na biblioteca nem na API endpoint de estabelecimentos por porte da RAIS/metodologia Sebrae com recorte anual e 4 portes (ano 2024)
33,V,V — Grande empresa,grupo,282,Fabricação de máquinas e equipamentos de uso geral,indisponivel,20,20,0.0,0.0,nao_atualizado,Não há na biblioteca nem na API endpoint de estabelecimentos por porte da RAIS/metodologia Sebrae com recorte anual e 4 portes (ano 2024)
34,D,D — EMPREGOS / Estoque 2022,grupo,283,Fabricação de tratores e de máquinas e equipamentos para a agricultura e pecuária,atualizado,100639,100639,0.0,0.0,identico,
34,E,E — Estoque 2023,grupo,283,Fabricação de tratores e de máquinas e equipamentos para a agricultura e pecuária,atualizado,95748,95462,-286.0,-0.2987,divergente,
34,F,F — Estoque 2024,grupo,283,Fabricação de tratores e de máquinas e equipamentos para a agricultura e pecuária,atualizado,92890,92554,-336.0,-0.3617,divergente,
34,G,G — Estoque 2025,grupo,283,Fabricação de tratores e de máquinas e equipamentos para a agricultura e pecuária,formula_preservada,96856,96520,-336.0,-0.3469,divergente,estoque projetado = coluna F + coluna J
34,H,H — Saldo / 2023 (jan-dez),grupo,283,Fabricação de tratores e de máquinas e equipamentos para a agricultura e pecuária,atualizado,-3356,-3354,2.0,0.0596,divergente,
34,I,I — 2024 (jan-dez),grupo,283,Fabricação de tratores e de máquinas e equipamentos para a agricultura e pecuária,atualizado,-1309,-1250,59.0,4.5073,divergente,
34,J,J — 2025 (jan-dez),grupo,283,Fabricação de tratores e de máquinas e equipamentos para a agricultura e pecuária,atualizado,3966,3966,0.0,0.0,identico,
34,K,K — Quantidade de estabelecimentos por porte(RAIS) (Metodologia Sebrae) 2022 / Microempresa,grupo,283,Fabricação de tratores e de máquinas e equipamentos para a agricultura e pecuária,indisponivel,,,,,nao_atualizado,Não há na biblioteca nem na API endpoint de estabelecimentos por porte da RAIS/metodologia Sebrae com recorte anual e 4 portes (ano 2022)
34,L,L — Empresa de pequeno porte,grupo,283,Fabricação de tratores e de máquinas e equipamentos para a agricultura e pecuária,indisponivel,,,,,nao_atualizado,Não há na biblioteca nem na API endpoint de estabelecimentos por porte da RAIS/metodologia Sebrae com recorte anual e 4 portes (ano 2022)
34,M,M — Empresa de médio porte,grupo,283,Fabricação de tratores e de máquinas e equipamentos para a agricultura e pecuária,indisponivel,,,,,nao_atualizado,Não há na biblioteca nem na API endpoint de estabelecimentos por porte da RAIS/metodologia Sebrae com recorte anual e 4 portes (ano 2022)
34,N,N — Grande empresa,grupo,283,Fabricação de tratores e de máquinas e equipamentos para a agricultura e pecuária,indisponivel,,,,,nao_atualizado,Não há na biblioteca nem na API endpoint de estabelecimentos por porte da RAIS/metodologia Sebrae com recorte anual e 4 portes (ano 2022)
34,O,O — Quantidade de estabelecimentos por porte(RAIS completa) (Metodologia Sebrae) 2023 / Microempresa,grupo,283,Fabricação de tratores e de máquinas e equipamentos para a agricultura e pecuária,indisponivel,2760,2760,0.0,0.0,nao_atualizado,Não há na biblioteca nem na API endpoint de estabelecimentos por porte da RAIS/metodologia Sebrae com recorte anual e 4 portes (ano 2023)
34,P,P — Empresa de pequeno porte,grupo,283,Fabricação de tratores e de máquinas e equipamentos para a agricultura e pecuária,indisponivel,414,414,0.0,0.0,nao_atualizado,Não há na biblioteca nem na API endpoint de estabelecimentos por porte da RAIS/metodologia Sebrae com recorte anual e 4 portes (ano 2023)
34,Q,Q — Empresa de médio porte,grupo,283,Fabricação de tratores e de máquinas e equipamentos para a agricultura e pecuária,indisponivel,119,119,0.0,0.0,nao_atualizado,Não há na biblioteca nem na API endpoint de estabelecimentos por porte da RAIS/metodologia Sebrae com recorte anual e 4 portes (ano 2023)
34,R,R — Grande empresa,grupo,283,Fabricação de tratores e de máquinas e equipamentos para a agricultura e pecuária,indisponivel,21,21,0.0,0.0,nao_atualizado,Não há na biblioteca nem na API endpoint de estabelecimentos por porte da RAIS/metodologia Sebrae com recorte anual e 4 portes (ano 2023)
34,S,S — Quantidade de estabelecimentos por porte(RAIS) (Metodologia Sebrae) 2024 / Microempresa,grupo,283,Fabricação de tratores e de máquinas e equipamentos para a agricultura e pecuária,indisponivel,2926,2926,0.0,0.0,nao_atualizado,Não há na biblioteca nem na API endpoint de estabelecimentos por porte da RAIS/metodologia Sebrae com recorte anual e 4 portes (ano 2024)
34,T,T — Empresa de pequeno porte,grupo,283,Fabricação de tratores e de máquinas e equipamentos para a agricultura e pecuária,indisponivel,402,402,0.0,0.0,nao_atualizado,Não há na biblioteca nem na API endpoint de estabelecimentos por porte da RAIS/metodologia Sebrae com recorte anual e 4 portes (ano 2024)
34,U,U — Empresa de médio porte,grupo,283,Fabricação de tratores e de máquinas e equipamentos para a agricultura e pecuária,indisponivel,121,121,0.0,0.0,nao_atualizado,Não há na biblioteca nem na API endpoint de estabelecimentos por porte da RAIS/metodologia Sebrae com recorte anual e 4 portes (ano 2024)
34,V,V — Grande empresa,grupo,283,Fabricação de tratores e de máquinas e equipamentos para a agricultura e pecuária,indisponivel,18,18,0.0,0.0,nao_atualizado,Não há na biblioteca nem na API endpoint de estabelecimentos por porte da RAIS/metodologia Sebrae com recorte anual e 4 portes (ano 2024)
35,D,D — EMPREGOS / Estoque 2022,grupo,284,Fabricação de máquinas-ferramenta,atualizado,19350,19350,0.0,0.0,identico,
35,E,E — Estoque 2023,grupo,284,Fabricação de máquinas-ferramenta,atualizado,18215,18097,-118.0,-0.6478,divergente,
35,F,F — Estoque 2024,grupo,284,Fabricação de máquinas-ferramenta,atualizado,18204,18073,-131.0,-0.7196,divergente,
35,G,G — Estoque 2025,grupo,284,Fabricação de máquinas-ferramenta,formula_preservada,18798,18669,-129.0,-0.6862,divergente,estoque projetado = coluna F + coluna J
35,H,H — Saldo / 2023 (jan-dez),grupo,284,Fabricação de máquinas-ferramenta,atualizado,-800,-801,-1.0,-0.125,divergente,
35,I,I — 2024 (jan-dez),grupo,284,Fabricação de máquinas-ferramenta,atualizado,110,110,0.0,0.0,identico,
35,J,J — 2025 (jan-dez),grupo,284,Fabricação de máquinas-ferramenta,atualizado,594,596,2.0,0.3367,divergente,
35,K,K — Quantidade de estabelecimentos por porte(RAIS) (Metodologia Sebrae) 2022 / Microempresa,grupo,284,Fabricação de máquinas-ferramenta,indisponivel,,,,,nao_atualizado,Não há na biblioteca nem na API endpoint de estabelecimentos por porte da RAIS/metodologia Sebrae com recorte anual e 4 portes (ano 2022)
35,L,L — Empresa de pequeno porte,grupo,284,Fabricação de máquinas-ferramenta,indisponivel,,,,,nao_atualizado,Não há na biblioteca nem na API endpoint de estabelecimentos por porte da RAIS/metodologia Sebrae com recorte anual e 4 portes (ano 2022)
35,M,M — Empresa de médio porte,grupo,284,Fabricação de máquinas-ferramenta,indisponivel,,,,,nao_atualizado,Não há na biblioteca nem na API endpoint de estabelecimentos por porte da RAIS/metodologia Sebrae com recorte anual e 4 portes (ano 2022)
35,N,N — Grande empresa,grupo,284,Fabricação de máquinas-ferramenta,indisponivel,,,,,nao_atualizado,Não há na biblioteca nem na API endpoint de estabelecimentos por porte da RAIS/metodologia Sebrae com recorte anual e 4 portes (ano 2022)
35,O,O — Quantidade de estabelecimentos por porte(RAIS completa) (Metodologia Sebrae) 2023 / Microempresa,grupo,284,Fabricação de máquinas-ferramenta,indisponivel,1422,1422,0.0,0.0,nao_atualizado,Não há na biblioteca nem na API endpoint de estabelecimentos por porte da RAIS/metodologia Sebrae com recorte anual e 4 portes (ano 2023)
35,P,P — Empresa de pequeno porte,grupo,284,Fabricação de máquinas-ferramenta,indisponivel,140,140,0.0,0.0,nao_atualizado,Não há na biblioteca nem na API endpoint de estabelecimentos por porte da RAIS/metodologia Sebrae com recorte anual e 4 portes (ano 2023)
35,Q,Q — Empresa de médio porte,grupo,284,Fabricação de máquinas-ferramenta,indisponivel,17,17,0.0,0.0,nao_atualizado,Não há na biblioteca nem na API endpoint de estabelecimentos por porte da RAIS/metodologia Sebrae com recorte anual e 4 portes (ano 2023)
35,R,R — Grande empresa,grupo,284,Fabricação de máquinas-ferramenta,indisponivel,2,2,0.0,0.0,nao_atualizado,Não há na biblioteca nem na API endpoint de estabelecimentos por porte da RAIS/metodologia Sebrae com recorte anual e 4 portes (ano 2023)
35,S,S — Quantidade de estabelecimentos por porte(RAIS) (Metodologia Sebrae) 2024 / Microempresa,grupo,284,Fabricação de máquinas-ferramenta,indisponivel,1460,1460,0.0,0.0,nao_atualizado,Não há na biblioteca nem na API endpoint de estabelecimentos por porte da RAIS/metodologia Sebrae com recorte anual e 4 portes (ano 2024)
35,T,T — Empresa de pequeno porte,grupo,284,Fabricação de máquinas-ferramenta,indisponivel,137,137,0.0,0.0,nao_atualizado,Não há na biblioteca nem na API endpoint de estabelecimentos por porte da RAIS/metodologia Sebrae com recorte anual e 4 portes (ano 2024)
35,U,U — Empresa de médio porte,grupo,284,Fabricação de máquinas-ferramenta,indisponivel,14,14,0.0,0.0,nao_atualizado,Não há na biblioteca nem na API endpoint de estabelecimentos por porte da RAIS/metodologia Sebrae com recorte anual e 4 portes (ano 2024)
35,V,V — Grande empresa,grupo,284,Fabricação de máquinas-ferramenta,indisponivel,3,3,0.0,0.0,nao_atualizado,Não há na biblioteca nem na API endpoint de estabelecimentos por porte da RAIS/metodologia Sebrae com recorte anual e 4 portes (ano 2024)
36,D,D — EMPREGOS / Estoque 2022,grupo,285,Fabricação de máquinas e equipamentos de uso na extração mineral e na construção,atualizado,29895,29895,0.0,0.0,identico,
36,E,E — Estoque 2023,grupo,285,Fabricação de máquinas e equipamentos de uso na extração mineral e na construção,atualizado,29086,29073,-13.0,-0.0447,divergente,
36,F,F — Estoque 2024,grupo,285,Fabricação de máquinas e equipamentos de uso na extração mineral e na construção,atualizado,29671,29652,-19.0,-0.064,divergente,
36,G,G — Estoque 2025,grupo,285,Fabricação de máquinas e equipamentos de uso na extração mineral e na construção,formula_preservada,30267,30250,-17.0,-0.0562,divergente,estoque projetado = coluna F + coluna J
36,H,H — Saldo / 2023 (jan-dez),grupo,285,Fabricação de máquinas e equipamentos de uso na extração mineral e na construção,atualizado,569,570,1.0,0.1757,divergente,
36,I,I — 2024 (jan-dez),grupo,285,Fabricação de máquinas e equipamentos de uso na extração mineral e na construção,atualizado,905,906,1.0,0.1105,divergente,
36,J,J — 2025 (jan-dez),grupo,285,Fabricação de máquinas e equipamentos de uso na extração mineral e na construção,atualizado,596,598,2.0,0.3356,divergente,
36,K,K — Quantidade de estabelecimentos por porte(RAIS) (Metodologia Sebrae) 2022 / Microempresa,grupo,285,Fabricação de máquinas e equipamentos de uso na extração mineral e na construção,indisponivel,,,,,nao_atualizado,Não há na biblioteca nem na API endpoint de estabelecimentos por porte da RAIS/metodologia Sebrae com recorte anual e 4 portes (ano 2022)
36,L,L — Empresa de pequeno porte,grupo,285,Fabricação de máquinas e equipamentos de uso na extração mineral e na construção,indisponivel,,,,,nao_atualizado,Não há na biblioteca nem na API endpoint de estabelecimentos por porte da RAIS/metodologia Sebrae com recorte anual e 4 portes (ano 2022)
36,M,M — Empresa de médio porte,grupo,285,Fabricação de máquinas e equipamentos de uso na extração mineral e na construção,indisponivel,,,,,nao_atualizado,Não há na biblioteca nem na API endpoint de estabelecimentos por porte da RAIS/metodologia Sebrae com recorte anual e 4 portes (ano 2022)
36,N,N — Grande empresa,grupo,285,Fabricação de máquinas e equipamentos de uso na extração mineral e na construção,indisponivel,,,,,nao_atualizado,Não há na biblioteca nem na API endpoint de estabelecimentos por porte da RAIS/metodologia Sebrae com recorte anual e 4 portes (ano 2022)
36,O,O — Quantidade de estabelecimentos por porte(RAIS completa) (Metodologia Sebrae) 2023 / Microempresa,grupo,285,Fabricação de máquinas e equipamentos de uso na extração mineral e na construção,indisponivel,404,404,0.0,0.0,nao_atualizado,Não há na biblioteca nem na API endpoint de estabelecimentos por porte da RAIS/metodologia Sebrae com recorte anual e 4 portes (ano 2023)
36,P,P — Empresa de pequeno porte,grupo,285,Fabricação de máquinas e equipamentos de uso na extração mineral e na construção,indisponivel,66,66,0.0,0.0,nao_atualizado,Não há na biblioteca nem na API endpoint de estabelecimentos por porte da RAIS/metodologia Sebrae com recorte anual e 4 portes (ano 2023)
36,Q,Q — Empresa de médio porte,grupo,285,Fabricação de máquinas e equipamentos de uso na extração mineral e na construção,indisponivel,34,34,0.0,0.0,nao_atualizado,Não há na biblioteca nem na API endpoint de estabelecimentos por porte da RAIS/metodologia Sebrae com recorte anual e 4 portes (ano 2023)
36,R,R — Grande empresa,grupo,285,Fabricação de máquinas e equipamentos de uso na extração mineral e na construção,indisponivel,12,12,0.0,0.0,nao_atualizado,Não há na biblioteca nem na API endpoint de estabelecimentos por porte da RAIS/metodologia Sebrae com recorte anual e 4 portes (ano 2023)
36,S,S — Quantidade de estabelecimentos por porte(RAIS) (Metodologia Sebrae) 2024 / Microempresa,grupo,285,Fabricação de máquinas e equipamentos de uso na extração mineral e na construção,indisponivel,412,412,0.0,0.0,nao_atualizado,Não há na biblioteca nem na API endpoint de estabelecimentos por porte da RAIS/metodologia Sebrae com recorte anual e 4 portes (ano 2024)
36,T,T — Empresa de pequeno porte,grupo,285,Fabricação de máquinas e equipamentos de uso na extração mineral e na construção,indisponivel,72,72,0.0,0.0,nao_atualizado,Não há na biblioteca nem na API endpoint de estabelecimentos por porte da RAIS/metodologia Sebrae com recorte anual e 4 portes (ano 2024)
36,U,U — Empresa de médio porte,grupo,285,Fabricação de máquinas e equipamentos de uso na extração mineral e na construção,indisponivel,32,32,0.0,0.0,nao_atualizado,Não há na biblioteca nem na API endpoint de estabelecimentos por porte da RAIS/metodologia Sebrae com recorte anual e 4 portes (ano 2024)
36,V,V — Grande empresa,grupo,285,Fabricação de máquinas e equipamentos de uso na extração mineral e na construção,indisponivel,10,10,0.0,0.0,nao_atualizado,Não há na biblioteca nem na API endpoint de estabelecimentos por porte da RAIS/metodologia Sebrae com recorte anual e 4 portes (ano 2024)
37,D,D — EMPREGOS / Estoque 2022,grupo,286,Fabricação de máquinas e equipamentos de uso industrial específico,atualizado,82164,82164,0.0,0.0,identico,
37,E,E — Estoque 2023,grupo,286,Fabricação de máquinas e equipamentos de uso industrial específico,atualizado,82344,81955,-389.0,-0.4724,divergente,
37,F,F — Estoque 2024,grupo,286,Fabricação de máquinas e equipamentos de uso industrial específico,atualizado,84724,84203,-521.0,-0.6149,divergente,
37,G,G — Estoque 2025,grupo,286,Fabricação de máquinas e equipamentos de uso industrial específico,formula_preservada,86330,85795,-535.0,-0.6197,divergente,estoque projetado = coluna F + coluna J
37,H,H — Saldo / 2023 (jan-dez),grupo,286,Fabricação de máquinas e equipamentos de uso industrial específico,atualizado,57,56,-1.0,-1.7544,divergente,
37,I,I — 2024 (jan-dez),grupo,286,Fabricação de máquinas e equipamentos de uso industrial específico,atualizado,2256,2253,-3.0,-0.133,divergente,
37,J,J — 2025 (jan-dez),grupo,286,Fabricação de máquinas e equipamentos de uso industrial específico,atualizado,1606,1592,-14.0,-0.8717,divergente,
37,K,K — Quantidade de estabelecimentos por porte(RAIS) (Metodologia Sebrae) 2022 / Microempresa,grupo,286,Fabricação de máquinas e equipamentos de uso industrial específico,indisponivel,,,,,nao_atualizado,Não há na biblioteca nem na API endpoint de estabelecimentos por porte da RAIS/metodologia Sebrae com recorte anual e 4 portes (ano 2022)
37,L,L — Empresa de pequeno porte,grupo,286,Fabricação de máquinas e equipamentos de uso industrial específico,indisponivel,,,,,nao_atualizado,Não há na biblioteca nem na API endpoint de estabelecimentos por porte da RAIS/metodologia Sebrae com recorte anual e 4 portes (ano 2022)
37,M,M — Empresa de médio porte,grupo,286,Fabricação de máquinas e equipamentos de uso industrial específico,indisponivel,,,,,nao_atualizado,Não há na biblioteca nem na API endpoint de estabelecimentos por porte da RAIS/metodologia Sebrae com recorte anual e 4 portes (ano 2022)
37,N,N — Grande empresa,grupo,286,Fabricação de máquinas e equipamentos de uso industrial específico,indisponivel,,,,,nao_atualizado,Não há na biblioteca nem na API endpoint de estabelecimentos por porte da RAIS/metodologia Sebrae com recorte anual e 4 portes (ano 2022)
37,O,O — Quantidade de estabelecimentos por porte(RAIS completa) (Metodologia Sebrae) 2023 / Microempresa,grupo,286,Fabricação de máquinas e equipamentos de uso industrial específico,indisponivel,5619,5619,0.0,0.0,nao_atualizado,Não há na biblioteca nem na API endpoint de estabelecimentos por porte da RAIS/metodologia Sebrae com recorte anual e 4 portes (ano 2023)
37,P,P — Empresa de pequeno porte,grupo,286,Fabricação de máquinas e equipamentos de uso industrial específico,indisponivel,711,711,0.0,0.0,nao_atualizado,Não há na biblioteca nem na API endpoint de estabelecimentos por porte da RAIS/metodologia Sebrae com recorte anual e 4 portes (ano 2023)
37,Q,Q — Empresa de médio porte,grupo,286,Fabricação de máquinas e equipamentos de uso industrial específico,indisponivel,145,145,0.0,0.0,nao_atualizado,Não há na biblioteca nem na API endpoint de estabelecimentos por porte da RAIS/metodologia Sebrae com recorte anual e 4 portes (ano 2023)
37,R,R — Grande empresa,grupo,286,Fabricação de máquinas e equipamentos de uso industrial específico,indisponivel,7,7,0.0,0.0,nao_atualizado,Não há na biblioteca nem na API endpoint de estabelecimentos por porte da RAIS/metodologia Sebrae com recorte anual e 4 portes (ano 2023)
37,S,S — Quantidade de estabelecimentos por porte(RAIS) (Metodologia Sebrae) 2024 / Microempresa,grupo,286,Fabricação de máquinas e equipamentos de uso industrial específico,indisponivel,5809,5809,0.0,0.0,nao_atualizado,Não há na biblioteca nem na API endpoint de estabelecimentos por porte da RAIS/metodologia Sebrae com recorte anual e 4 portes (ano 2024)
37,T,T — Empresa de pequeno porte,grupo,286,Fabricação de máquinas e equipamentos de uso industrial específico,indisponivel,709,709,0.0,0.0,nao_atualizado,Não há na biblioteca nem na API endpoint de estabelecimentos por porte da RAIS/metodologia Sebrae com recorte anual e 4 portes (ano 2024)
37,U,U — Empresa de médio porte,grupo,286,Fabricação de máquinas e equipamentos de uso industrial específico,indisponivel,156,156,0.0,0.0,nao_atualizado,Não há na biblioteca nem na API endpoint de estabelecimentos por porte da RAIS/metodologia Sebrae com recorte anual e 4 portes (ano 2024)
37,V,V — Grande empresa,grupo,286,Fabricação de máquinas e equipamentos de uso industrial específico,indisponivel,7,7,0.0,0.0,nao_atualizado,Não há na biblioteca nem na API endpoint de estabelecimentos por porte da RAIS/metodologia Sebrae com recorte anual e 4 portes (ano 2024)
38,D,D — EMPREGOS / Estoque 2022,grupo,292,Fabricação de caminhões e ônibus,atualizado,38697,38697,0.0,0.0,identico,
38,E,E — Estoque 2023,grupo,292,Fabricação de caminhões e ônibus,atualizado,37359,37358,-1.0,-0.0027,divergente,
38,F,F — Estoque 2024,grupo,292,Fabricação de caminhões e ônibus,atualizado,40313,40312,-1.0,-0.0025,divergente,
38,G,G — Estoque 2025,grupo,292,Fabricação de caminhões e ônibus,formula_preservada,38173,38173,0.0,0.0,identico,estoque projetado = coluna F + coluna J
38,H,H — Saldo / 2023 (jan-dez),grupo,292,Fabricação de caminhões e ônibus,atualizado,-1487,-1487,0.0,0.0,identico,
38,I,I — 2024 (jan-dez),grupo,292,Fabricação de caminhões e ônibus,atualizado,2893,2894,1.0,0.0346,divergente,
38,J,J — 2025 (jan-dez),grupo,292,Fabricação de caminhões e ônibus,atualizado,-2140,-2139,1.0,0.0467,divergente,
38,K,K — Quantidade de estabelecimentos por porte(RAIS) (Metodologia Sebrae) 2022 / Microempresa,grupo,292,Fabricação de caminhões e ônibus,indisponivel,,,,,nao_atualizado,Não há na biblioteca nem na API endpoint de estabelecimentos por porte da RAIS/metodologia Sebrae com recorte anual e 4 portes (ano 2022)
38,L,L — Empresa de pequeno porte,grupo,292,Fabricação de caminhões e ônibus,indisponivel,,,,,nao_atualizado,Não há na biblioteca nem na API endpoint de estabelecimentos por porte da RAIS/metodologia Sebrae com recorte anual e 4 portes (ano 2022)
38,M,M — Empresa de médio porte,grupo,292,Fabricação de caminhões e ônibus,indisponivel,,,,,nao_atualizado,Não há na biblioteca nem na API endpoint de estabelecimentos por porte da RAIS/metodologia Sebrae com recorte anual e 4 portes (ano 2022)
38,N,N — Grande empresa,grupo,292,Fabricação de caminhões e ônibus,indisponivel,,,,,nao_atualizado,Não há na biblioteca nem na API endpoint de estabelecimentos por porte da RAIS/metodologia Sebrae com recorte anual e 4 portes (ano 2022)
38,O,O — Quantidade de estabelecimentos por porte(RAIS completa) (Metodologia Sebrae) 2023 / Microempresa,grupo,292,Fabricação de caminhões e ônibus,indisponivel,30,30,0.0,0.0,nao_atualizado,Não há na biblioteca nem na API endpoint de estabelecimentos por porte da RAIS/metodologia Sebrae com recorte anual e 4 portes (ano 2023)
38,P,P — Empresa de pequeno porte,grupo,292,Fabricação de caminhões e ônibus,indisponivel,1,1,0.0,0.0,nao_atualizado,Não há na biblioteca nem na API endpoint de estabelecimentos por porte da RAIS/metodologia Sebrae com recorte anual e 4 portes (ano 2023)
38,Q,Q — Empresa de médio porte,grupo,292,Fabricação de caminhões e ônibus,indisponivel,10,10,0.0,0.0,nao_atualizado,Não há na biblioteca nem na API endpoint de estabelecimentos por porte da RAIS/metodologia Sebrae com recorte anual e 4 portes (ano 2023)
38,R,R — Grande empresa,grupo,292,Fabricação de caminhões e ônibus,indisponivel,4,4,0.0,0.0,nao_atualizado,Não há na biblioteca nem na API endpoint de estabelecimentos por porte da RAIS/metodologia Sebrae com recorte anual e 4 portes (ano 2023)
38,S,S — Quantidade de estabelecimentos por porte(RAIS) (Metodologia Sebrae) 2024 / Microempresa,grupo,292,Fabricação de caminhões e ônibus,indisponivel,27,27,0.0,0.0,nao_atualizado,Não há na biblioteca nem na API endpoint de estabelecimentos por porte da RAIS/metodologia Sebrae com recorte anual e 4 portes (ano 2024)
38,T,T — Empresa de pequeno porte,grupo,292,Fabricação de caminhões e ônibus,indisponivel,3,3,0.0,0.0,nao_atualizado,Não há na biblioteca nem na API endpoint de estabelecimentos por porte da RAIS/metodologia Sebrae com recorte anual e 4 portes (ano 2024)
38,U,U — Empresa de médio porte,grupo,292,Fabricação de caminhões e ônibus,indisponivel,9,9,0.0,0.0,nao_atualizado,Não há na biblioteca nem na API endpoint de estabelecimentos por porte da RAIS/metodologia Sebrae com recorte anual e 4 portes (ano 2024)
38,V,V — Grande empresa,grupo,292,Fabricação de caminhões e ônibus,indisponivel,5,5,0.0,0.0,nao_atualizado,Não há na biblioteca nem na API endpoint de estabelecimentos por porte da RAIS/metodologia Sebrae com recorte anual e 4 portes (ano 2024)
39,D,D — EMPREGOS / Estoque 2022,grupo,293,"Fabricação de cabines, carrocerias e reboques para veículos automotores",atualizado,46251,46251,0.0,0.0,identico,
39,E,E — Estoque 2023,grupo,293,"Fabricação de cabines, carrocerias e reboques para veículos automotores",atualizado,54223,53973,-250.0,-0.4611,divergente,
39,F,F — Estoque 2024,grupo,293,"Fabricação de cabines, carrocerias e reboques para veículos automotores",atualizado,60219,59945,-274.0,-0.455,divergente,
39,G,G — Estoque 2025,grupo,293,"Fabricação de cabines, carrocerias e reboques para veículos automotores",formula_preservada,57330,57044,-286.0,-0.4989,divergente,estoque projetado = coluna F + coluna J
39,H,H — Saldo / 2023 (jan-dez),grupo,293,"Fabricação de cabines, carrocerias e reboques para veículos automotores",atualizado,1809,1808,-1.0,-0.0553,divergente,
39,I,I — 2024 (jan-dez),grupo,293,"Fabricação de cabines, carrocerias e reboques para veículos automotores",atualizado,3925,3921,-4.0,-0.1019,divergente,
39,J,J — 2025 (jan-dez),grupo,293,"Fabricação de cabines, carrocerias e reboques para veículos automotores",atualizado,-2889,-2901,-12.0,-0.4154,divergente,
39,K,K — Quantidade de estabelecimentos por porte(RAIS) (Metodologia Sebrae) 2022 / Microempresa,grupo,293,"Fabricação de cabines, carrocerias e reboques para veículos automotores",indisponivel,,,,,nao_atualizado,Não há na biblioteca nem na API endpoint de estabelecimentos por porte da RAIS/metodologia Sebrae com recorte anual e 4 portes (ano 2022)
39,L,L — Empresa de pequeno porte,grupo,293,"Fabricação de cabines, carrocerias e reboques para veículos automotores",indisponivel,,,,,nao_atualizado,Não há na biblioteca nem na API endpoint de estabelecimentos por porte da RAIS/metodologia Sebrae com recorte anual e 4 portes (ano 2022)
39,M,M — Empresa de médio porte,grupo,293,"Fabricação de cabines, carrocerias e reboques para veículos automotores",indisponivel,,,,,nao_atualizado,Não há na biblioteca nem na API endpoint de estabelecimentos por porte da RAIS/metodologia Sebrae com recorte anual e 4 portes (ano 2022)
39,N,N — Grande empresa,grupo,293,"Fabricação de cabines, carrocerias e reboques para veículos automotores",indisponivel,,,,,nao_atualizado,Não há na biblioteca nem na API endpoint de estabelecimentos por porte da RAIS/metodologia Sebrae com recorte anual e 4 portes (ano 2022)
39,O,O — Quantidade de estabelecimentos por porte(RAIS completa) (Metodologia Sebrae) 2023 / Microempresa,grupo,293,"Fabricação de cabines, carrocerias e reboques para veículos automotores",indisponivel,2951,2951,0.0,0.0,nao_atualizado,Não há na biblioteca nem na API endpoint de estabelecimentos por porte da RAIS/metodologia Sebrae com recorte anual e 4 portes (ano 2023)
39,P,P — Empresa de pequeno porte,grupo,293,"Fabricação de cabines, carrocerias e reboques para veículos automotores",indisponivel,278,278,0.0,0.0,nao_atualizado,Não há na biblioteca nem na API endpoint de estabelecimentos por porte da RAIS/metodologia Sebrae com recorte anual e 4 portes (ano 2023)
39,Q,Q — Empresa de médio porte,grupo,293,"Fabricação de cabines, carrocerias e reboques para veículos automotores",indisponivel,66,66,0.0,0.0,nao_atualizado,Não há na biblioteca nem na API endpoint de estabelecimentos por porte da RAIS/metodologia Sebrae com recorte anual e 4 portes (ano 2023)
39,R,R — Grande empresa,grupo,293,"Fabricação de cabines, carrocerias e reboques para veículos automotores",indisponivel,10,10,0.0,0.0,nao_atualizado,Não há na biblioteca nem na API endpoint de estabelecimentos por porte da RAIS/metodologia Sebrae com recorte anual e 4 portes (ano 2023)
39,S,S — Quantidade de estabelecimentos por porte(RAIS) (Metodologia Sebrae) 2024 / Microempresa,grupo,293,"Fabricação de cabines, carrocerias e reboques para veículos automotores",indisponivel,3086,3086,0.0,0.0,nao_atualizado,Não há na biblioteca nem na API endpoint de estabelecimentos por porte da RAIS/metodologia Sebrae com recorte anual e 4 portes (ano 2024)
39,T,T — Empresa de pequeno porte,grupo,293,"Fabricação de cabines, carrocerias e reboques para veículos automotores",indisponivel,284,284,0.0,0.0,nao_atualizado,Não há na biblioteca nem na API endpoint de estabelecimentos por porte da RAIS/metodologia Sebrae com recorte anual e 4 portes (ano 2024)
39,U,U — Empresa de médio porte,grupo,293,"Fabricação de cabines, carrocerias e reboques para veículos automotores",indisponivel,67,67,0.0,0.0,nao_atualizado,Não há na biblioteca nem na API endpoint de estabelecimentos por porte da RAIS/metodologia Sebrae com recorte anual e 4 portes (ano 2024)
39,V,V — Grande empresa,grupo,293,"Fabricação de cabines, carrocerias e reboques para veículos automotores",indisponivel,10,10,0.0,0.0,nao_atualizado,Não há na biblioteca nem na API endpoint de estabelecimentos por porte da RAIS/metodologia Sebrae com recorte anual e 4 portes (ano 2024)
40,D,D — EMPREGOS / Estoque 2022,grupo,294,Fabricação de peças e acessórios para veículos automotores,atualizado,275780,275780,0.0,0.0,identico,
40,E,E — Estoque 2023,grupo,294,Fabricação de peças e acessórios para veículos automotores,atualizado,272351,271248,-1103.0,-0.405,divergente,
40,F,F — Estoque 2024,grupo,294,Fabricação de peças e acessórios para veículos automotores,atualizado,287660,286868,-792.0,-0.2753,divergente,
40,G,G — Estoque 2025,grupo,294,Fabricação de peças e acessórios para veículos automotores,formula_preservada,291830,290832,-998.0,-0.342,divergente,estoque projetado = coluna F + coluna J
40,H,H — Saldo / 2023 (jan-dez),grupo,294,Fabricação de peças e acessórios para veículos automotores,atualizado,-3766,-3769,-3.0,-0.0797,divergente,
40,I,I — 2024 (jan-dez),grupo,294,Fabricação de peças e acessórios para veículos automotores,atualizado,16143,16136,-7.0,-0.0434,divergente,
40,J,J — 2025 (jan-dez),grupo,294,Fabricação de peças e acessórios para veículos automotores,atualizado,4170,3964,-206.0,-4.94,divergente,
40,K,K — Quantidade de estabelecimentos por porte(RAIS) (Metodologia Sebrae) 2022 / Microempresa,grupo,294,Fabricação de peças e acessórios para veículos automotores,indisponivel,,,,,nao_atualizado,Não há na biblioteca nem na API endpoint de estabelecimentos por porte da RAIS/metodologia Sebrae com recorte anual e 4 portes (ano 2022)
40,L,L — Empresa de pequeno porte,grupo,294,Fabricação de peças e acessórios para veículos automotores,indisponivel,,,,,nao_atualizado,Não há na biblioteca nem na API endpoint de estabelecimentos por porte da RAIS/metodologia Sebrae com recorte anual e 4 portes (ano 2022)
40,M,M — Empresa de médio porte,grupo,294,Fabricação de peças e acessórios para veículos automotores,indisponivel,,,,,nao_atualizado,Não há na biblioteca nem na API endpoint de estabelecimentos por porte da RAIS/metodologia Sebrae com recorte anual e 4 portes (ano 2022)
40,N,N — Grande empresa,grupo,294,Fabricação de peças e acessórios para veículos automotores,indisponivel,,,,,nao_atualizado,Não há na biblioteca nem na API endpoint de estabelecimentos por porte da RAIS/metodologia Sebrae com recorte anual e 4 portes (ano 2022)
40,O,O — Quantidade de estabelecimentos por porte(RAIS completa) (Metodologia Sebrae) 2023 / Microempresa,grupo,294,Fabricação de peças e acessórios para veículos automotores,indisponivel,2896,2896,0.0,0.0,nao_atualizado,Não há na biblioteca nem na API endpoint de estabelecimentos por porte da RAIS/metodologia Sebrae com recorte anual e 4 portes (ano 2023)
40,P,P — Empresa de pequeno porte,grupo,294,Fabricação de peças e acessórios para veículos automotores,indisponivel,655,655,0.0,0.0,nao_atualizado,Não há na biblioteca nem na API endpoint de estabelecimentos por porte da RAIS/metodologia Sebrae com recorte anual e 4 portes (ano 2023)
40,Q,Q — Empresa de médio porte,grupo,294,Fabricação de peças e acessórios para veículos automotores,indisponivel,398,398,0.0,0.0,nao_atualizado,Não há na biblioteca nem na API endpoint de estabelecimentos por porte da RAIS/metodologia Sebrae com recorte anual e 4 portes (ano 2023)
40,R,R — Grande empresa,grupo,294,Fabricação de peças e acessórios para veículos automotores,indisponivel,91,91,0.0,0.0,nao_atualizado,Não há na biblioteca nem na API endpoint de estabelecimentos por porte da RAIS/metodologia Sebrae com recorte anual e 4 portes (ano 2023)
40,S,S — Quantidade de estabelecimentos por porte(RAIS) (Metodologia Sebrae) 2024 / Microempresa,grupo,294,Fabricação de peças e acessórios para veículos automotores,indisponivel,2996,2996,0.0,0.0,nao_atualizado,Não há na biblioteca nem na API endpoint de estabelecimentos por porte da RAIS/metodologia Sebrae com recorte anual e 4 portes (ano 2024)
40,T,T — Empresa de pequeno porte,grupo,294,Fabricação de peças e acessórios para veículos automotores,indisponivel,671,671,0.0,0.0,nao_atualizado,Não há na biblioteca nem na API endpoint de estabelecimentos por porte da RAIS/metodologia Sebrae com recorte anual e 4 portes (ano 2024)
40,U,U — Empresa de médio porte,grupo,294,Fabricação de peças e acessórios para veículos automotores,indisponivel,389,389,0.0,0.0,nao_atualizado,Não há na biblioteca nem na API endpoint de estabelecimentos por porte da RAIS/metodologia Sebrae com recorte anual e 4 portes (ano 2024)
40,V,V — Grande empresa,grupo,294,Fabricação de peças e acessórios para veículos automotores,indisponivel,99,99,0.0,0.0,nao_atualizado,Não há na biblioteca nem na API endpoint de estabelecimentos por porte da RAIS/metodologia Sebrae com recorte anual e 4 portes (ano 2024)
41,D,D — EMPREGOS / Estoque 2022,grupo,301,Construção de embarcações,atualizado,27906,27906,0.0,0.0,identico,
41,E,E — Estoque 2023,grupo,301,Construção de embarcações,atualizado,30915,30875,-40.0,-0.1294,divergente,
41,F,F — Estoque 2024,grupo,301,Construção de embarcações,atualizado,31468,31427,-41.0,-0.1303,divergente,
41,G,G — Estoque 2025,grupo,301,Construção de embarcações,formula_preservada,35713,35672,-41.0,-0.1148,divergente,estoque projetado = coluna F + coluna J
41,H,H — Saldo / 2023 (jan-dez),grupo,301,Construção de embarcações,atualizado,2130,2131,1.0,0.0469,divergente,
41,I,I — 2024 (jan-dez),grupo,301,Construção de embarcações,atualizado,1185,1184,-1.0,-0.0844,divergente,
41,J,J — 2025 (jan-dez),grupo,301,Construção de embarcações,atualizado,4245,4245,0.0,0.0,identico,
41,K,K — Quantidade de estabelecimentos por porte(RAIS) (Metodologia Sebrae) 2022 / Microempresa,grupo,301,Construção de embarcações,indisponivel,,,,,nao_atualizado,Não há na biblioteca nem na API endpoint de estabelecimentos por porte da RAIS/metodologia Sebrae com recorte anual e 4 portes (ano 2022)
41,L,L — Empresa de pequeno porte,grupo,301,Construção de embarcações,indisponivel,,,,,nao_atualizado,Não há na biblioteca nem na API endpoint de estabelecimentos por porte da RAIS/metodologia Sebrae com recorte anual e 4 portes (ano 2022)
41,M,M — Empresa de médio porte,grupo,301,Construção de embarcações,indisponivel,,,,,nao_atualizado,Não há na biblioteca nem na API endpoint de estabelecimentos por porte da RAIS/metodologia Sebrae com recorte anual e 4 portes (ano 2022)
41,N,N — Grande empresa,grupo,301,Construção de embarcações,indisponivel,,,,,nao_atualizado,Não há na biblioteca nem na API endpoint de estabelecimentos por porte da RAIS/metodologia Sebrae com recorte anual e 4 portes (ano 2022)
41,O,O — Quantidade de estabelecimentos por porte(RAIS completa) (Metodologia Sebrae) 2023 / Microempresa,grupo,301,Construção de embarcações,indisponivel,776,776,0.0,0.0,nao_atualizado,Não há na biblioteca nem na API endpoint de estabelecimentos por porte da RAIS/metodologia Sebrae com recorte anual e 4 portes (ano 2023)
41,P,P — Empresa de pequeno porte,grupo,301,Construção de embarcações,indisponivel,59,59,0.0,0.0,nao_atualizado,Não há na biblioteca nem na API endpoint de estabelecimentos por porte da RAIS/metodologia Sebrae com recorte anual e 4 portes (ano 2023)
41,Q,Q — Empresa de médio porte,grupo,301,Construção de embarcações,indisponivel,19,19,0.0,0.0,nao_atualizado,Não há na biblioteca nem na API endpoint de estabelecimentos por porte da RAIS/metodologia Sebrae com recorte anual e 4 portes (ano 2023)
41,R,R — Grande empresa,grupo,301,Construção de embarcações,indisponivel,8,8,0.0,0.0,nao_atualizado,Não há na biblioteca nem na API endpoint de estabelecimentos por porte da RAIS/metodologia Sebrae com recorte anual e 4 portes (ano 2023)
41,S,S — Quantidade de estabelecimentos por porte(RAIS) (Metodologia Sebrae) 2024 / Microempresa,grupo,301,Construção de embarcações,indisponivel,831,831,0.0,0.0,nao_atualizado,Não há na biblioteca nem na API endpoint de estabelecimentos por porte da RAIS/metodologia Sebrae com recorte anual e 4 portes (ano 2024)
41,T,T — Empresa de pequeno porte,grupo,301,Construção de embarcações,indisponivel,58,58,0.0,0.0,nao_atualizado,Não há na biblioteca nem na API endpoint de estabelecimentos por porte da RAIS/metodologia Sebrae com recorte anual e 4 portes (ano 2024)
41,U,U — Empresa de médio porte,grupo,301,Construção de embarcações,indisponivel,21,21,0.0,0.0,nao_atualizado,Não há na biblioteca nem na API endpoint de estabelecimentos por porte da RAIS/metodologia Sebrae com recorte anual e 4 portes (ano 2024)
41,V,V — Grande empresa,grupo,301,Construção de embarcações,indisponivel,10,10,0.0,0.0,nao_atualizado,Não há na biblioteca nem na API endpoint de estabelecimentos por porte da RAIS/metodologia Sebrae com recorte anual e 4 portes (ano 2024)
42,D,D — EMPREGOS / Estoque 2022,grupo,303,Fabricação de veículos ferroviários,atualizado,3252,3252,0.0,0.0,identico,
42,E,E — Estoque 2023,grupo,303,Fabricação de veículos ferroviários,atualizado,3837,3787,-50.0,-1.3031,divergente,
42,F,F — Estoque 2024,grupo,303,Fabricação de veículos ferroviários,atualizado,3939,3884,-55.0,-1.3963,divergente,
42,G,G — Estoque 2025,grupo,303,Fabricação de veículos ferroviários,formula_preservada,4125,4070,-55.0,-1.3333,divergente,estoque projetado = coluna F + coluna J
42,H,H — Saldo / 2023 (jan-dez),grupo,303,Fabricação de veículos ferroviários,atualizado,556,556,0.0,0.0,identico,
42,I,I — 2024 (jan-dez),grupo,303,Fabricação de veículos ferroviários,atualizado,214,214,0.0,0.0,identico,
42,J,J — 2025 (jan-dez),grupo,303,Fabricação de veículos ferroviários,atualizado,186,186,0.0,0.0,identico,
42,K,K — Quantidade de estabelecimentos por porte(RAIS) (Metodologia Sebrae) 2022 / Microempresa,grupo,303,Fabricação de veículos ferroviários,indisponivel,,,,,nao_atualizado,Não há na biblioteca nem na API endpoint de estabelecimentos por porte da RAIS/metodologia Sebrae com recorte anual e 4 portes (ano 2022)
42,L,L — Empresa de pequeno porte,grupo,303,Fabricação de veículos ferroviários,indisponivel,,,,,nao_atualizado,Não há na biblioteca nem na API endpoint de estabelecimentos por porte da RAIS/metodologia Sebrae com recorte anual e 4 portes (ano 2022)
42,M,M — Empresa de médio porte,grupo,303,Fabricação de veículos ferroviários,indisponivel,,,,,nao_atualizado,Não há na biblioteca nem na API endpoint de estabelecimentos por porte da RAIS/metodologia Sebrae com recorte anual e 4 portes (ano 2022)
42,N,N — Grande empresa,grupo,303,Fabricação de veículos ferroviários,indisponivel,,,,,nao_atualizado,Não há na biblioteca nem na API endpoint de estabelecimentos por porte da RAIS/metodologia Sebrae com recorte anual e 4 portes (ano 2022)
42,O,O — Quantidade de estabelecimentos por porte(RAIS completa) (Metodologia Sebrae) 2023 / Microempresa,grupo,303,Fabricação de veículos ferroviários,indisponivel,57,57,0.0,0.0,nao_atualizado,Não há na biblioteca nem na API endpoint de estabelecimentos por porte da RAIS/metodologia Sebrae com recorte anual e 4 portes (ano 2023)
42,P,P — Empresa de pequeno porte,grupo,303,Fabricação de veículos ferroviários,indisponivel,21,21,0.0,0.0,nao_atualizado,Não há na biblioteca nem na API endpoint de estabelecimentos por porte da RAIS/metodologia Sebrae com recorte anual e 4 portes (ano 2023)
42,Q,Q — Empresa de médio porte,grupo,303,Fabricação de veículos ferroviários,indisponivel,3,3,0.0,0.0,nao_atualizado,Não há na biblioteca nem na API endpoint de estabelecimentos por porte da RAIS/metodologia Sebrae com recorte anual e 4 portes (ano 2023)
42,R,R — Grande empresa,grupo,303,Fabricação de veículos ferroviários,indisponivel,3,3,0.0,0.0,nao_atualizado,Não há na biblioteca nem na API endpoint de estabelecimentos por porte da RAIS/metodologia Sebrae com recorte anual e 4 portes (ano 2023)
42,S,S — Quantidade de estabelecimentos por porte(RAIS) (Metodologia Sebrae) 2024 / Microempresa,grupo,303,Fabricação de veículos ferroviários,indisponivel,62,62,0.0,0.0,nao_atualizado,Não há na biblioteca nem na API endpoint de estabelecimentos por porte da RAIS/metodologia Sebrae com recorte anual e 4 portes (ano 2024)
42,T,T — Empresa de pequeno porte,grupo,303,Fabricação de veículos ferroviários,indisponivel,15,15,0.0,0.0,nao_atualizado,Não há na biblioteca nem na API endpoint de estabelecimentos por porte da RAIS/metodologia Sebrae com recorte anual e 4 portes (ano 2024)
42,U,U — Empresa de médio porte,grupo,303,Fabricação de veículos ferroviários,indisponivel,3,3,0.0,0.0,nao_atualizado,Não há na biblioteca nem na API endpoint de estabelecimentos por porte da RAIS/metodologia Sebrae com recorte anual e 4 portes (ano 2024)
42,V,V — Grande empresa,grupo,303,Fabricação de veículos ferroviários,indisponivel,3,3,0.0,0.0,nao_atualizado,Não há na biblioteca nem na API endpoint de estabelecimentos por porte da RAIS/metodologia Sebrae com recorte anual e 4 portes (ano 2024)
43,D,D — EMPREGOS / Estoque 2022,grupo,304,Fabricação de aeronaves,atualizado,17627,17627,0.0,0.0,identico,
43,E,E — Estoque 2023,grupo,304,Fabricação de aeronaves,atualizado,19324,19324,0.0,0.0,identico,
43,F,F — Estoque 2024,grupo,304,Fabricação de aeronaves,atualizado,20607,20606,-1.0,-0.0049,divergente,
43,G,G — Estoque 2025,grupo,304,Fabricação de aeronaves,formula_preservada,21839,21838,-1.0,-0.0046,divergente,estoque projetado = coluna F + coluna J
43,H,H — Saldo / 2023 (jan-dez),grupo,304,Fabricação de aeronaves,atualizado,2240,2240,0.0,0.0,identico,
43,I,I — 2024 (jan-dez),grupo,304,Fabricação de aeronaves,atualizado,2006,2006,0.0,0.0,identico,
43,J,J — 2025 (jan-dez),grupo,304,Fabricação de aeronaves,atualizado,1232,1232,0.0,0.0,identico,
43,K,K — Quantidade de estabelecimentos por porte(RAIS) (Metodologia Sebrae) 2022 / Microempresa,grupo,304,Fabricação de aeronaves,indisponivel,,,,,nao_atualizado,Não há na biblioteca nem na API endpoint de estabelecimentos por porte da RAIS/metodologia Sebrae com recorte anual e 4 portes (ano 2022)
43,L,L — Empresa de pequeno porte,grupo,304,Fabricação de aeronaves,indisponivel,,,,,nao_atualizado,Não há na biblioteca nem na API endpoint de estabelecimentos por porte da RAIS/metodologia Sebrae com recorte anual e 4 portes (ano 2022)
43,M,M — Empresa de médio porte,grupo,304,Fabricação de aeronaves,indisponivel,,,,,nao_atualizado,Não há na biblioteca nem na API endpoint de estabelecimentos por porte da RAIS/metodologia Sebrae com recorte anual e 4 portes (ano 2022)
43,N,N — Grande empresa,grupo,304,Fabricação de aeronaves,indisponivel,,,,,nao_atualizado,Não há na biblioteca nem na API endpoint de estabelecimentos por porte da RAIS/metodologia Sebrae com recorte anual e 4 portes (ano 2022)
43,O,O — Quantidade de estabelecimentos por porte(RAIS completa) (Metodologia Sebrae) 2023 / Microempresa,grupo,304,Fabricação de aeronaves,indisponivel,100,100,0.0,0.0,nao_atualizado,Não há na biblioteca nem na API endpoint de estabelecimentos por porte da RAIS/metodologia Sebrae com recorte anual e 4 portes (ano 2023)
43,P,P — Empresa de pequeno porte,grupo,304,Fabricação de aeronaves,indisponivel,13,13,0.0,0.0,nao_atualizado,Não há na biblioteca nem na API endpoint de estabelecimentos por porte da RAIS/metodologia Sebrae com recorte anual e 4 portes (ano 2023)
43,Q,Q — Empresa de médio porte,grupo,304,Fabricação de aeronaves,indisponivel,14,14,0.0,0.0,nao_atualizado,Não há na biblioteca nem na API endpoint de estabelecimentos por porte da RAIS/metodologia Sebrae com recorte anual e 4 portes (ano 2023)
43,R,R — Grande empresa,grupo,304,Fabricação de aeronaves,indisponivel,1,1,0.0,0.0,nao_atualizado,Não há na biblioteca nem na API endpoint de estabelecimentos por porte da RAIS/metodologia Sebrae com recorte anual e 4 portes (ano 2023)
43,S,S — Quantidade de estabelecimentos por porte(RAIS) (Metodologia Sebrae) 2024 / Microempresa,grupo,304,Fabricação de aeronaves,indisponivel,99,99,0.0,0.0,nao_atualizado,Não há na biblioteca nem na API endpoint de estabelecimentos por porte da RAIS/metodologia Sebrae com recorte anual e 4 portes (ano 2024)
43,T,T — Empresa de pequeno porte,grupo,304,Fabricação de aeronaves,indisponivel,13,13,0.0,0.0,nao_atualizado,Não há na biblioteca nem na API endpoint de estabelecimentos por porte da RAIS/metodologia Sebrae com recorte anual e 4 portes (ano 2024)
43,U,U — Empresa de médio porte,grupo,304,Fabricação de aeronaves,indisponivel,13,13,0.0,0.0,nao_atualizado,Não há na biblioteca nem na API endpoint de estabelecimentos por porte da RAIS/metodologia Sebrae com recorte anual e 4 portes (ano 2024)
43,V,V — Grande empresa,grupo,304,Fabricação de aeronaves,indisponivel,1,1,0.0,0.0,nao_atualizado,Não há na biblioteca nem na API endpoint de estabelecimentos por porte da RAIS/metodologia Sebrae com recorte anual e 4 portes (ano 2024)
44,D,D — EMPREGOS / Estoque 2022,grupo,305,Fabricação de veículos militares de combate,atualizado,4,4,0.0,0.0,identico,
44,E,E — Estoque 2023,grupo,305,Fabricação de veículos militares de combate,atualizado,1,1,0.0,0.0,identico,
44,F,F — Estoque 2024,grupo,305,Fabricação de veículos militares de combate,atualizado,1,1,0.0,0.0,identico,
44,G,G — Estoque 2025,grupo,305,Fabricação de veículos militares de combate,formula_preservada,-1,-1,0.0,0.0,identico,estoque projetado = coluna F + coluna J
44,H,H — Saldo / 2023 (jan-dez),grupo,305,Fabricação de veículos militares de combate,atualizado,-3,-3,0.0,0.0,identico,
44,I,I — 2024 (jan-dez),grupo,305,Fabricação de veículos militares de combate,sem_dado,null,null,,,vazio_nos_dois,CAGED sem saldo para 305/2024
44,J,J — 2025 (jan-dez),grupo,305,Fabricação de veículos militares de combate,atualizado,-2,-2,0.0,0.0,identico,
44,K,K — Quantidade de estabelecimentos por porte(RAIS) (Metodologia Sebrae) 2022 / Microempresa,grupo,305,Fabricação de veículos militares de combate,indisponivel,,,,,nao_atualizado,Não há na biblioteca nem na API endpoint de estabelecimentos por porte da RAIS/metodologia Sebrae com recorte anual e 4 portes (ano 2022)
44,L,L — Empresa de pequeno porte,grupo,305,Fabricação de veículos militares de combate,indisponivel,,,,,nao_atualizado,Não há na biblioteca nem na API endpoint de estabelecimentos por porte da RAIS/metodologia Sebrae com recorte anual e 4 portes (ano 2022)
44,M,M — Empresa de médio porte,grupo,305,Fabricação de veículos militares de combate,indisponivel,,,,,nao_atualizado,Não há na biblioteca nem na API endpoint de estabelecimentos por porte da RAIS/metodologia Sebrae com recorte anual e 4 portes (ano 2022)
44,N,N — Grande empresa,grupo,305,Fabricação de veículos militares de combate,indisponivel,,,,,nao_atualizado,Não há na biblioteca nem na API endpoint de estabelecimentos por porte da RAIS/metodologia Sebrae com recorte anual e 4 portes (ano 2022)
44,O,O — Quantidade de estabelecimentos por porte(RAIS completa) (Metodologia Sebrae) 2023 / Microempresa,grupo,305,Fabricação de veículos militares de combate,indisponivel,1,1,0.0,0.0,nao_atualizado,Não há na biblioteca nem na API endpoint de estabelecimentos por porte da RAIS/metodologia Sebrae com recorte anual e 4 portes (ano 2023)
44,P,P — Empresa de pequeno porte,grupo,305,Fabricação de veículos militares de combate,indisponivel,null,null,,,nao_atualizado,Não há na biblioteca nem na API endpoint de estabelecimentos por porte da RAIS/metodologia Sebrae com recorte anual e 4 portes (ano 2023)
44,Q,Q — Empresa de médio porte,grupo,305,Fabricação de veículos militares de combate,indisponivel,null,null,,,nao_atualizado,Não há na biblioteca nem na API endpoint de estabelecimentos por porte da RAIS/metodologia Sebrae com recorte anual e 4 portes (ano 2023)
44,R,R — Grande empresa,grupo,305,Fabricação de veículos militares de combate,indisponivel,null,null,,,nao_atualizado,Não há na biblioteca nem na API endpoint de estabelecimentos por porte da RAIS/metodologia Sebrae com recorte anual e 4 portes (ano 2023)
44,S,S — Quantidade de estabelecimentos por porte(RAIS) (Metodologia Sebrae) 2024 / Microempresa,grupo,305,Fabricação de veículos militares de combate,indisponivel,1,1,0.0,0.0,nao_atualizado,Não há na biblioteca nem na API endpoint de estabelecimentos por porte da RAIS/metodologia Sebrae com recorte anual e 4 portes (ano 2024)
44,T,T — Empresa de pequeno porte,grupo,305,Fabricação de veículos militares de combate,indisponivel,null,null,,,nao_atualizado,Não há na biblioteca nem na API endpoint de estabelecimentos por porte da RAIS/metodologia Sebrae com recorte anual e 4 portes (ano 2024)
44,U,U — Empresa de médio porte,grupo,305,Fabricação de veículos militares de combate,indisponivel,null,null,,,nao_atualizado,Não há na biblioteca nem na API endpoint de estabelecimentos por porte da RAIS/metodologia Sebrae com recorte anual e 4 portes (ano 2024)
44,V,V — Grande empresa,grupo,305,Fabricação de veículos militares de combate,indisponivel,null,null,,,nao_atualizado,Não há na biblioteca nem na API endpoint de estabelecimentos por porte da RAIS/metodologia Sebrae com recorte anual e 4 portes (ano 2024)
45,D,D — EMPREGOS / Estoque 2022,grupo,309,Fabricação de equipamentos de transporte não especificados anteriormente,atualizado,29643,29643,0.0,0.0,identico,
45,E,E — Estoque 2023,grupo,309,Fabricação de equipamentos de transporte não especificados anteriormente,atualizado,32090,31884,-206.0,-0.6419,divergente,
45,F,F — Estoque 2024,grupo,309,Fabricação de equipamentos de transporte não especificados anteriormente,atualizado,34137,33924,-213.0,-0.624,divergente,
45,G,G — Estoque 2025,grupo,309,Fabricação de equipamentos de transporte não especificados anteriormente,formula_preservada,35716,35502,-214.0,-0.5992,divergente,estoque projetado = coluna F + coluna J
45,H,H — Saldo / 2023 (jan-dez),grupo,309,Fabricação de equipamentos de transporte não especificados anteriormente,atualizado,2439,2438,-1.0,-0.041,divergente,
45,I,I — 2024 (jan-dez),grupo,309,Fabricação de equipamentos de transporte não especificados anteriormente,atualizado,2181,2181,0.0,0.0,identico,
45,J,J — 2025 (jan-dez),grupo,309,Fabricação de equipamentos de transporte não especificados anteriormente,atualizado,1579,1578,-1.0,-0.0633,divergente,
45,K,K — Quantidade de estabelecimentos por porte(RAIS) (Metodologia Sebrae) 2022 / Microempresa,grupo,309,Fabricação de equipamentos de transporte não especificados anteriormente,indisponivel,,,,,nao_atualizado,Não há na biblioteca nem na API endpoint de estabelecimentos por porte da RAIS/metodologia Sebrae com recorte anual e 4 portes (ano 2022)
45,L,L — Empresa de pequeno porte,grupo,309,Fabricação de equipamentos de transporte não especificados anteriormente,indisponivel,,,,,nao_atualizado,Não há na biblioteca nem na API endpoint de estabelecimentos por porte da RAIS/metodologia Sebrae com recorte anual e 4 portes (ano 2022)
45,M,M — Empresa de médio porte,grupo,309,Fabricação de equipamentos de transporte não especificados anteriormente,indisponivel,,,,,nao_atualizado,Não há na biblioteca nem na API endpoint de estabelecimentos por porte da RAIS/metodologia Sebrae com recorte anual e 4 portes (ano 2022)
45,N,N — Grande empresa,grupo,309,Fabricação de equipamentos de transporte não especificados anteriormente,indisponivel,,,,,nao_atualizado,Não há na biblioteca nem na API endpoint de estabelecimentos por porte da RAIS/metodologia Sebrae com recorte anual e 4 portes (ano 2022)
45,O,O — Quantidade de estabelecimentos por porte(RAIS completa) (Metodologia Sebrae) 2023 / Microempresa,grupo,309,Fabricação de equipamentos de transporte não especificados anteriormente,indisponivel,1068,1068,0.0,0.0,nao_atualizado,Não há na biblioteca nem na API endpoint de estabelecimentos por porte da RAIS/metodologia Sebrae com recorte anual e 4 portes (ano 2023)
45,P,P — Empresa de pequeno porte,grupo,309,Fabricação de equipamentos de transporte não especificados anteriormente,indisponivel,107,107,0.0,0.0,nao_atualizado,Não há na biblioteca nem na API endpoint de estabelecimentos por porte da RAIS/metodologia Sebrae com recorte anual e 4 portes (ano 2023)
45,Q,Q — Empresa de médio porte,grupo,309,Fabricação de equipamentos de transporte não especificados anteriormente,indisponivel,40,40,0.0,0.0,nao_atualizado,Não há na biblioteca nem na API endpoint de estabelecimentos por porte da RAIS/metodologia Sebrae com recorte anual e 4 portes (ano 2023)
45,R,R — Grande empresa,grupo,309,Fabricação de equipamentos de transporte não especificados anteriormente,indisponivel,5,5,0.0,0.0,nao_atualizado,Não há na biblioteca nem na API endpoint de estabelecimentos por porte da RAIS/metodologia Sebrae com recorte anual e 4 portes (ano 2023)
45,S,S — Quantidade de estabelecimentos por porte(RAIS) (Metodologia Sebrae) 2024 / Microempresa,grupo,309,Fabricação de equipamentos de transporte não especificados anteriormente,indisponivel,1098,1098,0.0,0.0,nao_atualizado,Não há na biblioteca nem na API endpoint de estabelecimentos por porte da RAIS/metodologia Sebrae com recorte anual e 4 portes (ano 2024)
45,T,T — Empresa de pequeno porte,grupo,309,Fabricação de equipamentos de transporte não especificados anteriormente,indisponivel,113,113,0.0,0.0,nao_atualizado,Não há na biblioteca nem na API endpoint de estabelecimentos por porte da RAIS/metodologia Sebrae com recorte anual e 4 portes (ano 2024)
45,U,U — Empresa de médio porte,grupo,309,Fabricação de equipamentos de transporte não especificados anteriormente,indisponivel,46,46,0.0,0.0,nao_atualizado,Não há na biblioteca nem na API endpoint de estabelecimentos por porte da RAIS/metodologia Sebrae com recorte anual e 4 portes (ano 2024)
45,V,V — Grande empresa,grupo,309,Fabricação de equipamentos de transporte não especificados anteriormente,indisponivel,5,5,0.0,0.0,nao_atualizado,Não há na biblioteca nem na API endpoint de estabelecimentos por porte da RAIS/metodologia Sebrae com recorte anual e 4 portes (ano 2024)
46,D,D — EMPREGOS / Estoque 2022,grupo,323,Fabricação de artefatos para pesca e esporte,atualizado,4950,4950,0.0,0.0,identico,
46,E,E — Estoque 2023,grupo,323,Fabricação de artefatos para pesca e esporte,atualizado,5515,5461,-54.0,-0.9791,divergente,
46,F,F — Estoque 2024,grupo,323,Fabricação de artefatos para pesca e esporte,atualizado,5429,5369,-60.0,-1.1052,divergente,
46,G,G — Estoque 2025,grupo,323,Fabricação de artefatos para pesca e esporte,formula_preservada,5705,5646,-59.0,-1.0342,divergente,estoque projetado = coluna F + coluna J
46,H,H — Saldo / 2023 (jan-dez),grupo,323,Fabricação de artefatos para pesca e esporte,atualizado,420,420,0.0,0.0,identico,
46,I,I — 2024 (jan-dez),grupo,323,Fabricação de artefatos para pesca e esporte,atualizado,278,279,1.0,0.3597,divergente,
46,J,J — 2025 (jan-dez),grupo,323,Fabricação de artefatos para pesca e esporte,atualizado,276,277,1.0,0.3623,divergente,
46,K,K — Quantidade de estabelecimentos por porte(RAIS) (Metodologia Sebrae) 2022 / Microempresa,grupo,323,Fabricação de artefatos para pesca e esporte,indisponivel,,,,,nao_atualizado,Não há na biblioteca nem na API endpoint de estabelecimentos por porte da RAIS/metodologia Sebrae com recorte anual e 4 portes (ano 2022)
46,L,L — Empresa de pequeno porte,grupo,323,Fabricação de artefatos para pesca e esporte,indisponivel,,,,,nao_atualizado,Não há na biblioteca nem na API endpoint de estabelecimentos por porte da RAIS/metodologia Sebrae com recorte anual e 4 portes (ano 2022)
46,M,M — Empresa de médio porte,grupo,323,Fabricação de artefatos para pesca e esporte,indisponivel,,,,,nao_atualizado,Não há na biblioteca nem na API endpoint de estabelecimentos por porte da RAIS/metodologia Sebrae com recorte anual e 4 portes (ano 2022)
46,N,N — Grande empresa,grupo,323,Fabricação de artefatos para pesca e esporte,indisponivel,,,,,nao_atualizado,Não há na biblioteca nem na API endpoint de estabelecimentos por porte da RAIS/metodologia Sebrae com recorte anual e 4 portes (ano 2022)
46,O,O — Quantidade de estabelecimentos por porte(RAIS completa) (Metodologia Sebrae) 2023 / Microempresa,grupo,323,Fabricação de artefatos para pesca e esporte,indisponivel,800,800,0.0,0.0,nao_atualizado,Não há na biblioteca nem na API endpoint de estabelecimentos por porte da RAIS/metodologia Sebrae com recorte anual e 4 portes (ano 2023)
46,P,P — Empresa de pequeno porte,grupo,323,Fabricação de artefatos para pesca e esporte,indisponivel,58,58,0.0,0.0,nao_atualizado,Não há na biblioteca nem na API endpoint de estabelecimentos por porte da RAIS/metodologia Sebrae com recorte anual e 4 portes (ano 2023)
46,Q,Q — Empresa de médio porte,grupo,323,Fabricação de artefatos para pesca e esporte,indisponivel,5,5,0.0,0.0,nao_atualizado,Não há na biblioteca nem na API endpoint de estabelecimentos por porte da RAIS/metodologia Sebrae com recorte anual e 4 portes (ano 2023)
46,R,R — Grande empresa,grupo,323,Fabricação de artefatos para pesca e esporte,indisponivel,null,null,,,nao_atualizado,Não há na biblioteca nem na API endpoint de estabelecimentos por porte da RAIS/metodologia Sebrae com recorte anual e 4 portes (ano 2023)
46,S,S — Quantidade de estabelecimentos por porte(RAIS) (Metodologia Sebrae) 2024 / Microempresa,grupo,323,Fabricação de artefatos para pesca e esporte,indisponivel,845,845,0.0,0.0,nao_atualizado,Não há na biblioteca nem na API endpoint de estabelecimentos por porte da RAIS/metodologia Sebrae com recorte anual e 4 portes (ano 2024)
46,T,T — Empresa de pequeno porte,grupo,323,Fabricação de artefatos para pesca e esporte,indisponivel,70,70,0.0,0.0,nao_atualizado,Não há na biblioteca nem na API endpoint de estabelecimentos por porte da RAIS/metodologia Sebrae com recorte anual e 4 portes (ano 2024)
46,U,U — Empresa de médio porte,grupo,323,Fabricação de artefatos para pesca e esporte,indisponivel,4,4,0.0,0.0,nao_atualizado,Não há na biblioteca nem na API endpoint de estabelecimentos por porte da RAIS/metodologia Sebrae com recorte anual e 4 portes (ano 2024)
46,V,V — Grande empresa,grupo,323,Fabricação de artefatos para pesca e esporte,indisponivel,null,null,,,nao_atualizado,Não há na biblioteca nem na API endpoint de estabelecimentos por porte da RAIS/metodologia Sebrae com recorte anual e 4 portes (ano 2024)
47,D,D — EMPREGOS / Estoque 2022,grupo,325,Fabricação de instrumentos e materiais para uso médico e odontológico e de artigos ópticos,atualizado,73431,73431,0.0,0.0,identico,
47,E,E — Estoque 2023,grupo,325,Fabricação de instrumentos e materiais para uso médico e odontológico e de artigos ópticos,atualizado,76961,76735,-226.0,-0.2937,divergente,
47,F,F — Estoque 2024,grupo,325,Fabricação de instrumentos e materiais para uso médico e odontológico e de artigos ópticos,atualizado,79761,79445,-316.0,-0.3962,divergente,
47,G,G — Estoque 2025,grupo,325,Fabricação de instrumentos e materiais para uso médico e odontológico e de artigos ópticos,formula_preservada,78995,78678,-317.0,-0.4013,divergente,estoque projetado = coluna F + coluna J
47,H,H — Saldo / 2023 (jan-dez),grupo,325,Fabricação de instrumentos e materiais para uso médico e odontológico e de artigos ópticos,atualizado,2418,2418,0.0,0.0,identico,
47,I,I — 2024 (jan-dez),grupo,325,Fabricação de instrumentos e materiais para uso médico e odontológico e de artigos ópticos,atualizado,2951,2951,0.0,0.0,identico,
47,J,J — 2025 (jan-dez),grupo,325,Fabricação de instrumentos e materiais para uso médico e odontológico e de artigos ópticos,atualizado,-766,-767,-1.0,-0.1305,divergente,
47,K,K — Quantidade de estabelecimentos por porte(RAIS) (Metodologia Sebrae) 2022 / Microempresa,grupo,325,Fabricação de instrumentos e materiais para uso médico e odontológico e de artigos ópticos,indisponivel,,,,,nao_atualizado,Não há na biblioteca nem na API endpoint de estabelecimentos por porte da RAIS/metodologia Sebrae com recorte anual e 4 portes (ano 2022)
47,L,L — Empresa de pequeno porte,grupo,325,Fabricação de instrumentos e materiais para uso médico e odontológico e de artigos ópticos,indisponivel,,,,,nao_atualizado,Não há na biblioteca nem na API endpoint de estabelecimentos por porte da RAIS/metodologia Sebrae com recorte anual e 4 portes (ano 2022)
47,M,M — Empresa de médio porte,grupo,325,Fabricação de instrumentos e materiais para uso médico e odontológico e de artigos ópticos,indisponivel,,,,,nao_atualizado,Não há na biblioteca nem na API endpoint de estabelecimentos por porte da RAIS/metodologia Sebrae com recorte anual e 4 portes (ano 2022)
47,N,N — Grande empresa,grupo,325,Fabricação de instrumentos e materiais para uso médico e odontológico e de artigos ópticos,indisponivel,,,,,nao_atualizado,Não há na biblioteca nem na API endpoint de estabelecimentos por porte da RAIS/metodologia Sebrae com recorte anual e 4 portes (ano 2022)
47,O,O — Quantidade de estabelecimentos por porte(RAIS completa) (Metodologia Sebrae) 2023 / Microempresa,grupo,325,Fabricação de instrumentos e materiais para uso médico e odontológico e de artigos ópticos,indisponivel,8379,8379,0.0,0.0,nao_atualizado,Não há na biblioteca nem na API endpoint de estabelecimentos por porte da RAIS/metodologia Sebrae com recorte anual e 4 portes (ano 2023)
47,P,P — Empresa de pequeno porte,grupo,325,Fabricação de instrumentos e materiais para uso médico e odontológico e de artigos ópticos,indisponivel,468,468,0.0,0.0,nao_atualizado,Não há na biblioteca nem na API endpoint de estabelecimentos por porte da RAIS/metodologia Sebrae com recorte anual e 4 portes (ano 2023)
47,Q,Q — Empresa de médio porte,grupo,325,Fabricação de instrumentos e materiais para uso médico e odontológico e de artigos ópticos,indisponivel,117,117,0.0,0.0,nao_atualizado,Não há na biblioteca nem na API endpoint de estabelecimentos por porte da RAIS/metodologia Sebrae com recorte anual e 4 portes (ano 2023)
47,R,R — Grande empresa,grupo,325,Fabricação de instrumentos e materiais para uso médico e odontológico e de artigos ópticos,indisponivel,8,8,0.0,0.0,nao_atualizado,Não há na biblioteca nem na API endpoint de estabelecimentos por porte da RAIS/metodologia Sebrae com recorte anual e 4 portes (ano 2023)
47,S,S — Quantidade de estabelecimentos por porte(RAIS) (Metodologia Sebrae) 2024 / Microempresa,grupo,325,Fabricação de instrumentos e materiais para uso médico e odontológico e de artigos ópticos,indisponivel,9040,9040,0.0,0.0,nao_atualizado,Não há na biblioteca nem na API endpoint de estabelecimentos por porte da RAIS/metodologia Sebrae com recorte anual e 4 portes (ano 2024)
47,T,T — Empresa de pequeno porte,grupo,325,Fabricação de instrumentos e materiais para uso médico e odontológico e de artigos ópticos,indisponivel,456,456,0.0,0.0,nao_atualizado,Não há na biblioteca nem na API endpoint de estabelecimentos por porte da RAIS/metodologia Sebrae com recorte anual e 4 portes (ano 2024)
47,U,U — Empresa de médio porte,grupo,325,Fabricação de instrumentos e materiais para uso médico e odontológico e de artigos ópticos,indisponivel,116,116,0.0,0.0,nao_atualizado,Não há na biblioteca nem na API endpoint de estabelecimentos por porte da RAIS/metodologia Sebrae com recorte anual e 4 portes (ano 2024)
47,V,V — Grande empresa,grupo,325,Fabricação de instrumentos e materiais para uso médico e odontológico e de artigos ópticos,indisponivel,9,9,0.0,0.0,nao_atualizado,Não há na biblioteca nem na API endpoint de estabelecimentos por porte da RAIS/metodologia Sebrae com recorte anual e 4 portes (ano 2024)
48,D,D — EMPREGOS / Estoque 2022,grupo,329,Fabricação de produtos diversos,atualizado,63530,63530,0.0,0.0,identico,
48,E,E — Estoque 2023,grupo,329,Fabricação de produtos diversos,atualizado,62977,62422,-555.0,-0.8813,divergente,
48,F,F — Estoque 2024,grupo,329,Fabricação de produtos diversos,atualizado,66550,65780,-770.0,-1.157,divergente,
48,G,G — Estoque 2025,grupo,329,Fabricação de produtos diversos,formula_preservada,67597,66831,-766.0,-1.1332,divergente,estoque projetado = coluna F + coluna J
48,H,H — Saldo / 2023 (jan-dez),grupo,329,Fabricação de produtos diversos,atualizado,374,374,0.0,0.0,identico,
48,I,I — 2024 (jan-dez),grupo,329,Fabricação de produtos diversos,atualizado,2987,2990,3.0,0.1004,divergente,
48,J,J — 2025 (jan-dez),grupo,329,Fabricação de produtos diversos,atualizado,1047,1051,4.0,0.382,divergente,
48,K,K — Quantidade de estabelecimentos por porte(RAIS) (Metodologia Sebrae) 2022 / Microempresa,grupo,329,Fabricação de produtos diversos,indisponivel,,,,,nao_atualizado,Não há na biblioteca nem na API endpoint de estabelecimentos por porte da RAIS/metodologia Sebrae com recorte anual e 4 portes (ano 2022)
48,L,L — Empresa de pequeno porte,grupo,329,Fabricação de produtos diversos,indisponivel,,,,,nao_atualizado,Não há na biblioteca nem na API endpoint de estabelecimentos por porte da RAIS/metodologia Sebrae com recorte anual e 4 portes (ano 2022)
48,M,M — Empresa de médio porte,grupo,329,Fabricação de produtos diversos,indisponivel,,,,,nao_atualizado,Não há na biblioteca nem na API endpoint de estabelecimentos por porte da RAIS/metodologia Sebrae com recorte anual e 4 portes (ano 2022)
48,N,N — Grande empresa,grupo,329,Fabricação de produtos diversos,indisponivel,,,,,nao_atualizado,Não há na biblioteca nem na API endpoint de estabelecimentos por porte da RAIS/metodologia Sebrae com recorte anual e 4 portes (ano 2022)
48,O,O — Quantidade de estabelecimentos por porte(RAIS completa) (Metodologia Sebrae) 2023 / Microempresa,grupo,329,Fabricação de produtos diversos,indisponivel,13233,13233,0.0,0.0,nao_atualizado,Não há na biblioteca nem na API endpoint de estabelecimentos por porte da RAIS/metodologia Sebrae com recorte anual e 4 portes (ano 2023)
48,P,P — Empresa de pequeno porte,grupo,329,Fabricação de produtos diversos,indisponivel,498,498,0.0,0.0,nao_atualizado,Não há na biblioteca nem na API endpoint de estabelecimentos por porte da RAIS/metodologia Sebrae com recorte anual e 4 portes (ano 2023)
48,Q,Q — Empresa de médio porte,grupo,329,Fabricação de produtos diversos,indisponivel,75,75,0.0,0.0,nao_atualizado,Não há na biblioteca nem na API endpoint de estabelecimentos por porte da RAIS/metodologia Sebrae com recorte anual e 4 portes (ano 2023)
48,R,R — Grande empresa,grupo,329,Fabricação de produtos diversos,indisponivel,4,4,0.0,0.0,nao_atualizado,Não há na biblioteca nem na API endpoint de estabelecimentos por porte da RAIS/metodologia Sebrae com recorte anual e 4 portes (ano 2023)
48,S,S — Quantidade de estabelecimentos por porte(RAIS) (Metodologia Sebrae) 2024 / Microempresa,grupo,329,Fabricação de produtos diversos,indisponivel,14471,14471,0.0,0.0,nao_atualizado,Não há na biblioteca nem na API endpoint de estabelecimentos por porte da RAIS/metodologia Sebrae com recorte anual e 4 portes (ano 2024)
48,T,T — Empresa de pequeno porte,grupo,329,Fabricação de produtos diversos,indisponivel,501,501,0.0,0.0,nao_atualizado,Não há na biblioteca nem na API endpoint de estabelecimentos por porte da RAIS/metodologia Sebrae com recorte anual e 4 portes (ano 2024)
48,U,U — Empresa de médio porte,grupo,329,Fabricação de produtos diversos,indisponivel,88,88,0.0,0.0,nao_atualizado,Não há na biblioteca nem na API endpoint de estabelecimentos por porte da RAIS/metodologia Sebrae com recorte anual e 4 portes (ano 2024)
48,V,V — Grande empresa,grupo,329,Fabricação de produtos diversos,indisponivel,5,5,0.0,0.0,nao_atualizado,Não há na biblioteca nem na API endpoint de estabelecimentos por porte da RAIS/metodologia Sebrae com recorte anual e 4 portes (ano 2024)
49,D,D — EMPREGOS / Estoque 2022,grupo,381,Coleta de resíduos,atualizado,187989,187989,0.0,0.0,identico,
49,E,E — Estoque 2023,grupo,381,Coleta de resíduos,atualizado,193348,192126,-1222.0,-0.632,divergente,
49,F,F — Estoque 2024,grupo,381,Coleta de resíduos,atualizado,199775,198344,-1431.0,-0.7163,divergente,
49,G,G — Estoque 2025,grupo,381,Coleta de resíduos,formula_preservada,206666,205184,-1482.0,-0.7171,divergente,estoque projetado = coluna F + coluna J
49,H,H — Saldo / 2023 (jan-dez),grupo,381,Coleta de resíduos,atualizado,6059,6064,5.0,0.0825,divergente,
49,I,I — 2024 (jan-dez),grupo,381,Coleta de resíduos,atualizado,4704,4748,44.0,0.9354,divergente,
49,J,J — 2025 (jan-dez),grupo,381,Coleta de resíduos,atualizado,6891,6840,-51.0,-0.7401,divergente,
49,K,K — Quantidade de estabelecimentos por porte(RAIS) (Metodologia Sebrae) 2022 / Microempresa,grupo,381,Coleta de resíduos,indisponivel,,,,,nao_atualizado,Não há na biblioteca nem na API endpoint de estabelecimentos por porte da RAIS/metodologia Sebrae com recorte anual e 4 portes (ano 2022)
49,L,L — Empresa de pequeno porte,grupo,381,Coleta de resíduos,indisponivel,,,,,nao_atualizado,Não há na biblioteca nem na API endpoint de estabelecimentos por porte da RAIS/metodologia Sebrae com recorte anual e 4 portes (ano 2022)
49,M,M — Empresa de médio porte,grupo,381,Coleta de resíduos,indisponivel,,,,,nao_atualizado,Não há na biblioteca nem na API endpoint de estabelecimentos por porte da RAIS/metodologia Sebrae com recorte anual e 4 portes (ano 2022)
49,N,N — Grande empresa,grupo,381,Coleta de resíduos,indisponivel,,,,,nao_atualizado,Não há na biblioteca nem na API endpoint de estabelecimentos por porte da RAIS/metodologia Sebrae com recorte anual e 4 portes (ano 2022)
49,O,O — Quantidade de estabelecimentos por porte(RAIS completa) (Metodologia Sebrae) 2023 / Microempresa,grupo,381,Coleta de resíduos,indisponivel,8262,8262,0.0,0.0,nao_atualizado,Não há na biblioteca nem na API endpoint de estabelecimentos por porte da RAIS/metodologia Sebrae com recorte anual e 4 portes (ano 2023)
49,P,P — Empresa de pequeno porte,grupo,381,Coleta de resíduos,indisponivel,514,514,0.0,0.0,nao_atualizado,Não há na biblioteca nem na API endpoint de estabelecimentos por porte da RAIS/metodologia Sebrae com recorte anual e 4 portes (ano 2023)
49,Q,Q — Empresa de médio porte,grupo,381,Coleta de resíduos,indisponivel,184,184,0.0,0.0,nao_atualizado,Não há na biblioteca nem na API endpoint de estabelecimentos por porte da RAIS/metodologia Sebrae com recorte anual e 4 portes (ano 2023)
49,R,R — Grande empresa,grupo,381,Coleta de resíduos,indisponivel,47,47,0.0,0.0,nao_atualizado,Não há na biblioteca nem na API endpoint de estabelecimentos por porte da RAIS/metodologia Sebrae com recorte anual e 4 portes (ano 2023)
49,S,S — Quantidade de estabelecimentos por porte(RAIS) (Metodologia Sebrae) 2024 / Microempresa,grupo,381,Coleta de resíduos,indisponivel,8764,8764,0.0,0.0,nao_atualizado,Não há na biblioteca nem na API endpoint de estabelecimentos por porte da RAIS/metodologia Sebrae com recorte anual e 4 portes (ano 2024)
49,T,T — Empresa de pequeno porte,grupo,381,Coleta de resíduos,indisponivel,535,535,0.0,0.0,nao_atualizado,Não há na biblioteca nem na API endpoint de estabelecimentos por porte da RAIS/metodologia Sebrae com recorte anual e 4 portes (ano 2024)
49,U,U — Empresa de médio porte,grupo,381,Coleta de resíduos,indisponivel,190,190,0.0,0.0,nao_atualizado,Não há na biblioteca nem na API endpoint de estabelecimentos por porte da RAIS/metodologia Sebrae com recorte anual e 4 portes (ano 2024)
49,V,V — Grande empresa,grupo,381,Coleta de resíduos,indisponivel,46,46,0.0,0.0,nao_atualizado,Não há na biblioteca nem na API endpoint de estabelecimentos por porte da RAIS/metodologia Sebrae com recorte anual e 4 portes (ano 2024)
50,D,D — EMPREGOS / Estoque 2022,grupo,383,Recuperação de materiais,atualizado,42324,42324,0.0,0.0,identico,
50,E,E — Estoque 2023,grupo,383,Recuperação de materiais,atualizado,42853,42283,-570.0,-1.3301,divergente,
50,F,F — Estoque 2024,grupo,383,Recuperação de materiais,atualizado,43702,42951,-751.0,-1.7185,divergente,
50,G,G — Estoque 2025,grupo,383,Recuperação de materiais,formula_preservada,45054,44304,-750.0,-1.6647,divergente,estoque projetado = coluna F + coluna J
50,H,H — Saldo / 2023 (jan-dez),grupo,383,Recuperação de materiais,atualizado,-225,-224,1.0,0.4444,divergente,
50,I,I — 2024 (jan-dez),grupo,383,Recuperação de materiais,atualizado,1201,1203,2.0,0.1665,divergente,
50,J,J — 2025 (jan-dez),grupo,383,Recuperação de materiais,atualizado,1352,1353,1.0,0.074,divergente,
50,K,K — Quantidade de estabelecimentos por porte(RAIS) (Metodologia Sebrae) 2022 / Microempresa,grupo,383,Recuperação de materiais,indisponivel,,,,,nao_atualizado,Não há na biblioteca nem na API endpoint de estabelecimentos por porte da RAIS/metodologia Sebrae com recorte anual e 4 portes (ano 2022)
50,L,L — Empresa de pequeno porte,grupo,383,Recuperação de materiais,indisponivel,,,,,nao_atualizado,Não há na biblioteca nem na API endpoint de estabelecimentos por porte da RAIS/metodologia Sebrae com recorte anual e 4 portes (ano 2022)
50,M,M — Empresa de médio porte,grupo,383,Recuperação de materiais,indisponivel,,,,,nao_atualizado,Não há na biblioteca nem na API endpoint de estabelecimentos por porte da RAIS/metodologia Sebrae com recorte anual e 4 portes (ano 2022)
50,N,N — Grande empresa,grupo,383,Recuperação de materiais,indisponivel,,,,,nao_atualizado,Não há na biblioteca nem na API endpoint de estabelecimentos por porte da RAIS/metodologia Sebrae com recorte anual e 4 portes (ano 2022)
50,O,O — Quantidade de estabelecimentos por porte(RAIS completa) (Metodologia Sebrae) 2023 / Microempresa,grupo,383,Recuperação de materiais,indisponivel,7591,7591,0.0,0.0,nao_atualizado,Não há na biblioteca nem na API endpoint de estabelecimentos por porte da RAIS/metodologia Sebrae com recorte anual e 4 portes (ano 2023)
50,P,P — Empresa de pequeno porte,grupo,383,Recuperação de materiais,indisponivel,390,390,0.0,0.0,nao_atualizado,Não há na biblioteca nem na API endpoint de estabelecimentos por porte da RAIS/metodologia Sebrae com recorte anual e 4 portes (ano 2023)
50,Q,Q — Empresa de médio porte,grupo,383,Recuperação de materiais,indisponivel,46,46,0.0,0.0,nao_atualizado,Não há na biblioteca nem na API endpoint de estabelecimentos por porte da RAIS/metodologia Sebrae com recorte anual e 4 portes (ano 2023)
50,R,R — Grande empresa,grupo,383,Recuperação de materiais,indisponivel,null,null,,,nao_atualizado,Não há na biblioteca nem na API endpoint de estabelecimentos por porte da RAIS/metodologia Sebrae com recorte anual e 4 portes (ano 2023)
50,S,S — Quantidade de estabelecimentos por porte(RAIS) (Metodologia Sebrae) 2024 / Microempresa,grupo,383,Recuperação de materiais,indisponivel,8075,8075,0.0,0.0,nao_atualizado,Não há na biblioteca nem na API endpoint de estabelecimentos por porte da RAIS/metodologia Sebrae com recorte anual e 4 portes (ano 2024)
50,T,T — Empresa de pequeno porte,grupo,383,Recuperação de materiais,indisponivel,411,411,0.0,0.0,nao_atualizado,Não há na biblioteca nem na API endpoint de estabelecimentos por porte da RAIS/metodologia Sebrae com recorte anual e 4 portes (ano 2024)
50,U,U — Empresa de médio porte,grupo,383,Recuperação de materiais,indisponivel,46,46,0.0,0.0,nao_atualizado,Não há na biblioteca nem na API endpoint de estabelecimentos por porte da RAIS/metodologia Sebrae com recorte anual e 4 portes (ano 2024)
50,V,V — Grande empresa,grupo,383,Recuperação de materiais,indisponivel,null,null,,,nao_atualizado,Não há na biblioteca nem na API endpoint de estabelecimentos por porte da RAIS/metodologia Sebrae com recorte anual e 4 portes (ano 2024)
51,D,D — EMPREGOS / Estoque 2022,grupo,461,"Representantes comerciais e agentes do comércio, exceto de veículos automotores e motocicletas",atualizado,64252,64252,0.0,0.0,identico,
51,E,E — Estoque 2023,grupo,461,"Representantes comerciais e agentes do comércio, exceto de veículos automotores e motocicletas",atualizado,69152,67298,-1854.0,-2.6811,divergente,
51,F,F — Estoque 2024,grupo,461,"Representantes comerciais e agentes do comércio, exceto de veículos automotores e motocicletas",atualizado,71258,68415,-2843.0,-3.9897,divergente,
51,G,G — Estoque 2025,grupo,461,"Representantes comerciais e agentes do comércio, exceto de veículos automotores e motocicletas",formula_preservada,74080,71274,-2806.0,-3.7878,divergente,estoque projetado = coluna F + coluna J
51,H,H — Saldo / 2023 (jan-dez),grupo,461,"Representantes comerciais e agentes do comércio, exceto de veículos automotores e motocicletas",atualizado,6121,6134,13.0,0.2124,divergente,
51,I,I — 2024 (jan-dez),grupo,461,"Representantes comerciais e agentes do comércio, exceto de veículos automotores e motocicletas",atualizado,3724,3740,16.0,0.4296,divergente,
51,J,J — 2025 (jan-dez),grupo,461,"Representantes comerciais e agentes do comércio, exceto de veículos automotores e motocicletas",atualizado,2822,2859,37.0,1.3111,divergente,
51,K,K — Quantidade de estabelecimentos por porte(RAIS) (Metodologia Sebrae) 2022 / Microempresa,grupo,461,"Representantes comerciais e agentes do comércio, exceto de veículos automotores e motocicletas",indisponivel,,,,,nao_atualizado,Não há na biblioteca nem na API endpoint de estabelecimentos por porte da RAIS/metodologia Sebrae com recorte anual e 4 portes (ano 2022)
51,L,L — Empresa de pequeno porte,grupo,461,"Representantes comerciais e agentes do comércio, exceto de veículos automotores e motocicletas",indisponivel,,,,,nao_atualizado,Não há na biblioteca nem na API endpoint de estabelecimentos por porte da RAIS/metodologia Sebrae com recorte anual e 4 portes (ano 2022)
51,M,M — Empresa de médio porte,grupo,461,"Representantes comerciais e agentes do comércio, exceto de veículos automotores e motocicletas",indisponivel,,,,,nao_atualizado,Não há na biblioteca nem na API endpoint de estabelecimentos por porte da RAIS/metodologia Sebrae com recorte anual e 4 portes (ano 2022)
51,N,N — Grande empresa,grupo,461,"Representantes comerciais e agentes do comércio, exceto de veículos automotores e motocicletas",indisponivel,,,,,nao_atualizado,Não há na biblioteca nem na API endpoint de estabelecimentos por porte da RAIS/metodologia Sebrae com recorte anual e 4 portes (ano 2022)
51,O,O — Quantidade de estabelecimentos por porte(RAIS completa) (Metodologia Sebrae) 2023 / Microempresa,grupo,461,"Representantes comerciais e agentes do comércio, exceto de veículos automotores e motocicletas",indisponivel,177326,177326,0.0,0.0,nao_atualizado,Não há na biblioteca nem na API endpoint de estabelecimentos por porte da RAIS/metodologia Sebrae com recorte anual e 4 portes (ano 2023)
51,P,P — Empresa de pequeno porte,grupo,461,"Representantes comerciais e agentes do comércio, exceto de veículos automotores e motocicletas",indisponivel,991,991,0.0,0.0,nao_atualizado,Não há na biblioteca nem na API endpoint de estabelecimentos por porte da RAIS/metodologia Sebrae com recorte anual e 4 portes (ano 2023)
51,Q,Q — Empresa de médio porte,grupo,461,"Representantes comerciais e agentes do comércio, exceto de veículos automotores e motocicletas",indisponivel,100,100,0.0,0.0,nao_atualizado,Não há na biblioteca nem na API endpoint de estabelecimentos por porte da RAIS/metodologia Sebrae com recorte anual e 4 portes (ano 2023)
51,R,R — Grande empresa,grupo,461,"Representantes comerciais e agentes do comércio, exceto de veículos automotores e motocicletas",indisponivel,46,46,0.0,0.0,nao_atualizado,Não há na biblioteca nem na API endpoint de estabelecimentos por porte da RAIS/metodologia Sebrae com recorte anual e 4 portes (ano 2023)
51,S,S — Quantidade de estabelecimentos por porte(RAIS) (Metodologia Sebrae) 2024 / Microempresa,grupo,461,"Representantes comerciais e agentes do comércio, exceto de veículos automotores e motocicletas",indisponivel,189654,189654,0.0,0.0,nao_atualizado,Não há na biblioteca nem na API endpoint de estabelecimentos por porte da RAIS/metodologia Sebrae com recorte anual e 4 portes (ano 2024)
51,T,T — Empresa de pequeno porte,grupo,461,"Representantes comerciais e agentes do comércio, exceto de veículos automotores e motocicletas",indisponivel,924,924,0.0,0.0,nao_atualizado,Não há na biblioteca nem na API endpoint de estabelecimentos por porte da RAIS/metodologia Sebrae com recorte anual e 4 portes (ano 2024)
51,U,U — Empresa de médio porte,grupo,461,"Representantes comerciais e agentes do comércio, exceto de veículos automotores e motocicletas",indisponivel,105,105,0.0,0.0,nao_atualizado,Não há na biblioteca nem na API endpoint de estabelecimentos por porte da RAIS/metodologia Sebrae com recorte anual e 4 portes (ano 2024)
51,V,V — Grande empresa,grupo,461,"Representantes comerciais e agentes do comércio, exceto de veículos automotores e motocicletas",indisponivel,49,49,0.0,0.0,nao_atualizado,Não há na biblioteca nem na API endpoint de estabelecimentos por porte da RAIS/metodologia Sebrae com recorte anual e 4 portes (ano 2024)
52,D,D — EMPREGOS / Estoque 2022,grupo,464,Comércio atacadista de produtos de consumo não-alimentar,atualizado,403760,403760,0.0,0.0,identico,
52,E,E — Estoque 2023,grupo,464,Comércio atacadista de produtos de consumo não-alimentar,atualizado,414442,410830,-3612.0,-0.8715,divergente,
52,F,F — Estoque 2024,grupo,464,Comércio atacadista de produtos de consumo não-alimentar,atualizado,434902,430320,-4582.0,-1.0536,divergente,
52,G,G — Estoque 2025,grupo,464,Comércio atacadista de produtos de consumo não-alimentar,formula_preservada,445626,441076,-4550.0,-1.021,divergente,estoque projetado = coluna F + coluna J
52,H,H — Saldo / 2023 (jan-dez),grupo,464,Comércio atacadista de produtos de consumo não-alimentar,atualizado,14951,14950,-1.0,-0.0067,divergente,
52,I,I — 2024 (jan-dez),grupo,464,Comércio atacadista de produtos de consumo não-alimentar,atualizado,18099,18096,-3.0,-0.0166,divergente,
52,J,J — 2025 (jan-dez),grupo,464,Comércio atacadista de produtos de consumo não-alimentar,atualizado,10724,10756,32.0,0.2984,divergente,
52,K,K — Quantidade de estabelecimentos por porte(RAIS) (Metodologia Sebrae) 2022 / Microempresa,grupo,464,Comércio atacadista de produtos de consumo não-alimentar,indisponivel,,,,,nao_atualizado,Não há na biblioteca nem na API endpoint de estabelecimentos por porte da RAIS/metodologia Sebrae com recorte anual e 4 portes (ano 2022)
52,L,L — Empresa de pequeno porte,grupo,464,Comércio atacadista de produtos de consumo não-alimentar,indisponivel,,,,,nao_atualizado,Não há na biblioteca nem na API endpoint de estabelecimentos por porte da RAIS/metodologia Sebrae com recorte anual e 4 portes (ano 2022)
52,M,M — Empresa de médio porte,grupo,464,Comércio atacadista de produtos de consumo não-alimentar,indisponivel,,,,,nao_atualizado,Não há na biblioteca nem na API endpoint de estabelecimentos por porte da RAIS/metodologia Sebrae com recorte anual e 4 portes (ano 2022)
52,N,N — Grande empresa,grupo,464,Comércio atacadista de produtos de consumo não-alimentar,indisponivel,,,,,nao_atualizado,Não há na biblioteca nem na API endpoint de estabelecimentos por porte da RAIS/metodologia Sebrae com recorte anual e 4 portes (ano 2022)
52,O,O — Quantidade de estabelecimentos por porte(RAIS completa) (Metodologia Sebrae) 2023 / Microempresa,grupo,464,Comércio atacadista de produtos de consumo não-alimentar,indisponivel,67998,67998,0.0,0.0,nao_atualizado,Não há na biblioteca nem na API endpoint de estabelecimentos por porte da RAIS/metodologia Sebrae com recorte anual e 4 portes (ano 2023)
52,P,P — Empresa de pequeno porte,grupo,464,Comércio atacadista de produtos de consumo não-alimentar,indisponivel,6657,6657,0.0,0.0,nao_atualizado,Não há na biblioteca nem na API endpoint de estabelecimentos por porte da RAIS/metodologia Sebrae com recorte anual e 4 portes (ano 2023)
52,Q,Q — Empresa de médio porte,grupo,464,Comércio atacadista de produtos de consumo não-alimentar,indisponivel,740,740,0.0,0.0,nao_atualizado,Não há na biblioteca nem na API endpoint de estabelecimentos por porte da RAIS/metodologia Sebrae com recorte anual e 4 portes (ano 2023)
52,R,R — Grande empresa,grupo,464,Comércio atacadista de produtos de consumo não-alimentar,indisponivel,538,538,0.0,0.0,nao_atualizado,Não há na biblioteca nem na API endpoint de estabelecimentos por porte da RAIS/metodologia Sebrae com recorte anual e 4 portes (ano 2023)
52,S,S — Quantidade de estabelecimentos por porte(RAIS) (Metodologia Sebrae) 2024 / Microempresa,grupo,464,Comércio atacadista de produtos de consumo não-alimentar,indisponivel,72255,72255,0.0,0.0,nao_atualizado,Não há na biblioteca nem na API endpoint de estabelecimentos por porte da RAIS/metodologia Sebrae com recorte anual e 4 portes (ano 2024)
52,T,T — Empresa de pequeno porte,grupo,464,Comércio atacadista de produtos de consumo não-alimentar,indisponivel,6882,6882,0.0,0.0,nao_atualizado,Não há na biblioteca nem na API endpoint de estabelecimentos por porte da RAIS/metodologia Sebrae com recorte anual e 4 portes (ano 2024)
52,U,U — Empresa de médio porte,grupo,464,Comércio atacadista de produtos de consumo não-alimentar,indisponivel,783,783,0.0,0.0,nao_atualizado,Não há na biblioteca nem na API endpoint de estabelecimentos por porte da RAIS/metodologia Sebrae com recorte anual e 4 portes (ano 2024)
52,V,V — Grande empresa,grupo,464,Comércio atacadista de produtos de consumo não-alimentar,indisponivel,555,555,0.0,0.0,nao_atualizado,Não há na biblioteca nem na API endpoint de estabelecimentos por porte da RAIS/metodologia Sebrae com recorte anual e 4 portes (ano 2024)
53,D,D — EMPREGOS / Estoque 2022,grupo,465,Comércio atacadista de equipamentos e produtos de tecnologias de informação e comunicação,atualizado,39075,39075,0.0,0.0,identico,
53,E,E — Estoque 2023,grupo,465,Comércio atacadista de equipamentos e produtos de tecnologias de informação e comunicação,atualizado,38263,37965,-298.0,-0.7788,divergente,
53,F,F — Estoque 2024,grupo,465,Comércio atacadista de equipamentos e produtos de tecnologias de informação e comunicação,atualizado,38594,38188,-406.0,-1.052,divergente,
53,G,G — Estoque 2025,grupo,465,Comércio atacadista de equipamentos e produtos de tecnologias de informação e comunicação,formula_preservada,38870,38466,-404.0,-1.0394,divergente,estoque projetado = coluna F + coluna J
53,H,H — Saldo / 2023 (jan-dez),grupo,465,Comércio atacadista de equipamentos e produtos de tecnologias de informação e comunicação,atualizado,1205,1205,0.0,0.0,identico,
53,I,I — 2024 (jan-dez),grupo,465,Comércio atacadista de equipamentos e produtos de tecnologias de informação e comunicação,atualizado,640,640,0.0,0.0,identico,
53,J,J — 2025 (jan-dez),grupo,465,Comércio atacadista de equipamentos e produtos de tecnologias de informação e comunicação,atualizado,276,278,2.0,0.7246,divergente,
53,K,K — Quantidade de estabelecimentos por porte(RAIS) (Metodologia Sebrae) 2022 / Microempresa,grupo,465,Comércio atacadista de equipamentos e produtos de tecnologias de informação e comunicação,indisponivel,,,,,nao_atualizado,Não há na biblioteca nem na API endpoint de estabelecimentos por porte da RAIS/metodologia Sebrae com recorte anual e 4 portes (ano 2022)
53,L,L — Empresa de pequeno porte,grupo,465,Comércio atacadista de equipamentos e produtos de tecnologias de informação e comunicação,indisponivel,,,,,nao_atualizado,Não há na biblioteca nem na API endpoint de estabelecimentos por porte da RAIS/metodologia Sebrae com recorte anual e 4 portes (ano 2022)
53,M,M — Empresa de médio porte,grupo,465,Comércio atacadista de equipamentos e produtos de tecnologias de informação e comunicação,indisponivel,,,,,nao_atualizado,Não há na biblioteca nem na API endpoint de estabelecimentos por porte da RAIS/metodologia Sebrae com recorte anual e 4 portes (ano 2022)
53,N,N — Grande empresa,grupo,465,Comércio atacadista de equipamentos e produtos de tecnologias de informação e comunicação,indisponivel,,,,,nao_atualizado,Não há na biblioteca nem na API endpoint de estabelecimentos por porte da RAIS/metodologia Sebrae com recorte anual e 4 portes (ano 2022)
53,O,O — Quantidade de estabelecimentos por porte(RAIS completa) (Metodologia Sebrae) 2023 / Microempresa,grupo,465,Comércio atacadista de equipamentos e produtos de tecnologias de informação e comunicação,indisponivel,6258,6258,0.0,0.0,nao_atualizado,Não há na biblioteca nem na API endpoint de estabelecimentos por porte da RAIS/metodologia Sebrae com recorte anual e 4 portes (ano 2023)
53,P,P — Empresa de pequeno porte,grupo,465,Comércio atacadista de equipamentos e produtos de tecnologias de informação e comunicação,indisponivel,571,571,0.0,0.0,nao_atualizado,Não há na biblioteca nem na API endpoint de estabelecimentos por porte da RAIS/metodologia Sebrae com recorte anual e 4 portes (ano 2023)
53,Q,Q — Empresa de médio porte,grupo,465,Comércio atacadista de equipamentos e produtos de tecnologias de informação e comunicação,indisponivel,69,69,0.0,0.0,nao_atualizado,Não há na biblioteca nem na API endpoint de estabelecimentos por porte da RAIS/metodologia Sebrae com recorte anual e 4 portes (ano 2023)
53,R,R — Grande empresa,grupo,465,Comércio atacadista de equipamentos e produtos de tecnologias de informação e comunicação,indisponivel,57,57,0.0,0.0,nao_atualizado,Não há na biblioteca nem na API endpoint de estabelecimentos por porte da RAIS/metodologia Sebrae com recorte anual e 4 portes (ano 2023)
53,S,S — Quantidade de estabelecimentos por porte(RAIS) (Metodologia Sebrae) 2024 / Microempresa,grupo,465,Comércio atacadista de equipamentos e produtos de tecnologias de informação e comunicação,indisponivel,6745,6745,0.0,0.0,nao_atualizado,Não há na biblioteca nem na API endpoint de estabelecimentos por porte da RAIS/metodologia Sebrae com recorte anual e 4 portes (ano 2024)
53,T,T — Empresa de pequeno porte,grupo,465,Comércio atacadista de equipamentos e produtos de tecnologias de informação e comunicação,indisponivel,566,566,0.0,0.0,nao_atualizado,Não há na biblioteca nem na API endpoint de estabelecimentos por porte da RAIS/metodologia Sebrae com recorte anual e 4 portes (ano 2024)
53,U,U — Empresa de médio porte,grupo,465,Comércio atacadista de equipamentos e produtos de tecnologias de informação e comunicação,indisponivel,76,76,0.0,0.0,nao_atualizado,Não há na biblioteca nem na API endpoint de estabelecimentos por porte da RAIS/metodologia Sebrae com recorte anual e 4 portes (ano 2024)
53,V,V — Grande empresa,grupo,465,Comércio atacadista de equipamentos e produtos de tecnologias de informação e comunicação,indisponivel,50,50,0.0,0.0,nao_atualizado,Não há na biblioteca nem na API endpoint de estabelecimentos por porte da RAIS/metodologia Sebrae com recorte anual e 4 portes (ano 2024)
54,D,D — EMPREGOS / Estoque 2022,grupo,466,"Comércio atacadista de máquinas, aparelhos e equipamentos, exceto de tecnologias de informação e comunicação",atualizado,161186,161186,0.0,0.0,identico,
54,E,E — Estoque 2023,grupo,466,"Comércio atacadista de máquinas, aparelhos e equipamentos, exceto de tecnologias de informação e comunicação",atualizado,171385,170353,-1032.0,-0.6022,divergente,
54,F,F — Estoque 2024,grupo,466,"Comércio atacadista de máquinas, aparelhos e equipamentos, exceto de tecnologias de informação e comunicação",atualizado,177465,176221,-1244.0,-0.701,divergente,
54,G,G — Estoque 2025,grupo,466,"Comércio atacadista de máquinas, aparelhos e equipamentos, exceto de tecnologias de informação e comunicação",formula_preservada,181834,180596,-1238.0,-0.6808,divergente,estoque projetado = coluna F + coluna J
54,H,H — Saldo / 2023 (jan-dez),grupo,466,"Comércio atacadista de máquinas, aparelhos e equipamentos, exceto de tecnologias de informação e comunicação",atualizado,10918,10918,0.0,0.0,identico,
54,I,I — 2024 (jan-dez),grupo,466,"Comércio atacadista de máquinas, aparelhos e equipamentos, exceto de tecnologias de informação e comunicação",atualizado,6479,6481,2.0,0.0309,divergente,
54,J,J — 2025 (jan-dez),grupo,466,"Comércio atacadista de máquinas, aparelhos e equipamentos, exceto de tecnologias de informação e comunicação",atualizado,4369,4375,6.0,0.1373,divergente,
54,K,K — Quantidade de estabelecimentos por porte(RAIS) (Metodologia Sebrae) 2022 / Microempresa,grupo,466,"Comércio atacadista de máquinas, aparelhos e equipamentos, exceto de tecnologias de informação e comunicação",indisponivel,,,,,nao_atualizado,Não há na biblioteca nem na API endpoint de estabelecimentos por porte da RAIS/metodologia Sebrae com recorte anual e 4 portes (ano 2022)
54,L,L — Empresa de pequeno porte,grupo,466,"Comércio atacadista de máquinas, aparelhos e equipamentos, exceto de tecnologias de informação e comunicação",indisponivel,,,,,nao_atualizado,Não há na biblioteca nem na API endpoint de estabelecimentos por porte da RAIS/metodologia Sebrae com recorte anual e 4 portes (ano 2022)
54,M,M — Empresa de médio porte,grupo,466,"Comércio atacadista de máquinas, aparelhos e equipamentos, exceto de tecnologias de informação e comunicação",indisponivel,,,,,nao_atualizado,Não há na biblioteca nem na API endpoint de estabelecimentos por porte da RAIS/metodologia Sebrae com recorte anual e 4 portes (ano 2022)
54,N,N — Grande empresa,grupo,466,"Comércio atacadista de máquinas, aparelhos e equipamentos, exceto de tecnologias de informação e comunicação",indisponivel,,,,,nao_atualizado,Não há na biblioteca nem na API endpoint de estabelecimentos por porte da RAIS/metodologia Sebrae com recorte anual e 4 portes (ano 2022)
54,O,O — Quantidade de estabelecimentos por porte(RAIS completa) (Metodologia Sebrae) 2023 / Microempresa,grupo,466,"Comércio atacadista de máquinas, aparelhos e equipamentos, exceto de tecnologias de informação e comunicação",indisponivel,27126,27126,0.0,0.0,nao_atualizado,Não há na biblioteca nem na API endpoint de estabelecimentos por porte da RAIS/metodologia Sebrae com recorte anual e 4 portes (ano 2023)
54,P,P — Empresa de pequeno porte,grupo,466,"Comércio atacadista de máquinas, aparelhos e equipamentos, exceto de tecnologias de informação e comunicação",indisponivel,3493,3493,0.0,0.0,nao_atualizado,Não há na biblioteca nem na API endpoint de estabelecimentos por porte da RAIS/metodologia Sebrae com recorte anual e 4 portes (ano 2023)
54,Q,Q — Empresa de médio porte,grupo,466,"Comércio atacadista de máquinas, aparelhos e equipamentos, exceto de tecnologias de informação e comunicação",indisponivel,388,388,0.0,0.0,nao_atualizado,Não há na biblioteca nem na API endpoint de estabelecimentos por porte da RAIS/metodologia Sebrae com recorte anual e 4 portes (ano 2023)
54,R,R — Grande empresa,grupo,466,"Comércio atacadista de máquinas, aparelhos e equipamentos, exceto de tecnologias de informação e comunicação",indisponivel,164,164,0.0,0.0,nao_atualizado,Não há na biblioteca nem na API endpoint de estabelecimentos por porte da RAIS/metodologia Sebrae com recorte anual e 4 portes (ano 2023)
54,S,S — Quantidade de estabelecimentos por porte(RAIS) (Metodologia Sebrae) 2024 / Microempresa,grupo,466,"Comércio atacadista de máquinas, aparelhos e equipamentos, exceto de tecnologias de informação e comunicação",indisponivel,28936,28936,0.0,0.0,nao_atualizado,Não há na biblioteca nem na API endpoint de estabelecimentos por porte da RAIS/metodologia Sebrae com recorte anual e 4 portes (ano 2024)
54,T,T — Empresa de pequeno porte,grupo,466,"Comércio atacadista de máquinas, aparelhos e equipamentos, exceto de tecnologias de informação e comunicação",indisponivel,3610,3610,0.0,0.0,nao_atualizado,Não há na biblioteca nem na API endpoint de estabelecimentos por porte da RAIS/metodologia Sebrae com recorte anual e 4 portes (ano 2024)
54,U,U — Empresa de médio porte,grupo,466,"Comércio atacadista de máquinas, aparelhos e equipamentos, exceto de tecnologias de informação e comunicação",indisponivel,384,384,0.0,0.0,nao_atualizado,Não há na biblioteca nem na API endpoint de estabelecimentos por porte da RAIS/metodologia Sebrae com recorte anual e 4 portes (ano 2024)
54,V,V — Grande empresa,grupo,466,"Comércio atacadista de máquinas, aparelhos e equipamentos, exceto de tecnologias de informação e comunicação",indisponivel,186,186,0.0,0.0,nao_atualizado,Não há na biblioteca nem na API endpoint de estabelecimentos por porte da RAIS/metodologia Sebrae com recorte anual e 4 portes (ano 2024)
55,D,D — EMPREGOS / Estoque 2022,grupo,468,Comércio atacadista especializado em outros produtos,atualizado,270921,270921,0.0,0.0,identico,
55,E,E — Estoque 2023,grupo,468,Comércio atacadista especializado em outros produtos,atualizado,279565,277339,-2226.0,-0.7962,divergente,
55,F,F — Estoque 2024,grupo,468,Comércio atacadista especializado em outros produtos,atualizado,284618,281917,-2701.0,-0.949,divergente,
55,G,G — Estoque 2025,grupo,468,Comércio atacadista especializado em outros produtos,formula_preservada,289445,286735,-2710.0,-0.9363,divergente,estoque projetado = coluna F + coluna J
55,H,H — Saldo / 2023 (jan-dez),grupo,468,Comércio atacadista especializado em outros produtos,atualizado,8052,8052,0.0,0.0,identico,
55,I,I — 2024 (jan-dez),grupo,468,Comércio atacadista especializado em outros produtos,atualizado,6888,6889,1.0,0.0145,divergente,
55,J,J — 2025 (jan-dez),grupo,468,Comércio atacadista especializado em outros produtos,atualizado,4827,4818,-9.0,-0.1865,divergente,
55,K,K — Quantidade de estabelecimentos por porte(RAIS) (Metodologia Sebrae) 2022 / Microempresa,grupo,468,Comércio atacadista especializado em outros produtos,indisponivel,,,,,nao_atualizado,Não há na biblioteca nem na API endpoint de estabelecimentos por porte da RAIS/metodologia Sebrae com recorte anual e 4 portes (ano 2022)
55,L,L — Empresa de pequeno porte,grupo,468,Comércio atacadista especializado em outros produtos,indisponivel,,,,,nao_atualizado,Não há na biblioteca nem na API endpoint de estabelecimentos por porte da RAIS/metodologia Sebrae com recorte anual e 4 portes (ano 2022)
55,M,M — Empresa de médio porte,grupo,468,Comércio atacadista especializado em outros produtos,indisponivel,,,,,nao_atualizado,Não há na biblioteca nem na API endpoint de estabelecimentos por porte da RAIS/metodologia Sebrae com recorte anual e 4 portes (ano 2022)
55,N,N — Grande empresa,grupo,468,Comércio atacadista especializado em outros produtos,indisponivel,,,,,nao_atualizado,Não há na biblioteca nem na API endpoint de estabelecimentos por porte da RAIS/metodologia Sebrae com recorte anual e 4 portes (ano 2022)
55,O,O — Quantidade de estabelecimentos por porte(RAIS completa) (Metodologia Sebrae) 2023 / Microempresa,grupo,468,Comércio atacadista especializado em outros produtos,indisponivel,45568,45568,0.0,0.0,nao_atualizado,Não há na biblioteca nem na API endpoint de estabelecimentos por porte da RAIS/metodologia Sebrae com recorte anual e 4 portes (ano 2023)
55,P,P — Empresa de pequeno porte,grupo,468,Comércio atacadista especializado em outros produtos,indisponivel,6170,6170,0.0,0.0,nao_atualizado,Não há na biblioteca nem na API endpoint de estabelecimentos por porte da RAIS/metodologia Sebrae com recorte anual e 4 portes (ano 2023)
55,Q,Q — Empresa de médio porte,grupo,468,Comércio atacadista especializado em outros produtos,indisponivel,524,524,0.0,0.0,nao_atualizado,Não há na biblioteca nem na API endpoint de estabelecimentos por porte da RAIS/metodologia Sebrae com recorte anual e 4 portes (ano 2023)
55,R,R — Grande empresa,grupo,468,Comércio atacadista especializado em outros produtos,indisponivel,278,278,0.0,0.0,nao_atualizado,Não há na biblioteca nem na API endpoint de estabelecimentos por porte da RAIS/metodologia Sebrae com recorte anual e 4 portes (ano 2023)
55,S,S — Quantidade de estabelecimentos por porte(RAIS) (Metodologia Sebrae) 2024 / Microempresa,grupo,468,Comércio atacadista especializado em outros produtos,indisponivel,48338,48338,0.0,0.0,nao_atualizado,Não há na biblioteca nem na API endpoint de estabelecimentos por porte da RAIS/metodologia Sebrae com recorte anual e 4 portes (ano 2024)
55,T,T — Empresa de pequeno porte,grupo,468,Comércio atacadista especializado em outros produtos,indisponivel,6161,6161,0.0,0.0,nao_atualizado,Não há na biblioteca nem na API endpoint de estabelecimentos por porte da RAIS/metodologia Sebrae com recorte anual e 4 portes (ano 2024)
55,U,U — Empresa de médio porte,grupo,468,Comércio atacadista especializado em outros produtos,indisponivel,555,555,0.0,0.0,nao_atualizado,Não há na biblioteca nem na API endpoint de estabelecimentos por porte da RAIS/metodologia Sebrae com recorte anual e 4 portes (ano 2024)
55,V,V — Grande empresa,grupo,468,Comércio atacadista especializado em outros produtos,indisponivel,285,285,0.0,0.0,nao_atualizado,Não há na biblioteca nem na API endpoint de estabelecimentos por porte da RAIS/metodologia Sebrae com recorte anual e 4 portes (ano 2024)
56,D,D — EMPREGOS / Estoque 2022,grupo,475,Comércio varejista de equipamentos de informática e comunicação; equipamentos e artigos de uso doméstico,atualizado,810220,810220,0.0,0.0,identico,
56,E,E — Estoque 2023,grupo,475,Comércio varejista de equipamentos de informática e comunicação; equipamentos e artigos de uso doméstico,atualizado,799482,785851,-13631.0,-1.705,divergente,
56,F,F — Estoque 2024,grupo,475,Comércio varejista de equipamentos de informática e comunicação; equipamentos e artigos de uso doméstico,atualizado,796612,778633,-17979.0,-2.2569,divergente,
56,G,G — Estoque 2025,grupo,475,Comércio varejista de equipamentos de informática e comunicação; equipamentos e artigos de uso doméstico,formula_preservada,794799,776872,-17927.0,-2.2555,divergente,estoque projetado = coluna F + coluna J
56,H,H — Saldo / 2023 (jan-dez),grupo,475,Comércio varejista de equipamentos de informática e comunicação; equipamentos e artigos de uso doméstico,atualizado,-3337,-3330,7.0,0.2098,divergente,
56,I,I — 2024 (jan-dez),grupo,475,Comércio varejista de equipamentos de informática e comunicação; equipamentos e artigos de uso doméstico,atualizado,5065,5074,9.0,0.1777,divergente,
56,J,J — 2025 (jan-dez),grupo,475,Comércio varejista de equipamentos de informática e comunicação; equipamentos e artigos de uso doméstico,atualizado,-1813,-1761,52.0,2.8682,divergente,
56,K,K — Quantidade de estabelecimentos por porte(RAIS) (Metodologia Sebrae) 2022 / Microempresa,grupo,475,Comércio varejista de equipamentos de informática e comunicação; equipamentos e artigos de uso doméstico,indisponivel,,,,,nao_atualizado,Não há na biblioteca nem na API endpoint de estabelecimentos por porte da RAIS/metodologia Sebrae com recorte anual e 4 portes (ano 2022)
56,L,L — Empresa de pequeno porte,grupo,475,Comércio varejista de equipamentos de informática e comunicação; equipamentos e artigos de uso doméstico,indisponivel,,,,,nao_atualizado,Não há na biblioteca nem na API endpoint de estabelecimentos por porte da RAIS/metodologia Sebrae com recorte anual e 4 portes (ano 2022)
56,M,M — Empresa de médio porte,grupo,475,Comércio varejista de equipamentos de informática e comunicação; equipamentos e artigos de uso doméstico,indisponivel,,,,,nao_atualizado,Não há na biblioteca nem na API endpoint de estabelecimentos por porte da RAIS/metodologia Sebrae com recorte anual e 4 portes (ano 2022)
56,N,N — Grande empresa,grupo,475,Comércio varejista de equipamentos de informática e comunicação; equipamentos e artigos de uso doméstico,indisponivel,,,,,nao_atualizado,Não há na biblioteca nem na API endpoint de estabelecimentos por porte da RAIS/metodologia Sebrae com recorte anual e 4 portes (ano 2022)
56,O,O — Quantidade de estabelecimentos por porte(RAIS completa) (Metodologia Sebrae) 2023 / Microempresa,grupo,475,Comércio varejista de equipamentos de informática e comunicação; equipamentos e artigos de uso doméstico,indisponivel,301399,301399,0.0,0.0,nao_atualizado,Não há na biblioteca nem na API endpoint de estabelecimentos por porte da RAIS/metodologia Sebrae com recorte anual e 4 portes (ano 2023)
56,P,P — Empresa de pequeno porte,grupo,475,Comércio varejista de equipamentos de informática e comunicação; equipamentos e artigos de uso doméstico,indisponivel,18069,18069,0.0,0.0,nao_atualizado,Não há na biblioteca nem na API endpoint de estabelecimentos por porte da RAIS/metodologia Sebrae com recorte anual e 4 portes (ano 2023)
56,Q,Q — Empresa de médio porte,grupo,475,Comércio varejista de equipamentos de informática e comunicação; equipamentos e artigos de uso doméstico,indisponivel,600,600,0.0,0.0,nao_atualizado,Não há na biblioteca nem na API endpoint de estabelecimentos por porte da RAIS/metodologia Sebrae com recorte anual e 4 portes (ano 2023)
56,R,R — Grande empresa,grupo,475,Comércio varejista de equipamentos de informática e comunicação; equipamentos e artigos de uso doméstico,indisponivel,207,207,0.0,0.0,nao_atualizado,Não há na biblioteca nem na API endpoint de estabelecimentos por porte da RAIS/metodologia Sebrae com recorte anual e 4 portes (ano 2023)
56,S,S — Quantidade de estabelecimentos por porte(RAIS) (Metodologia Sebrae) 2024 / Microempresa,grupo,475,Comércio varejista de equipamentos de informática e comunicação; equipamentos e artigos de uso doméstico,indisponivel,323577,323577,0.0,0.0,nao_atualizado,Não há na biblioteca nem na API endpoint de estabelecimentos por porte da RAIS/metodologia Sebrae com recorte anual e 4 portes (ano 2024)
56,T,T — Empresa de pequeno porte,grupo,475,Comércio varejista de equipamentos de informática e comunicação; equipamentos e artigos de uso doméstico,indisponivel,18027,18027,0.0,0.0,nao_atualizado,Não há na biblioteca nem na API endpoint de estabelecimentos por porte da RAIS/metodologia Sebrae com recorte anual e 4 portes (ano 2024)
56,U,U — Empresa de médio porte,grupo,475,Comércio varejista de equipamentos de informática e comunicação; equipamentos e artigos de uso doméstico,indisponivel,591,591,0.0,0.0,nao_atualizado,Não há na biblioteca nem na API endpoint de estabelecimentos por porte da RAIS/metodologia Sebrae com recorte anual e 4 portes (ano 2024)
56,V,V — Grande empresa,grupo,475,Comércio varejista de equipamentos de informática e comunicação; equipamentos e artigos de uso doméstico,indisponivel,204,204,0.0,0.0,nao_atualizado,Não há na biblioteca nem na API endpoint de estabelecimentos por porte da RAIS/metodologia Sebrae com recorte anual e 4 portes (ano 2024)
57,D,D — EMPREGOS / Estoque 2022,grupo,477,"Comércio varejista de produtos farmacêuticos, perfumaria e cosméticos e artigos médicos, ópticos e ortopédicos",atualizado,799131,799131,0.0,0.0,identico,
57,E,E — Estoque 2023,grupo,477,"Comércio varejista de produtos farmacêuticos, perfumaria e cosméticos e artigos médicos, ópticos e ortopédicos",atualizado,814755,802067,-12688.0,-1.5573,divergente,
57,F,F — Estoque 2024,grupo,477,"Comércio varejista de produtos farmacêuticos, perfumaria e cosméticos e artigos médicos, ópticos e ortopédicos",atualizado,845948,829558,-16390.0,-1.9375,divergente,
57,G,G — Estoque 2025,grupo,477,"Comércio varejista de produtos farmacêuticos, perfumaria e cosméticos e artigos médicos, ópticos e ortopédicos",formula_preservada,878641,862219,-16422.0,-1.869,divergente,estoque projetado = coluna F + coluna J
57,H,H — Saldo / 2023 (jan-dez),grupo,477,"Comércio varejista de produtos farmacêuticos, perfumaria e cosméticos e artigos médicos, ópticos e ortopédicos",atualizado,25306,25313,7.0,0.0277,divergente,
57,I,I — 2024 (jan-dez),grupo,477,"Comércio varejista de produtos farmacêuticos, perfumaria e cosméticos e artigos médicos, ópticos e ortopédicos",atualizado,36536,36558,22.0,0.0602,divergente,
57,J,J — 2025 (jan-dez),grupo,477,"Comércio varejista de produtos farmacêuticos, perfumaria e cosméticos e artigos médicos, ópticos e ortopédicos",atualizado,32693,32661,-32.0,-0.0979,divergente,
57,K,K — Quantidade de estabelecimentos por porte(RAIS) (Metodologia Sebrae) 2022 / Microempresa,grupo,477,"Comércio varejista de produtos farmacêuticos, perfumaria e cosméticos e artigos médicos, ópticos e ortopédicos",indisponivel,,,,,nao_atualizado,Não há na biblioteca nem na API endpoint de estabelecimentos por porte da RAIS/metodologia Sebrae com recorte anual e 4 portes (ano 2022)
57,L,L — Empresa de pequeno porte,grupo,477,"Comércio varejista de produtos farmacêuticos, perfumaria e cosméticos e artigos médicos, ópticos e ortopédicos",indisponivel,,,,,nao_atualizado,Não há na biblioteca nem na API endpoint de estabelecimentos por porte da RAIS/metodologia Sebrae com recorte anual e 4 portes (ano 2022)
57,M,M — Empresa de médio porte,grupo,477,"Comércio varejista de produtos farmacêuticos, perfumaria e cosméticos e artigos médicos, ópticos e ortopédicos",indisponivel,,,,,nao_atualizado,Não há na biblioteca nem na API endpoint de estabelecimentos por porte da RAIS/metodologia Sebrae com recorte anual e 4 portes (ano 2022)
57,N,N — Grande empresa,grupo,477,"Comércio varejista de produtos farmacêuticos, perfumaria e cosméticos e artigos médicos, ópticos e ortopédicos",indisponivel,,,,,nao_atualizado,Não há na biblioteca nem na API endpoint de estabelecimentos por porte da RAIS/metodologia Sebrae com recorte anual e 4 portes (ano 2022)
57,O,O — Quantidade de estabelecimentos por porte(RAIS completa) (Metodologia Sebrae) 2023 / Microempresa,grupo,477,"Comércio varejista de produtos farmacêuticos, perfumaria e cosméticos e artigos médicos, ópticos e ortopédicos",indisponivel,217750,217750,0.0,0.0,nao_atualizado,Não há na biblioteca nem na API endpoint de estabelecimentos por porte da RAIS/metodologia Sebrae com recorte anual e 4 portes (ano 2023)
57,P,P — Empresa de pequeno porte,grupo,477,"Comércio varejista de produtos farmacêuticos, perfumaria e cosméticos e artigos médicos, ópticos e ortopédicos",indisponivel,23181,23181,0.0,0.0,nao_atualizado,Não há na biblioteca nem na API endpoint de estabelecimentos por porte da RAIS/metodologia Sebrae com recorte anual e 4 portes (ano 2023)
57,Q,Q — Empresa de médio porte,grupo,477,"Comércio varejista de produtos farmacêuticos, perfumaria e cosméticos e artigos médicos, ópticos e ortopédicos",indisponivel,349,349,0.0,0.0,nao_atualizado,Não há na biblioteca nem na API endpoint de estabelecimentos por porte da RAIS/metodologia Sebrae com recorte anual e 4 portes (ano 2023)
57,R,R — Grande empresa,grupo,477,"Comércio varejista de produtos farmacêuticos, perfumaria e cosméticos e artigos médicos, ópticos e ortopédicos",indisponivel,120,120,0.0,0.0,nao_atualizado,Não há na biblioteca nem na API endpoint de estabelecimentos por porte da RAIS/metodologia Sebrae com recorte anual e 4 portes (ano 2023)
57,S,S — Quantidade de estabelecimentos por porte(RAIS) (Metodologia Sebrae) 2024 / Microempresa,grupo,477,"Comércio varejista de produtos farmacêuticos, perfumaria e cosméticos e artigos médicos, ópticos e ortopédicos",indisponivel,231327,231327,0.0,0.0,nao_atualizado,Não há na biblioteca nem na API endpoint de estabelecimentos por porte da RAIS/metodologia Sebrae com recorte anual e 4 portes (ano 2024)
57,T,T — Empresa de pequeno porte,grupo,477,"Comércio varejista de produtos farmacêuticos, perfumaria e cosméticos e artigos médicos, ópticos e ortopédicos",indisponivel,24152,24152,0.0,0.0,nao_atualizado,Não há na biblioteca nem na API endpoint de estabelecimentos por porte da RAIS/metodologia Sebrae com recorte anual e 4 portes (ano 2024)
57,U,U — Empresa de médio porte,grupo,477,"Comércio varejista de produtos farmacêuticos, perfumaria e cosméticos e artigos médicos, ópticos e ortopédicos",indisponivel,389,389,0.0,0.0,nao_atualizado,Não há na biblioteca nem na API endpoint de estabelecimentos por porte da RAIS/metodologia Sebrae com recorte anual e 4 portes (ano 2024)
57,V,V — Grande empresa,grupo,477,"Comércio varejista de produtos farmacêuticos, perfumaria e cosméticos e artigos médicos, ópticos e ortopédicos",indisponivel,131,131,0.0,0.0,nao_atualizado,Não há na biblioteca nem na API endpoint de estabelecimentos por porte da RAIS/metodologia Sebrae com recorte anual e 4 portes (ano 2024)
58,D,D — EMPREGOS / Estoque 2022,grupo,478,Comércio varejista de produtos novos não especificados anteriormente e de produtos usados,atualizado,1301220,1301220,0.0,0.0,identico,
58,E,E — Estoque 2023,grupo,478,Comércio varejista de produtos novos não especificados anteriormente e de produtos usados,atualizado,1297557,1268782,-28775.0,-2.2176,divergente,
58,F,F — Estoque 2024,grupo,478,Comércio varejista de produtos novos não especificados anteriormente e de produtos usados,atualizado,1306144,1269494,-36650.0,-2.806,divergente,
58,G,G — Estoque 2025,grupo,478,Comércio varejista de produtos novos não especificados anteriormente e de produtos usados,formula_preservada,1309919,1273265,-36654.0,-2.7982,divergente,estoque projetado = coluna F + coluna J
58,H,H — Saldo / 2023 (jan-dez),grupo,478,Comércio varejista de produtos novos não especificados anteriormente e de produtos usados,atualizado,12329,12331,2.0,0.0162,divergente,
58,I,I — 2024 (jan-dez),grupo,478,Comércio varejista de produtos novos não especificados anteriormente e de produtos usados,atualizado,18945,18965,20.0,0.1056,divergente,
58,J,J — 2025 (jan-dez),grupo,478,Comércio varejista de produtos novos não especificados anteriormente e de produtos usados,atualizado,3775,3771,-4.0,-0.106,divergente,
58,K,K — Quantidade de estabelecimentos por porte(RAIS) (Metodologia Sebrae) 2022 / Microempresa,grupo,478,Comércio varejista de produtos novos não especificados anteriormente e de produtos usados,indisponivel,,,,,nao_atualizado,Não há na biblioteca nem na API endpoint de estabelecimentos por porte da RAIS/metodologia Sebrae com recorte anual e 4 portes (ano 2022)
58,L,L — Empresa de pequeno porte,grupo,478,Comércio varejista de produtos novos não especificados anteriormente e de produtos usados,indisponivel,,,,,nao_atualizado,Não há na biblioteca nem na API endpoint de estabelecimentos por porte da RAIS/metodologia Sebrae com recorte anual e 4 portes (ano 2022)
58,M,M — Empresa de médio porte,grupo,478,Comércio varejista de produtos novos não especificados anteriormente e de produtos usados,indisponivel,,,,,nao_atualizado,Não há na biblioteca nem na API endpoint de estabelecimentos por porte da RAIS/metodologia Sebrae com recorte anual e 4 portes (ano 2022)
58,N,N — Grande empresa,grupo,478,Comércio varejista de produtos novos não especificados anteriormente e de produtos usados,indisponivel,,,,,nao_atualizado,Não há na biblioteca nem na API endpoint de estabelecimentos por porte da RAIS/metodologia Sebrae com recorte anual e 4 portes (ano 2022)
58,O,O — Quantidade de estabelecimentos por porte(RAIS completa) (Metodologia Sebrae) 2023 / Microempresa,grupo,478,Comércio varejista de produtos novos não especificados anteriormente e de produtos usados,indisponivel,579076,579076,0.0,0.0,nao_atualizado,Não há na biblioteca nem na API endpoint de estabelecimentos por porte da RAIS/metodologia Sebrae com recorte anual e 4 portes (ano 2023)
58,P,P — Empresa de pequeno porte,grupo,478,Comércio varejista de produtos novos não especificados anteriormente e de produtos usados,indisponivel,26026,26026,0.0,0.0,nao_atualizado,Não há na biblioteca nem na API endpoint de estabelecimentos por porte da RAIS/metodologia Sebrae com recorte anual e 4 portes (ano 2023)
58,Q,Q — Empresa de médio porte,grupo,478,Comércio varejista de produtos novos não especificados anteriormente e de produtos usados,indisponivel,850,850,0.0,0.0,nao_atualizado,Não há na biblioteca nem na API endpoint de estabelecimentos por porte da RAIS/metodologia Sebrae com recorte anual e 4 portes (ano 2023)
58,R,R — Grande empresa,grupo,478,Comércio varejista de produtos novos não especificados anteriormente e de produtos usados,indisponivel,198,198,0.0,0.0,nao_atualizado,Não há na biblioteca nem na API endpoint de estabelecimentos por porte da RAIS/metodologia Sebrae com recorte anual e 4 portes (ano 2023)
58,S,S — Quantidade de estabelecimentos por porte(RAIS) (Metodologia Sebrae) 2024 / Microempresa,grupo,478,Comércio varejista de produtos novos não especificados anteriormente e de produtos usados,indisponivel,618927,618927,0.0,0.0,nao_atualizado,Não há na biblioteca nem na API endpoint de estabelecimentos por porte da RAIS/metodologia Sebrae com recorte anual e 4 portes (ano 2024)
58,T,T — Empresa de pequeno porte,grupo,478,Comércio varejista de produtos novos não especificados anteriormente e de produtos usados,indisponivel,26311,26311,0.0,0.0,nao_atualizado,Não há na biblioteca nem na API endpoint de estabelecimentos por porte da RAIS/metodologia Sebrae com recorte anual e 4 portes (ano 2024)
58,U,U — Empresa de médio porte,grupo,478,Comércio varejista de produtos novos não especificados anteriormente e de produtos usados,indisponivel,865,865,0.0,0.0,nao_atualizado,Não há na biblioteca nem na API endpoint de estabelecimentos por porte da RAIS/metodologia Sebrae com recorte anual e 4 portes (ano 2024)
58,V,V — Grande empresa,grupo,478,Comércio varejista de produtos novos não especificados anteriormente e de produtos usados,indisponivel,196,196,0.0,0.0,nao_atualizado,Não há na biblioteca nem na API endpoint de estabelecimentos por porte da RAIS/metodologia Sebrae com recorte anual e 4 portes (ano 2024)
59,D,D — EMPREGOS / Estoque 2022,classe,46141,"Representantes comerciais e agentes do comércio de máquinas, equipamentos, embarcações e aeronaves",indisponivel,4062,4062,0.0,0.0,nao_atualizado,API expõe estoque apenas nos níveis divisão (2 díg.) e grupo (3 díg.); não há endpoint de estoque no nível classe (5 díg.)
59,E,E — Estoque 2023,classe,46141,"Representantes comerciais e agentes do comércio de máquinas, equipamentos, embarcações e aeronaves",indisponivel,4028,4028,0.0,0.0,nao_atualizado,API expõe estoque apenas nos níveis divisão (2 díg.) e grupo (3 díg.); não há endpoint de estoque no nível classe (5 díg.)
59,F,F — Estoque 2024,classe,46141,"Representantes comerciais e agentes do comércio de máquinas, equipamentos, embarcações e aeronaves",indisponivel,4001,4001,0.0,0.0,nao_atualizado,API expõe estoque apenas nos níveis divisão (2 díg.) e grupo (3 díg.); não há endpoint de estoque no nível classe (5 díg.)
59,G,G — Estoque 2025,classe,46141,"Representantes comerciais e agentes do comércio de máquinas, equipamentos, embarcações e aeronaves",formula_preservada,4073,4075,2.0,0.0491,divergente,estoque projetado = coluna F + coluna J
59,H,H — Saldo / 2023 (jan-dez),classe,46141,"Representantes comerciais e agentes do comércio de máquinas, equipamentos, embarcações e aeronaves",atualizado,279,279,0.0,0.0,identico,
59,I,I — 2024 (jan-dez),classe,46141,"Representantes comerciais e agentes do comércio de máquinas, equipamentos, embarcações e aeronaves",atualizado,347,347,0.0,0.0,identico,
59,J,J — 2025 (jan-dez),classe,46141,"Representantes comerciais e agentes do comércio de máquinas, equipamentos, embarcações e aeronaves",atualizado,72,74,2.0,2.7778,divergente,
59,K,K — Quantidade de estabelecimentos por porte(RAIS) (Metodologia Sebrae) 2022 / Microempresa,classe,46141,"Representantes comerciais e agentes do comércio de máquinas, equipamentos, embarcações e aeronaves",indisponivel,,,,,nao_atualizado,Não há na biblioteca nem na API endpoint de estabelecimentos por porte da RAIS/metodologia Sebrae com recorte anual e 4 portes (ano 2022)
59,L,L — Empresa de pequeno porte,classe,46141,"Representantes comerciais e agentes do comércio de máquinas, equipamentos, embarcações e aeronaves",indisponivel,,,,,nao_atualizado,Não há na biblioteca nem na API endpoint de estabelecimentos por porte da RAIS/metodologia Sebrae com recorte anual e 4 portes (ano 2022)
59,M,M — Empresa de médio porte,classe,46141,"Representantes comerciais e agentes do comércio de máquinas, equipamentos, embarcações e aeronaves",indisponivel,,,,,nao_atualizado,Não há na biblioteca nem na API endpoint de estabelecimentos por porte da RAIS/metodologia Sebrae com recorte anual e 4 portes (ano 2022)
59,N,N — Grande empresa,classe,46141,"Representantes comerciais e agentes do comércio de máquinas, equipamentos, embarcações e aeronaves",indisponivel,,,,,nao_atualizado,Não há na biblioteca nem na API endpoint de estabelecimentos por porte da RAIS/metodologia Sebrae com recorte anual e 4 portes (ano 2022)
59,O,O — Quantidade de estabelecimentos por porte(RAIS completa) (Metodologia Sebrae) 2023 / Microempresa,classe,46141,"Representantes comerciais e agentes do comércio de máquinas, equipamentos, embarcações e aeronaves",indisponivel,5808,5808,0.0,0.0,nao_atualizado,Não há na biblioteca nem na API endpoint de estabelecimentos por porte da RAIS/metodologia Sebrae com recorte anual e 4 portes (ano 2023)
59,P,P — Empresa de pequeno porte,classe,46141,"Representantes comerciais e agentes do comércio de máquinas, equipamentos, embarcações e aeronaves",indisponivel,81,81,0.0,0.0,nao_atualizado,Não há na biblioteca nem na API endpoint de estabelecimentos por porte da RAIS/metodologia Sebrae com recorte anual e 4 portes (ano 2023)
59,Q,Q — Empresa de médio porte,classe,46141,"Representantes comerciais e agentes do comércio de máquinas, equipamentos, embarcações e aeronaves",indisponivel,4,4,0.0,0.0,nao_atualizado,Não há na biblioteca nem na API endpoint de estabelecimentos por porte da RAIS/metodologia Sebrae com recorte anual e 4 portes (ano 2023)
59,R,R — Grande empresa,classe,46141,"Representantes comerciais e agentes do comércio de máquinas, equipamentos, embarcações e aeronaves",indisponivel,1,1,0.0,0.0,nao_atualizado,Não há na biblioteca nem na API endpoint de estabelecimentos por porte da RAIS/metodologia Sebrae com recorte anual e 4 portes (ano 2023)
59,S,S — Quantidade de estabelecimentos por porte(RAIS) (Metodologia Sebrae) 2024 / Microempresa,classe,46141,"Representantes comerciais e agentes do comércio de máquinas, equipamentos, embarcações e aeronaves",indisponivel,6053,6053,0.0,0.0,nao_atualizado,Não há na biblioteca nem na API endpoint de estabelecimentos por porte da RAIS/metodologia Sebrae com recorte anual e 4 portes (ano 2024)
59,T,T — Empresa de pequeno porte,classe,46141,"Representantes comerciais e agentes do comércio de máquinas, equipamentos, embarcações e aeronaves",indisponivel,75,75,0.0,0.0,nao_atualizado,Não há na biblioteca nem na API endpoint de estabelecimentos por porte da RAIS/metodologia Sebrae com recorte anual e 4 portes (ano 2024)
59,U,U — Empresa de médio porte,classe,46141,"Representantes comerciais e agentes do comércio de máquinas, equipamentos, embarcações e aeronaves",indisponivel,6,6,0.0,0.0,nao_atualizado,Não há na biblioteca nem na API endpoint de estabelecimentos por porte da RAIS/metodologia Sebrae com recorte anual e 4 portes (ano 2024)
59,V,V — Grande empresa,classe,46141,"Representantes comerciais e agentes do comércio de máquinas, equipamentos, embarcações e aeronaves",indisponivel,1,1,0.0,0.0,nao_atualizado,Não há na biblioteca nem na API endpoint de estabelecimentos por porte da RAIS/metodologia Sebrae com recorte anual e 4 portes (ano 2024)
60,D,D — EMPREGOS / Estoque 2022,classe,46150,"Representantes comerciais e agentes do comércio de eletrodomésticos, móveis e artigos de uso doméstico",indisponivel,2990,2990,0.0,0.0,nao_atualizado,API expõe estoque apenas nos níveis divisão (2 díg.) e grupo (3 díg.); não há endpoint de estoque no nível classe (5 díg.)
60,E,E — Estoque 2023,classe,46150,"Representantes comerciais e agentes do comércio de eletrodomésticos, móveis e artigos de uso doméstico",indisponivel,2988,2988,0.0,0.0,nao_atualizado,API expõe estoque apenas nos níveis divisão (2 díg.) e grupo (3 díg.); não há endpoint de estoque no nível classe (5 díg.)
60,F,F — Estoque 2024,classe,46150,"Representantes comerciais e agentes do comércio de eletrodomésticos, móveis e artigos de uso doméstico",indisponivel,2862,2862,0.0,0.0,nao_atualizado,API expõe estoque apenas nos níveis divisão (2 díg.) e grupo (3 díg.); não há endpoint de estoque no nível classe (5 díg.)
60,G,G — Estoque 2025,classe,46150,"Representantes comerciais e agentes do comércio de eletrodomésticos, móveis e artigos de uso doméstico",formula_preservada,2936,2938,2.0,0.0681,divergente,estoque projetado = coluna F + coluna J
60,H,H — Saldo / 2023 (jan-dez),classe,46150,"Representantes comerciais e agentes do comércio de eletrodomésticos, móveis e artigos de uso doméstico",atualizado,40,40,0.0,0.0,identico,
60,I,I — 2024 (jan-dez),classe,46150,"Representantes comerciais e agentes do comércio de eletrodomésticos, móveis e artigos de uso doméstico",atualizado,4,4,0.0,0.0,identico,
60,J,J — 2025 (jan-dez),classe,46150,"Representantes comerciais e agentes do comércio de eletrodomésticos, móveis e artigos de uso doméstico",atualizado,74,76,2.0,2.7027,divergente,
60,K,K — Quantidade de estabelecimentos por porte(RAIS) (Metodologia Sebrae) 2022 / Microempresa,classe,46150,"Representantes comerciais e agentes do comércio de eletrodomésticos, móveis e artigos de uso doméstico",indisponivel,,,,,nao_atualizado,Não há na biblioteca nem na API endpoint de estabelecimentos por porte da RAIS/metodologia Sebrae com recorte anual e 4 portes (ano 2022)
60,L,L — Empresa de pequeno porte,classe,46150,"Representantes comerciais e agentes do comércio de eletrodomésticos, móveis e artigos de uso doméstico",indisponivel,,,,,nao_atualizado,Não há na biblioteca nem na API endpoint de estabelecimentos por porte da RAIS/metodologia Sebrae com recorte anual e 4 portes (ano 2022)
60,M,M — Empresa de médio porte,classe,46150,"Representantes comerciais e agentes do comércio de eletrodomésticos, móveis e artigos de uso doméstico",indisponivel,,,,,nao_atualizado,Não há na biblioteca nem na API endpoint de estabelecimentos por porte da RAIS/metodologia Sebrae com recorte anual e 4 portes (ano 2022)
60,N,N — Grande empresa,classe,46150,"Representantes comerciais e agentes do comércio de eletrodomésticos, móveis e artigos de uso doméstico",indisponivel,,,,,nao_atualizado,Não há na biblioteca nem na API endpoint de estabelecimentos por porte da RAIS/metodologia Sebrae com recorte anual e 4 portes (ano 2022)
60,O,O — Quantidade de estabelecimentos por porte(RAIS completa) (Metodologia Sebrae) 2023 / Microempresa,classe,46150,"Representantes comerciais e agentes do comércio de eletrodomésticos, móveis e artigos de uso doméstico",indisponivel,5140,5140,0.0,0.0,nao_atualizado,Não há na biblioteca nem na API endpoint de estabelecimentos por porte da RAIS/metodologia Sebrae com recorte anual e 4 portes (ano 2023)
60,P,P — Empresa de pequeno porte,classe,46150,"Representantes comerciais e agentes do comércio de eletrodomésticos, móveis e artigos de uso doméstico",indisponivel,68,68,0.0,0.0,nao_atualizado,Não há na biblioteca nem na API endpoint de estabelecimentos por porte da RAIS/metodologia Sebrae com recorte anual e 4 portes (ano 2023)
60,Q,Q — Empresa de médio porte,classe,46150,"Representantes comerciais e agentes do comércio de eletrodomésticos, móveis e artigos de uso doméstico",indisponivel,2,2,0.0,0.0,nao_atualizado,Não há na biblioteca nem na API endpoint de estabelecimentos por porte da RAIS/metodologia Sebrae com recorte anual e 4 portes (ano 2023)
60,R,R — Grande empresa,classe,46150,"Representantes comerciais e agentes do comércio de eletrodomésticos, móveis e artigos de uso doméstico",indisponivel,1,1,0.0,0.0,nao_atualizado,Não há na biblioteca nem na API endpoint de estabelecimentos por porte da RAIS/metodologia Sebrae com recorte anual e 4 portes (ano 2023)
60,S,S — Quantidade de estabelecimentos por porte(RAIS) (Metodologia Sebrae) 2024 / Microempresa,classe,46150,"Representantes comerciais e agentes do comércio de eletrodomésticos, móveis e artigos de uso doméstico",indisponivel,5351,5351,0.0,0.0,nao_atualizado,Não há na biblioteca nem na API endpoint de estabelecimentos por porte da RAIS/metodologia Sebrae com recorte anual e 4 portes (ano 2024)
60,T,T — Empresa de pequeno porte,classe,46150,"Representantes comerciais e agentes do comércio de eletrodomésticos, móveis e artigos de uso doméstico",indisponivel,66,66,0.0,0.0,nao_atualizado,Não há na biblioteca nem na API endpoint de estabelecimentos por porte da RAIS/metodologia Sebrae com recorte anual e 4 portes (ano 2024)
60,U,U — Empresa de médio porte,classe,46150,"Representantes comerciais e agentes do comércio de eletrodomésticos, móveis e artigos de uso doméstico",indisponivel,2,2,0.0,0.0,nao_atualizado,Não há na biblioteca nem na API endpoint de estabelecimentos por porte da RAIS/metodologia Sebrae com recorte anual e 4 portes (ano 2024)
60,V,V — Grande empresa,classe,46150,"Representantes comerciais e agentes do comércio de eletrodomésticos, móveis e artigos de uso doméstico",indisponivel,1,1,0.0,0.0,nao_atualizado,Não há na biblioteca nem na API endpoint de estabelecimentos por porte da RAIS/metodologia Sebrae com recorte anual e 4 portes (ano 2024)
61,D,D — EMPREGOS / Estoque 2022,classe,46168,"Representantes comerciais e agentes do comércio de têxteis, vestuário, calçados e artigos de viagem",indisponivel,3200,3200,0.0,0.0,nao_atualizado,API expõe estoque apenas nos níveis divisão (2 díg.) e grupo (3 díg.); não há endpoint de estoque no nível classe (5 díg.)
61,E,E — Estoque 2023,classe,46168,"Representantes comerciais e agentes do comércio de têxteis, vestuário, calçados e artigos de viagem",indisponivel,3372,3372,0.0,0.0,nao_atualizado,API expõe estoque apenas nos níveis divisão (2 díg.) e grupo (3 díg.); não há endpoint de estoque no nível classe (5 díg.)
61,F,F — Estoque 2024,classe,46168,"Representantes comerciais e agentes do comércio de têxteis, vestuário, calçados e artigos de viagem",indisponivel,3112,3112,0.0,0.0,nao_atualizado,API expõe estoque apenas nos níveis divisão (2 díg.) e grupo (3 díg.); não há endpoint de estoque no nível classe (5 díg.)
61,G,G — Estoque 2025,classe,46168,"Representantes comerciais e agentes do comércio de têxteis, vestuário, calçados e artigos de viagem",formula_preservada,3093,3107,14.0,0.4526,divergente,estoque projetado = coluna F + coluna J
61,H,H — Saldo / 2023 (jan-dez),classe,46168,"Representantes comerciais e agentes do comércio de têxteis, vestuário, calçados e artigos de viagem",atualizado,107,107,0.0,0.0,identico,
61,I,I — 2024 (jan-dez),classe,46168,"Representantes comerciais e agentes do comércio de têxteis, vestuário, calçados e artigos de viagem",atualizado,-76,-76,0.0,0.0,identico,
61,J,J — 2025 (jan-dez),classe,46168,"Representantes comerciais e agentes do comércio de têxteis, vestuário, calçados e artigos de viagem",atualizado,-19,-5,14.0,73.6842,divergente,
61,K,K — Quantidade de estabelecimentos por porte(RAIS) (Metodologia Sebrae) 2022 / Microempresa,classe,46168,"Representantes comerciais e agentes do comércio de têxteis, vestuário, calçados e artigos de viagem",indisponivel,,,,,nao_atualizado,Não há na biblioteca nem na API endpoint de estabelecimentos por porte da RAIS/metodologia Sebrae com recorte anual e 4 portes (ano 2022)
61,L,L — Empresa de pequeno porte,classe,46168,"Representantes comerciais e agentes do comércio de têxteis, vestuário, calçados e artigos de viagem",indisponivel,,,,,nao_atualizado,Não há na biblioteca nem na API endpoint de estabelecimentos por porte da RAIS/metodologia Sebrae com recorte anual e 4 portes (ano 2022)
61,M,M — Empresa de médio porte,classe,46168,"Representantes comerciais e agentes do comércio de têxteis, vestuário, calçados e artigos de viagem",indisponivel,,,,,nao_atualizado,Não há na biblioteca nem na API endpoint de estabelecimentos por porte da RAIS/metodologia Sebrae com recorte anual e 4 portes (ano 2022)
61,N,N — Grande empresa,classe,46168,"Representantes comerciais e agentes do comércio de têxteis, vestuário, calçados e artigos de viagem",indisponivel,,,,,nao_atualizado,Não há na biblioteca nem na API endpoint de estabelecimentos por porte da RAIS/metodologia Sebrae com recorte anual e 4 portes (ano 2022)
61,O,O — Quantidade de estabelecimentos por porte(RAIS completa) (Metodologia Sebrae) 2023 / Microempresa,classe,46168,"Representantes comerciais e agentes do comércio de têxteis, vestuário, calçados e artigos de viagem",indisponivel,14595,14595,0.0,0.0,nao_atualizado,Não há na biblioteca nem na API endpoint de estabelecimentos por porte da RAIS/metodologia Sebrae com recorte anual e 4 portes (ano 2023)
61,P,P — Empresa de pequeno porte,classe,46168,"Representantes comerciais e agentes do comércio de têxteis, vestuário, calçados e artigos de viagem",indisponivel,40,40,0.0,0.0,nao_atualizado,Não há na biblioteca nem na API endpoint de estabelecimentos por porte da RAIS/metodologia Sebrae com recorte anual e 4 portes (ano 2023)
61,Q,Q — Empresa de médio porte,classe,46168,"Representantes comerciais e agentes do comércio de têxteis, vestuário, calçados e artigos de viagem",indisponivel,1,1,0.0,0.0,nao_atualizado,Não há na biblioteca nem na API endpoint de estabelecimentos por porte da RAIS/metodologia Sebrae com recorte anual e 4 portes (ano 2023)
61,R,R — Grande empresa,classe,46168,"Representantes comerciais e agentes do comércio de têxteis, vestuário, calçados e artigos de viagem",indisponivel,1,1,0.0,0.0,nao_atualizado,Não há na biblioteca nem na API endpoint de estabelecimentos por porte da RAIS/metodologia Sebrae com recorte anual e 4 portes (ano 2023)
61,S,S — Quantidade de estabelecimentos por porte(RAIS) (Metodologia Sebrae) 2024 / Microempresa,classe,46168,"Representantes comerciais e agentes do comércio de têxteis, vestuário, calçados e artigos de viagem",indisponivel,14920,14920,0.0,0.0,nao_atualizado,Não há na biblioteca nem na API endpoint de estabelecimentos por porte da RAIS/metodologia Sebrae com recorte anual e 4 portes (ano 2024)
61,T,T — Empresa de pequeno porte,classe,46168,"Representantes comerciais e agentes do comércio de têxteis, vestuário, calçados e artigos de viagem",indisponivel,34,34,0.0,0.0,nao_atualizado,Não há na biblioteca nem na API endpoint de estabelecimentos por porte da RAIS/metodologia Sebrae com recorte anual e 4 portes (ano 2024)
61,U,U — Empresa de médio porte,classe,46168,"Representantes comerciais e agentes do comércio de têxteis, vestuário, calçados e artigos de viagem",indisponivel,null,null,,,nao_atualizado,Não há na biblioteca nem na API endpoint de estabelecimentos por porte da RAIS/metodologia Sebrae com recorte anual e 4 portes (ano 2024)
61,V,V — Grande empresa,classe,46168,"Representantes comerciais e agentes do comércio de têxteis, vestuário, calçados e artigos de viagem",indisponivel,1,1,0.0,0.0,nao_atualizado,Não há na biblioteca nem na API endpoint de estabelecimentos por porte da RAIS/metodologia Sebrae com recorte anual e 4 portes (ano 2024)
62,D,D — EMPREGOS / Estoque 2022,classe,46184,Representantes comerciais e agentes do comércio especializado em produtos não especificados anteriormente,indisponivel,11011,11011,0.0,0.0,nao_atualizado,API expõe estoque apenas nos níveis divisão (2 díg.) e grupo (3 díg.); não há endpoint de estoque no nível classe (5 díg.)
62,E,E — Estoque 2023,classe,46184,Representantes comerciais e agentes do comércio especializado em produtos não especificados anteriormente,indisponivel,13425,13425,0.0,0.0,nao_atualizado,API expõe estoque apenas nos níveis divisão (2 díg.) e grupo (3 díg.); não há endpoint de estoque no nível classe (5 díg.)
62,F,F — Estoque 2024,classe,46184,Representantes comerciais e agentes do comércio especializado em produtos não especificados anteriormente,indisponivel,14468,14468,0.0,0.0,nao_atualizado,API expõe estoque apenas nos níveis divisão (2 díg.) e grupo (3 díg.); não há endpoint de estoque no nível classe (5 díg.)
62,G,G — Estoque 2025,classe,46184,Representantes comerciais e agentes do comércio especializado em produtos não especificados anteriormente,formula_preservada,15744,15738,-6.0,-0.0381,divergente,estoque projetado = coluna F + coluna J
62,H,H — Saldo / 2023 (jan-dez),classe,46184,Representantes comerciais e agentes do comércio especializado em produtos não especificados anteriormente,atualizado,2937,2937,0.0,0.0,identico,
62,I,I — 2024 (jan-dez),classe,46184,Representantes comerciais e agentes do comércio especializado em produtos não especificados anteriormente,atualizado,808,807,-1.0,-0.1238,divergente,
62,J,J — 2025 (jan-dez),classe,46184,Representantes comerciais e agentes do comércio especializado em produtos não especificados anteriormente,atualizado,1276,1270,-6.0,-0.4702,divergente,
62,K,K — Quantidade de estabelecimentos por porte(RAIS) (Metodologia Sebrae) 2022 / Microempresa,classe,46184,Representantes comerciais e agentes do comércio especializado em produtos não especificados anteriormente,indisponivel,,,,,nao_atualizado,Não há na biblioteca nem na API endpoint de estabelecimentos por porte da RAIS/metodologia Sebrae com recorte anual e 4 portes (ano 2022)
62,L,L — Empresa de pequeno porte,classe,46184,Representantes comerciais e agentes do comércio especializado em produtos não especificados anteriormente,indisponivel,,,,,nao_atualizado,Não há na biblioteca nem na API endpoint de estabelecimentos por porte da RAIS/metodologia Sebrae com recorte anual e 4 portes (ano 2022)
62,M,M — Empresa de médio porte,classe,46184,Representantes comerciais e agentes do comércio especializado em produtos não especificados anteriormente,indisponivel,,,,,nao_atualizado,Não há na biblioteca nem na API endpoint de estabelecimentos por porte da RAIS/metodologia Sebrae com recorte anual e 4 portes (ano 2022)
62,N,N — Grande empresa,classe,46184,Representantes comerciais e agentes do comércio especializado em produtos não especificados anteriormente,indisponivel,,,,,nao_atualizado,Não há na biblioteca nem na API endpoint de estabelecimentos por porte da RAIS/metodologia Sebrae com recorte anual e 4 portes (ano 2022)
62,O,O — Quantidade de estabelecimentos por porte(RAIS completa) (Metodologia Sebrae) 2023 / Microempresa,classe,46184,Representantes comerciais e agentes do comércio especializado em produtos não especificados anteriormente,indisponivel,30638,30638,0.0,0.0,nao_atualizado,Não há na biblioteca nem na API endpoint de estabelecimentos por porte da RAIS/metodologia Sebrae com recorte anual e 4 portes (ano 2023)
62,P,P — Empresa de pequeno porte,classe,46184,Representantes comerciais e agentes do comércio especializado em produtos não especificados anteriormente,indisponivel,129,129,0.0,0.0,nao_atualizado,Não há na biblioteca nem na API endpoint de estabelecimentos por porte da RAIS/metodologia Sebrae com recorte anual e 4 portes (ano 2023)
62,Q,Q — Empresa de médio porte,classe,46184,Representantes comerciais e agentes do comércio especializado em produtos não especificados anteriormente,indisponivel,10,10,0.0,0.0,nao_atualizado,Não há na biblioteca nem na API endpoint de estabelecimentos por porte da RAIS/metodologia Sebrae com recorte anual e 4 portes (ano 2023)
62,R,R — Grande empresa,classe,46184,Representantes comerciais e agentes do comércio especializado em produtos não especificados anteriormente,indisponivel,8,8,0.0,0.0,nao_atualizado,Não há na biblioteca nem na API endpoint de estabelecimentos por porte da RAIS/metodologia Sebrae com recorte anual e 4 portes (ano 2023)
62,S,S — Quantidade de estabelecimentos por porte(RAIS) (Metodologia Sebrae) 2024 / Microempresa,classe,46184,Representantes comerciais e agentes do comércio especializado em produtos não especificados anteriormente,indisponivel,32130,32130,0.0,0.0,nao_atualizado,Não há na biblioteca nem na API endpoint de estabelecimentos por porte da RAIS/metodologia Sebrae com recorte anual e 4 portes (ano 2024)
62,T,T — Empresa de pequeno porte,classe,46184,Representantes comerciais e agentes do comércio especializado em produtos não especificados anteriormente,indisponivel,132,132,0.0,0.0,nao_atualizado,Não há na biblioteca nem na API endpoint de estabelecimentos por porte da RAIS/metodologia Sebrae com recorte anual e 4 portes (ano 2024)
62,U,U — Empresa de médio porte,classe,46184,Representantes comerciais e agentes do comércio especializado em produtos não especificados anteriormente,indisponivel,16,16,0.0,0.0,nao_atualizado,Não há na biblioteca nem na API endpoint de estabelecimentos por porte da RAIS/metodologia Sebrae com recorte anual e 4 portes (ano 2024)
62,V,V — Grande empresa,classe,46184,Representantes comerciais e agentes do comércio especializado em produtos não especificados anteriormente,indisponivel,8,8,0.0,0.0,nao_atualizado,Não há na biblioteca nem na API endpoint de estabelecimentos por porte da RAIS/metodologia Sebrae com recorte anual e 4 portes (ano 2024)
63,D,D — EMPREGOS / Estoque 2022,classe,46192,Representantes comerciais e agentes do comércio de mercadorias em geral não especializado,indisponivel,20521,20521,0.0,0.0,nao_atualizado,API expõe estoque apenas nos níveis divisão (2 díg.) e grupo (3 díg.); não há endpoint de estoque no nível classe (5 díg.)
63,E,E — Estoque 2023,classe,46192,Representantes comerciais e agentes do comércio de mercadorias em geral não especializado,indisponivel,22219,22219,0.0,0.0,nao_atualizado,API expõe estoque apenas nos níveis divisão (2 díg.) e grupo (3 díg.); não há endpoint de estoque no nível classe (5 díg.)
63,F,F — Estoque 2024,classe,46192,Representantes comerciais e agentes do comércio de mercadorias em geral não especializado,indisponivel,22128,22128,0.0,0.0,nao_atualizado,API expõe estoque apenas nos níveis divisão (2 díg.) e grupo (3 díg.); não há endpoint de estoque no nível classe (5 díg.)
63,G,G — Estoque 2025,classe,46192,Representantes comerciais e agentes do comércio de mercadorias em geral não especializado,formula_preservada,22854,22859,5.0,0.0219,divergente,estoque projetado = coluna F + coluna J
63,H,H — Saldo / 2023 (jan-dez),classe,46192,Representantes comerciais e agentes do comércio de mercadorias em geral não especializado,atualizado,1409,1409,0.0,0.0,identico,
63,I,I — 2024 (jan-dez),classe,46192,Representantes comerciais e agentes do comércio de mercadorias em geral não especializado,atualizado,1375,1374,-1.0,-0.0727,divergente,
63,J,J — 2025 (jan-dez),classe,46192,Representantes comerciais e agentes do comércio de mercadorias em geral não especializado,atualizado,726,731,5.0,0.6887,divergente,
63,K,K — Quantidade de estabelecimentos por porte(RAIS) (Metodologia Sebrae) 2022 / Microempresa,classe,46192,Representantes comerciais e agentes do comércio de mercadorias em geral não especializado,indisponivel,,,,,nao_atualizado,Não há na biblioteca nem na API endpoint de estabelecimentos por porte da RAIS/metodologia Sebrae com recorte anual e 4 portes (ano 2022)
63,L,L — Empresa de pequeno porte,classe,46192,Representantes comerciais e agentes do comércio de mercadorias em geral não especializado,indisponivel,,,,,nao_atualizado,Não há na biblioteca nem na API endpoint de estabelecimentos por porte da RAIS/metodologia Sebrae com recorte anual e 4 portes (ano 2022)
63,M,M — Empresa de médio porte,classe,46192,Representantes comerciais e agentes do comércio de mercadorias em geral não especializado,indisponivel,,,,,nao_atualizado,Não há na biblioteca nem na API endpoint de estabelecimentos por porte da RAIS/metodologia Sebrae com recorte anual e 4 portes (ano 2022)
63,N,N — Grande empresa,classe,46192,Representantes comerciais e agentes do comércio de mercadorias em geral não especializado,indisponivel,,,,,nao_atualizado,Não há na biblioteca nem na API endpoint de estabelecimentos por porte da RAIS/metodologia Sebrae com recorte anual e 4 portes (ano 2022)
63,O,O — Quantidade de estabelecimentos por porte(RAIS completa) (Metodologia Sebrae) 2023 / Microempresa,classe,46192,Representantes comerciais e agentes do comércio de mercadorias em geral não especializado,indisponivel,63455,63455,0.0,0.0,nao_atualizado,Não há na biblioteca nem na API endpoint de estabelecimentos por porte da RAIS/metodologia Sebrae com recorte anual e 4 portes (ano 2023)
63,P,P — Empresa de pequeno porte,classe,46192,Representantes comerciais e agentes do comércio de mercadorias em geral não especializado,indisponivel,343,343,0.0,0.0,nao_atualizado,Não há na biblioteca nem na API endpoint de estabelecimentos por porte da RAIS/metodologia Sebrae com recorte anual e 4 portes (ano 2023)
63,Q,Q — Empresa de médio porte,classe,46192,Representantes comerciais e agentes do comércio de mercadorias em geral não especializado,indisponivel,36,36,0.0,0.0,nao_atualizado,Não há na biblioteca nem na API endpoint de estabelecimentos por porte da RAIS/metodologia Sebrae com recorte anual e 4 portes (ano 2023)
63,R,R — Grande empresa,classe,46192,Representantes comerciais e agentes do comércio de mercadorias em geral não especializado,indisponivel,13,13,0.0,0.0,nao_atualizado,Não há na biblioteca nem na API endpoint de estabelecimentos por porte da RAIS/metodologia Sebrae com recorte anual e 4 portes (ano 2023)
63,S,S — Quantidade de estabelecimentos por porte(RAIS) (Metodologia Sebrae) 2024 / Microempresa,classe,46192,Representantes comerciais e agentes do comércio de mercadorias em geral não especializado,indisponivel,69626,69626,0.0,0.0,nao_atualizado,Não há na biblioteca nem na API endpoint de estabelecimentos por porte da RAIS/metodologia Sebrae com recorte anual e 4 portes (ano 2024)
63,T,T — Empresa de pequeno porte,classe,46192,Representantes comerciais e agentes do comércio de mercadorias em geral não especializado,indisponivel,298,298,0.0,0.0,nao_atualizado,Não há na biblioteca nem na API endpoint de estabelecimentos por porte da RAIS/metodologia Sebrae com recorte anual e 4 portes (ano 2024)
63,U,U — Empresa de médio porte,classe,46192,Representantes comerciais e agentes do comércio de mercadorias em geral não especializado,indisponivel,37,37,0.0,0.0,nao_atualizado,Não há na biblioteca nem na API endpoint de estabelecimentos por porte da RAIS/metodologia Sebrae com recorte anual e 4 portes (ano 2024)
63,V,V — Grande empresa,classe,46192,Representantes comerciais e agentes do comércio de mercadorias em geral não especializado,indisponivel,14,14,0.0,0.0,nao_atualizado,Não há na biblioteca nem na API endpoint de estabelecimentos por porte da RAIS/metodologia Sebrae com recorte anual e 4 portes (ano 2024)
64,D,D — EMPREGOS / Estoque 2022,classe,46419,"Comércio atacadista de tecidos, artefatos de tecidos e de armarinho",indisponivel,24277,24277,0.0,0.0,nao_atualizado,API expõe estoque apenas nos níveis divisão (2 díg.) e grupo (3 díg.); não há endpoint de estoque no nível classe (5 díg.)
64,E,E — Estoque 2023,classe,46419,"Comércio atacadista de tecidos, artefatos de tecidos e de armarinho",indisponivel,25377,25377,0.0,0.0,nao_atualizado,API expõe estoque apenas nos níveis divisão (2 díg.) e grupo (3 díg.); não há endpoint de estoque no nível classe (5 díg.)
64,F,F — Estoque 2024,classe,46419,"Comércio atacadista de tecidos, artefatos de tecidos e de armarinho",indisponivel,26475,26475,0.0,0.0,nao_atualizado,API expõe estoque apenas nos níveis divisão (2 díg.) e grupo (3 díg.); não há endpoint de estoque no nível classe (5 díg.)
64,G,G — Estoque 2025,classe,46419,"Comércio atacadista de tecidos, artefatos de tecidos e de armarinho",formula_preservada,26672,26672,0.0,0.0,identico,estoque projetado = coluna F + coluna J
64,H,H — Saldo / 2023 (jan-dez),classe,46419,"Comércio atacadista de tecidos, artefatos de tecidos e de armarinho",atualizado,836,836,0.0,0.0,identico,
64,I,I — 2024 (jan-dez),classe,46419,"Comércio atacadista de tecidos, artefatos de tecidos e de armarinho",atualizado,916,916,0.0,0.0,identico,
64,J,J — 2025 (jan-dez),classe,46419,"Comércio atacadista de tecidos, artefatos de tecidos e de armarinho",atualizado,197,197,0.0,0.0,identico,
64,K,K — Quantidade de estabelecimentos por porte(RAIS) (Metodologia Sebrae) 2022 / Microempresa,classe,46419,"Comércio atacadista de tecidos, artefatos de tecidos e de armarinho",indisponivel,,,,,nao_atualizado,Não há na biblioteca nem na API endpoint de estabelecimentos por porte da RAIS/metodologia Sebrae com recorte anual e 4 portes (ano 2022)
64,L,L — Empresa de pequeno porte,classe,46419,"Comércio atacadista de tecidos, artefatos de tecidos e de armarinho",indisponivel,,,,,nao_atualizado,Não há na biblioteca nem na API endpoint de estabelecimentos por porte da RAIS/metodologia Sebrae com recorte anual e 4 portes (ano 2022)
64,M,M — Empresa de médio porte,classe,46419,"Comércio atacadista de tecidos, artefatos de tecidos e de armarinho",indisponivel,,,,,nao_atualizado,Não há na biblioteca nem na API endpoint de estabelecimentos por porte da RAIS/metodologia Sebrae com recorte anual e 4 portes (ano 2022)
64,N,N — Grande empresa,classe,46419,"Comércio atacadista de tecidos, artefatos de tecidos e de armarinho",indisponivel,,,,,nao_atualizado,Não há na biblioteca nem na API endpoint de estabelecimentos por porte da RAIS/metodologia Sebrae com recorte anual e 4 portes (ano 2022)
64,O,O — Quantidade de estabelecimentos por porte(RAIS completa) (Metodologia Sebrae) 2023 / Microempresa,classe,46419,"Comércio atacadista de tecidos, artefatos de tecidos e de armarinho",indisponivel,5398,5398,0.0,0.0,nao_atualizado,Não há na biblioteca nem na API endpoint de estabelecimentos por porte da RAIS/metodologia Sebrae com recorte anual e 4 portes (ano 2023)
64,P,P — Empresa de pequeno porte,classe,46419,"Comércio atacadista de tecidos, artefatos de tecidos e de armarinho",indisponivel,592,592,0.0,0.0,nao_atualizado,Não há na biblioteca nem na API endpoint de estabelecimentos por porte da RAIS/metodologia Sebrae com recorte anual e 4 portes (ano 2023)
64,Q,Q — Empresa de médio porte,classe,46419,"Comércio atacadista de tecidos, artefatos de tecidos e de armarinho",indisponivel,41,41,0.0,0.0,nao_atualizado,Não há na biblioteca nem na API endpoint de estabelecimentos por porte da RAIS/metodologia Sebrae com recorte anual e 4 portes (ano 2023)
64,R,R — Grande empresa,classe,46419,"Comércio atacadista de tecidos, artefatos de tecidos e de armarinho",indisponivel,15,15,0.0,0.0,nao_atualizado,Não há na biblioteca nem na API endpoint de estabelecimentos por porte da RAIS/metodologia Sebrae com recorte anual e 4 portes (ano 2023)
64,S,S — Quantidade de estabelecimentos por porte(RAIS) (Metodologia Sebrae) 2024 / Microempresa,classe,46419,"Comércio atacadista de tecidos, artefatos de tecidos e de armarinho",indisponivel,5750,5750,0.0,0.0,nao_atualizado,Não há na biblioteca nem na API endpoint de estabelecimentos por porte da RAIS/metodologia Sebrae com recorte anual e 4 portes (ano 2024)
64,T,T — Empresa de pequeno porte,classe,46419,"Comércio atacadista de tecidos, artefatos de tecidos e de armarinho",indisponivel,600,600,0.0,0.0,nao_atualizado,Não há na biblioteca nem na API endpoint de estabelecimentos por porte da RAIS/metodologia Sebrae com recorte anual e 4 portes (ano 2024)
64,U,U — Empresa de médio porte,classe,46419,"Comércio atacadista de tecidos, artefatos de tecidos e de armarinho",indisponivel,43,43,0.0,0.0,nao_atualizado,Não há na biblioteca nem na API endpoint de estabelecimentos por porte da RAIS/metodologia Sebrae com recorte anual e 4 portes (ano 2024)
64,V,V — Grande empresa,classe,46419,"Comércio atacadista de tecidos, artefatos de tecidos e de armarinho",indisponivel,18,18,0.0,0.0,nao_atualizado,Não há na biblioteca nem na API endpoint de estabelecimentos por porte da RAIS/metodologia Sebrae com recorte anual e 4 portes (ano 2024)
65,D,D — EMPREGOS / Estoque 2022,classe,46427,Comércio atacadista de artigos do vestuário e acessórios,indisponivel,38439,38439,0.0,0.0,nao_atualizado,API expõe estoque apenas nos níveis divisão (2 díg.) e grupo (3 díg.); não há endpoint de estoque no nível classe (5 díg.)
65,E,E — Estoque 2023,classe,46427,Comércio atacadista de artigos do vestuário e acessórios,indisponivel,39305,39305,0.0,0.0,nao_atualizado,API expõe estoque apenas nos níveis divisão (2 díg.) e grupo (3 díg.); não há endpoint de estoque no nível classe (5 díg.)
65,F,F — Estoque 2024,classe,46427,Comércio atacadista de artigos do vestuário e acessórios,indisponivel,40903,40903,0.0,0.0,nao_atualizado,API expõe estoque apenas nos níveis divisão (2 díg.) e grupo (3 díg.); não há endpoint de estoque no nível classe (5 díg.)
65,G,G — Estoque 2025,classe,46427,Comércio atacadista de artigos do vestuário e acessórios,formula_preservada,42503,42533,30.0,0.0706,divergente,estoque projetado = coluna F + coluna J
65,H,H — Saldo / 2023 (jan-dez),classe,46427,Comércio atacadista de artigos do vestuário e acessórios,atualizado,1387,1387,0.0,0.0,identico,
65,I,I — 2024 (jan-dez),classe,46427,Comércio atacadista de artigos do vestuário e acessórios,atualizado,1167,1167,0.0,0.0,identico,
65,J,J — 2025 (jan-dez),classe,46427,Comércio atacadista de artigos do vestuário e acessórios,atualizado,1600,1630,30.0,1.875,divergente,
65,K,K — Quantidade de estabelecimentos por porte(RAIS) (Metodologia Sebrae) 2022 / Microempresa,classe,46427,Comércio atacadista de artigos do vestuário e acessórios,indisponivel,,,,,nao_atualizado,Não há na biblioteca nem na API endpoint de estabelecimentos por porte da RAIS/metodologia Sebrae com recorte anual e 4 portes (ano 2022)
65,L,L — Empresa de pequeno porte,classe,46427,Comércio atacadista de artigos do vestuário e acessórios,indisponivel,,,,,nao_atualizado,Não há na biblioteca nem na API endpoint de estabelecimentos por porte da RAIS/metodologia Sebrae com recorte anual e 4 portes (ano 2022)
65,M,M — Empresa de médio porte,classe,46427,Comércio atacadista de artigos do vestuário e acessórios,indisponivel,,,,,nao_atualizado,Não há na biblioteca nem na API endpoint de estabelecimentos por porte da RAIS/metodologia Sebrae com recorte anual e 4 portes (ano 2022)
65,N,N — Grande empresa,classe,46427,Comércio atacadista de artigos do vestuário e acessórios,indisponivel,,,,,nao_atualizado,Não há na biblioteca nem na API endpoint de estabelecimentos por porte da RAIS/metodologia Sebrae com recorte anual e 4 portes (ano 2022)
65,O,O — Quantidade de estabelecimentos por porte(RAIS completa) (Metodologia Sebrae) 2023 / Microempresa,classe,46427,Comércio atacadista de artigos do vestuário e acessórios,indisponivel,12058,12058,0.0,0.0,nao_atualizado,Não há na biblioteca nem na API endpoint de estabelecimentos por porte da RAIS/metodologia Sebrae com recorte anual e 4 portes (ano 2023)
65,P,P — Empresa de pequeno porte,classe,46427,Comércio atacadista de artigos do vestuário e acessórios,indisponivel,709,709,0.0,0.0,nao_atualizado,Não há na biblioteca nem na API endpoint de estabelecimentos por porte da RAIS/metodologia Sebrae com recorte anual e 4 portes (ano 2023)
65,Q,Q — Empresa de médio porte,classe,46427,Comércio atacadista de artigos do vestuário e acessórios,indisponivel,42,42,0.0,0.0,nao_atualizado,Não há na biblioteca nem na API endpoint de estabelecimentos por porte da RAIS/metodologia Sebrae com recorte anual e 4 portes (ano 2023)
65,R,R — Grande empresa,classe,46427,Comércio atacadista de artigos do vestuário e acessórios,indisponivel,33,33,0.0,0.0,nao_atualizado,Não há na biblioteca nem na API endpoint de estabelecimentos por porte da RAIS/metodologia Sebrae com recorte anual e 4 portes (ano 2023)
65,S,S — Quantidade de estabelecimentos por porte(RAIS) (Metodologia Sebrae) 2024 / Microempresa,classe,46427,Comércio atacadista de artigos do vestuário e acessórios,indisponivel,12890,12890,0.0,0.0,nao_atualizado,Não há na biblioteca nem na API endpoint de estabelecimentos por porte da RAIS/metodologia Sebrae com recorte anual e 4 portes (ano 2024)
65,T,T — Empresa de pequeno porte,classe,46427,Comércio atacadista de artigos do vestuário e acessórios,indisponivel,684,684,0.0,0.0,nao_atualizado,Não há na biblioteca nem na API endpoint de estabelecimentos por porte da RAIS/metodologia Sebrae com recorte anual e 4 portes (ano 2024)
65,U,U — Empresa de médio porte,classe,46427,Comércio atacadista de artigos do vestuário e acessórios,indisponivel,51,51,0.0,0.0,nao_atualizado,Não há na biblioteca nem na API endpoint de estabelecimentos por porte da RAIS/metodologia Sebrae com recorte anual e 4 portes (ano 2024)
65,V,V — Grande empresa,classe,46427,Comércio atacadista de artigos do vestuário e acessórios,indisponivel,35,35,0.0,0.0,nao_atualizado,Não há na biblioteca nem na API endpoint de estabelecimentos por porte da RAIS/metodologia Sebrae com recorte anual e 4 portes (ano 2024)
66,D,D — EMPREGOS / Estoque 2022,classe,46435,Comércio atacadista de calçados e artigos de viagem,indisponivel,8167,8167,0.0,0.0,nao_atualizado,API expõe estoque apenas nos níveis divisão (2 díg.) e grupo (3 díg.); não há endpoint de estoque no nível classe (5 díg.)
66,E,E — Estoque 2023,classe,46435,Comércio atacadista de calçados e artigos de viagem,indisponivel,8680,8680,0.0,0.0,nao_atualizado,API expõe estoque apenas nos níveis divisão (2 díg.) e grupo (3 díg.); não há endpoint de estoque no nível classe (5 díg.)
66,F,F — Estoque 2024,classe,46435,Comércio atacadista de calçados e artigos de viagem,indisponivel,9733,9733,0.0,0.0,nao_atualizado,API expõe estoque apenas nos níveis divisão (2 díg.) e grupo (3 díg.); não há endpoint de estoque no nível classe (5 díg.)
66,G,G — Estoque 2025,classe,46435,Comércio atacadista de calçados e artigos de viagem,formula_preservada,9786,9789,3.0,0.0307,divergente,estoque projetado = coluna F + coluna J
66,H,H — Saldo / 2023 (jan-dez),classe,46435,Comércio atacadista de calçados e artigos de viagem,atualizado,234,234,0.0,0.0,identico,
66,I,I — 2024 (jan-dez),classe,46435,Comércio atacadista de calçados e artigos de viagem,atualizado,385,385,0.0,0.0,identico,
66,J,J — 2025 (jan-dez),classe,46435,Comércio atacadista de calçados e artigos de viagem,atualizado,53,56,3.0,5.6604,divergente,
66,K,K — Quantidade de estabelecimentos por porte(RAIS) (Metodologia Sebrae) 2022 / Microempresa,classe,46435,Comércio atacadista de calçados e artigos de viagem,indisponivel,,,,,nao_atualizado,Não há na biblioteca nem na API endpoint de estabelecimentos por porte da RAIS/metodologia Sebrae com recorte anual e 4 portes (ano 2022)
66,L,L — Empresa de pequeno porte,classe,46435,Comércio atacadista de calçados e artigos de viagem,indisponivel,,,,,nao_atualizado,Não há na biblioteca nem na API endpoint de estabelecimentos por porte da RAIS/metodologia Sebrae com recorte anual e 4 portes (ano 2022)
66,M,M — Empresa de médio porte,classe,46435,Comércio atacadista de calçados e artigos de viagem,indisponivel,,,,,nao_atualizado,Não há na biblioteca nem na API endpoint de estabelecimentos por porte da RAIS/metodologia Sebrae com recorte anual e 4 portes (ano 2022)
66,N,N — Grande empresa,classe,46435,Comércio atacadista de calçados e artigos de viagem,indisponivel,,,,,nao_atualizado,Não há na biblioteca nem na API endpoint de estabelecimentos por porte da RAIS/metodologia Sebrae com recorte anual e 4 portes (ano 2022)
66,O,O — Quantidade de estabelecimentos por porte(RAIS completa) (Metodologia Sebrae) 2023 / Microempresa,classe,46435,Comércio atacadista de calçados e artigos de viagem,indisponivel,2183,2183,0.0,0.0,nao_atualizado,Não há na biblioteca nem na API endpoint de estabelecimentos por porte da RAIS/metodologia Sebrae com recorte anual e 4 portes (ano 2023)
66,P,P — Empresa de pequeno porte,classe,46435,Comércio atacadista de calçados e artigos de viagem,indisponivel,139,139,0.0,0.0,nao_atualizado,Não há na biblioteca nem na API endpoint de estabelecimentos por porte da RAIS/metodologia Sebrae com recorte anual e 4 portes (ano 2023)
66,Q,Q — Empresa de médio porte,classe,46435,Comércio atacadista de calçados e artigos de viagem,indisponivel,15,15,0.0,0.0,nao_atualizado,Não há na biblioteca nem na API endpoint de estabelecimentos por porte da RAIS/metodologia Sebrae com recorte anual e 4 portes (ano 2023)
66,R,R — Grande empresa,classe,46435,Comércio atacadista de calçados e artigos de viagem,indisponivel,14,14,0.0,0.0,nao_atualizado,Não há na biblioteca nem na API endpoint de estabelecimentos por porte da RAIS/metodologia Sebrae com recorte anual e 4 portes (ano 2023)
66,S,S — Quantidade de estabelecimentos por porte(RAIS) (Metodologia Sebrae) 2024 / Microempresa,classe,46435,Comércio atacadista de calçados e artigos de viagem,indisponivel,2303,2303,0.0,0.0,nao_atualizado,Não há na biblioteca nem na API endpoint de estabelecimentos por porte da RAIS/metodologia Sebrae com recorte anual e 4 portes (ano 2024)
66,T,T — Empresa de pequeno porte,classe,46435,Comércio atacadista de calçados e artigos de viagem,indisponivel,131,131,0.0,0.0,nao_atualizado,Não há na biblioteca nem na API endpoint de estabelecimentos por porte da RAIS/metodologia Sebrae com recorte anual e 4 portes (ano 2024)
66,U,U — Empresa de médio porte,classe,46435,Comércio atacadista de calçados e artigos de viagem,indisponivel,17,17,0.0,0.0,nao_atualizado,Não há na biblioteca nem na API endpoint de estabelecimentos por porte da RAIS/metodologia Sebrae com recorte anual e 4 portes (ano 2024)
66,V,V — Grande empresa,classe,46435,Comércio atacadista de calçados e artigos de viagem,indisponivel,17,17,0.0,0.0,nao_atualizado,Não há na biblioteca nem na API endpoint de estabelecimentos por porte da RAIS/metodologia Sebrae com recorte anual e 4 portes (ano 2024)
67,D,D — EMPREGOS / Estoque 2022,classe,46451,"Comércio atacadista de instrumentos e materiais para uso médico, cirúrgico, ortopédico e odontológico",indisponivel,55153,55153,0.0,0.0,nao_atualizado,API expõe estoque apenas nos níveis divisão (2 díg.) e grupo (3 díg.); não há endpoint de estoque no nível classe (5 díg.)
67,E,E — Estoque 2023,classe,46451,"Comércio atacadista de instrumentos e materiais para uso médico, cirúrgico, ortopédico e odontológico",indisponivel,57705,57705,0.0,0.0,nao_atualizado,API expõe estoque apenas nos níveis divisão (2 díg.) e grupo (3 díg.); não há endpoint de estoque no nível classe (5 díg.)
67,F,F — Estoque 2024,classe,46451,"Comércio atacadista de instrumentos e materiais para uso médico, cirúrgico, ortopédico e odontológico",indisponivel,59713,59713,0.0,0.0,nao_atualizado,API expõe estoque apenas nos níveis divisão (2 díg.) e grupo (3 díg.); não há endpoint de estoque no nível classe (5 díg.)
67,G,G — Estoque 2025,classe,46451,"Comércio atacadista de instrumentos e materiais para uso médico, cirúrgico, ortopédico e odontológico",formula_preservada,60362,60384,22.0,0.0364,divergente,estoque projetado = coluna F + coluna J
67,H,H — Saldo / 2023 (jan-dez),classe,46451,"Comércio atacadista de instrumentos e materiais para uso médico, cirúrgico, ortopédico e odontológico",atualizado,1693,1693,0.0,0.0,identico,
67,I,I — 2024 (jan-dez),classe,46451,"Comércio atacadista de instrumentos e materiais para uso médico, cirúrgico, ortopédico e odontológico",atualizado,1550,1550,0.0,0.0,identico,
67,J,J — 2025 (jan-dez),classe,46451,"Comércio atacadista de instrumentos e materiais para uso médico, cirúrgico, ortopédico e odontológico",atualizado,649,671,22.0,3.3898,divergente,
67,K,K — Quantidade de estabelecimentos por porte(RAIS) (Metodologia Sebrae) 2022 / Microempresa,classe,46451,"Comércio atacadista de instrumentos e materiais para uso médico, cirúrgico, ortopédico e odontológico",indisponivel,,,,,nao_atualizado,Não há na biblioteca nem na API endpoint de estabelecimentos por porte da RAIS/metodologia Sebrae com recorte anual e 4 portes (ano 2022)
67,L,L — Empresa de pequeno porte,classe,46451,"Comércio atacadista de instrumentos e materiais para uso médico, cirúrgico, ortopédico e odontológico",indisponivel,,,,,nao_atualizado,Não há na biblioteca nem na API endpoint de estabelecimentos por porte da RAIS/metodologia Sebrae com recorte anual e 4 portes (ano 2022)
67,M,M — Empresa de médio porte,classe,46451,"Comércio atacadista de instrumentos e materiais para uso médico, cirúrgico, ortopédico e odontológico",indisponivel,,,,,nao_atualizado,Não há na biblioteca nem na API endpoint de estabelecimentos por porte da RAIS/metodologia Sebrae com recorte anual e 4 portes (ano 2022)
67,N,N — Grande empresa,classe,46451,"Comércio atacadista de instrumentos e materiais para uso médico, cirúrgico, ortopédico e odontológico",indisponivel,,,,,nao_atualizado,Não há na biblioteca nem na API endpoint de estabelecimentos por porte da RAIS/metodologia Sebrae com recorte anual e 4 portes (ano 2022)
67,O,O — Quantidade de estabelecimentos por porte(RAIS completa) (Metodologia Sebrae) 2023 / Microempresa,classe,46451,"Comércio atacadista de instrumentos e materiais para uso médico, cirúrgico, ortopédico e odontológico",indisponivel,10103,10103,0.0,0.0,nao_atualizado,Não há na biblioteca nem na API endpoint de estabelecimentos por porte da RAIS/metodologia Sebrae com recorte anual e 4 portes (ano 2023)
67,P,P — Empresa de pequeno porte,classe,46451,"Comércio atacadista de instrumentos e materiais para uso médico, cirúrgico, ortopédico e odontológico",indisponivel,1184,1184,0.0,0.0,nao_atualizado,Não há na biblioteca nem na API endpoint de estabelecimentos por porte da RAIS/metodologia Sebrae com recorte anual e 4 portes (ano 2023)
67,Q,Q — Empresa de médio porte,classe,46451,"Comércio atacadista de instrumentos e materiais para uso médico, cirúrgico, ortopédico e odontológico",indisponivel,105,105,0.0,0.0,nao_atualizado,Não há na biblioteca nem na API endpoint de estabelecimentos por porte da RAIS/metodologia Sebrae com recorte anual e 4 portes (ano 2023)
67,R,R — Grande empresa,classe,46451,"Comércio atacadista de instrumentos e materiais para uso médico, cirúrgico, ortopédico e odontológico",indisponivel,53,53,0.0,0.0,nao_atualizado,Não há na biblioteca nem na API endpoint de estabelecimentos por porte da RAIS/metodologia Sebrae com recorte anual e 4 portes (ano 2023)
67,S,S — Quantidade de estabelecimentos por porte(RAIS) (Metodologia Sebrae) 2024 / Microempresa,classe,46451,"Comércio atacadista de instrumentos e materiais para uso médico, cirúrgico, ortopédico e odontológico",indisponivel,10698,10698,0.0,0.0,nao_atualizado,Não há na biblioteca nem na API endpoint de estabelecimentos por porte da RAIS/metodologia Sebrae com recorte anual e 4 portes (ano 2024)
67,T,T — Empresa de pequeno porte,classe,46451,"Comércio atacadista de instrumentos e materiais para uso médico, cirúrgico, ortopédico e odontológico",indisponivel,1217,1217,0.0,0.0,nao_atualizado,Não há na biblioteca nem na API endpoint de estabelecimentos por porte da RAIS/metodologia Sebrae com recorte anual e 4 portes (ano 2024)
67,U,U — Empresa de médio porte,classe,46451,"Comércio atacadista de instrumentos e materiais para uso médico, cirúrgico, ortopédico e odontológico",indisponivel,111,111,0.0,0.0,nao_atualizado,Não há na biblioteca nem na API endpoint de estabelecimentos por porte da RAIS/metodologia Sebrae com recorte anual e 4 portes (ano 2024)
67,V,V — Grande empresa,classe,46451,"Comércio atacadista de instrumentos e materiais para uso médico, cirúrgico, ortopédico e odontológico",indisponivel,56,56,0.0,0.0,nao_atualizado,Não há na biblioteca nem na API endpoint de estabelecimentos por porte da RAIS/metodologia Sebrae com recorte anual e 4 portes (ano 2024)
68,D,D — EMPREGOS / Estoque 2022,classe,46460,"Comércio atacadista de cosméticos, produtos de perfumaria e de higiene pessoal",indisponivel,74885,74885,0.0,0.0,nao_atualizado,API expõe estoque apenas nos níveis divisão (2 díg.) e grupo (3 díg.); não há endpoint de estoque no nível classe (5 díg.)
68,E,E — Estoque 2023,classe,46460,"Comércio atacadista de cosméticos, produtos de perfumaria e de higiene pessoal",indisponivel,79679,79679,0.0,0.0,nao_atualizado,API expõe estoque apenas nos níveis divisão (2 díg.) e grupo (3 díg.); não há endpoint de estoque no nível classe (5 díg.)
68,F,F — Estoque 2024,classe,46460,"Comércio atacadista de cosméticos, produtos de perfumaria e de higiene pessoal",indisponivel,85732,85732,0.0,0.0,nao_atualizado,API expõe estoque apenas nos níveis divisão (2 díg.) e grupo (3 díg.); não há endpoint de estoque no nível classe (5 díg.)
68,G,G — Estoque 2025,classe,46460,"Comércio atacadista de cosméticos, produtos de perfumaria e de higiene pessoal",formula_preservada,87622,87625,3.0,0.0034,divergente,estoque projetado = coluna F + coluna J
68,H,H — Saldo / 2023 (jan-dez),classe,46460,"Comércio atacadista de cosméticos, produtos de perfumaria e de higiene pessoal",atualizado,3541,3537,-4.0,-0.113,divergente,
68,I,I — 2024 (jan-dez),classe,46460,"Comércio atacadista de cosméticos, produtos de perfumaria e de higiene pessoal",atualizado,5297,5294,-3.0,-0.0566,divergente,
68,J,J — 2025 (jan-dez),classe,46460,"Comércio atacadista de cosméticos, produtos de perfumaria e de higiene pessoal",atualizado,1890,1893,3.0,0.1587,divergente,
68,K,K — Quantidade de estabelecimentos por porte(RAIS) (Metodologia Sebrae) 2022 / Microempresa,classe,46460,"Comércio atacadista de cosméticos, produtos de perfumaria e de higiene pessoal",indisponivel,,,,,nao_atualizado,Não há na biblioteca nem na API endpoint de estabelecimentos por porte da RAIS/metodologia Sebrae com recorte anual e 4 portes (ano 2022)
68,L,L — Empresa de pequeno porte,classe,46460,"Comércio atacadista de cosméticos, produtos de perfumaria e de higiene pessoal",indisponivel,,,,,nao_atualizado,Não há na biblioteca nem na API endpoint de estabelecimentos por porte da RAIS/metodologia Sebrae com recorte anual e 4 portes (ano 2022)
68,M,M — Empresa de médio porte,classe,46460,"Comércio atacadista de cosméticos, produtos de perfumaria e de higiene pessoal",indisponivel,,,,,nao_atualizado,Não há na biblioteca nem na API endpoint de estabelecimentos por porte da RAIS/metodologia Sebrae com recorte anual e 4 portes (ano 2022)
68,N,N — Grande empresa,classe,46460,"Comércio atacadista de cosméticos, produtos de perfumaria e de higiene pessoal",indisponivel,,,,,nao_atualizado,Não há na biblioteca nem na API endpoint de estabelecimentos por porte da RAIS/metodologia Sebrae com recorte anual e 4 portes (ano 2022)
68,O,O — Quantidade de estabelecimentos por porte(RAIS completa) (Metodologia Sebrae) 2023 / Microempresa,classe,46460,"Comércio atacadista de cosméticos, produtos de perfumaria e de higiene pessoal",indisponivel,7633,7633,0.0,0.0,nao_atualizado,Não há na biblioteca nem na API endpoint de estabelecimentos por porte da RAIS/metodologia Sebrae com recorte anual e 4 portes (ano 2023)
68,P,P — Empresa de pequeno porte,classe,46460,"Comércio atacadista de cosméticos, produtos de perfumaria e de higiene pessoal",indisponivel,1040,1040,0.0,0.0,nao_atualizado,Não há na biblioteca nem na API endpoint de estabelecimentos por porte da RAIS/metodologia Sebrae com recorte anual e 4 portes (ano 2023)
68,Q,Q — Empresa de médio porte,classe,46460,"Comércio atacadista de cosméticos, produtos de perfumaria e de higiene pessoal",indisponivel,148,148,0.0,0.0,nao_atualizado,Não há na biblioteca nem na API endpoint de estabelecimentos por porte da RAIS/metodologia Sebrae com recorte anual e 4 portes (ano 2023)
68,R,R — Grande empresa,classe,46460,"Comércio atacadista de cosméticos, produtos de perfumaria e de higiene pessoal",indisponivel,104,104,0.0,0.0,nao_atualizado,Não há na biblioteca nem na API endpoint de estabelecimentos por porte da RAIS/metodologia Sebrae com recorte anual e 4 portes (ano 2023)
68,S,S — Quantidade de estabelecimentos por porte(RAIS) (Metodologia Sebrae) 2024 / Microempresa,classe,46460,"Comércio atacadista de cosméticos, produtos de perfumaria e de higiene pessoal",indisponivel,7981,7981,0.0,0.0,nao_atualizado,Não há na biblioteca nem na API endpoint de estabelecimentos por porte da RAIS/metodologia Sebrae com recorte anual e 4 portes (ano 2024)
68,T,T — Empresa de pequeno porte,classe,46460,"Comércio atacadista de cosméticos, produtos de perfumaria e de higiene pessoal",indisponivel,1163,1163,0.0,0.0,nao_atualizado,Não há na biblioteca nem na API endpoint de estabelecimentos por porte da RAIS/metodologia Sebrae com recorte anual e 4 portes (ano 2024)
68,U,U — Empresa de médio porte,classe,46460,"Comércio atacadista de cosméticos, produtos de perfumaria e de higiene pessoal",indisponivel,161,161,0.0,0.0,nao_atualizado,Não há na biblioteca nem na API endpoint de estabelecimentos por porte da RAIS/metodologia Sebrae com recorte anual e 4 portes (ano 2024)
68,V,V — Grande empresa,classe,46460,"Comércio atacadista de cosméticos, produtos de perfumaria e de higiene pessoal",indisponivel,101,101,0.0,0.0,nao_atualizado,Não há na biblioteca nem na API endpoint de estabelecimentos por porte da RAIS/metodologia Sebrae com recorte anual e 4 portes (ano 2024)
69,D,D — EMPREGOS / Estoque 2022,classe,46478,Comércio atacadista de artigos de escritório e de papelaria,indisponivel,21694,21694,0.0,0.0,nao_atualizado,API expõe estoque apenas nos níveis divisão (2 díg.) e grupo (3 díg.); não há endpoint de estoque no nível classe (5 díg.)
69,E,E — Estoque 2023,classe,46478,Comércio atacadista de artigos de escritório e de papelaria,indisponivel,20957,20957,0.0,0.0,nao_atualizado,API expõe estoque apenas nos níveis divisão (2 díg.) e grupo (3 díg.); não há endpoint de estoque no nível classe (5 díg.)
69,F,F — Estoque 2024,classe,46478,Comércio atacadista de artigos de escritório e de papelaria,indisponivel,21683,21683,0.0,0.0,nao_atualizado,API expõe estoque apenas nos níveis divisão (2 díg.) e grupo (3 díg.); não há endpoint de estoque no nível classe (5 díg.)
69,G,G — Estoque 2025,classe,46478,Comércio atacadista de artigos de escritório e de papelaria,formula_preservada,22312,22313,1.0,0.0045,divergente,estoque projetado = coluna F + coluna J
69,H,H — Saldo / 2023 (jan-dez),classe,46478,Comércio atacadista de artigos de escritório e de papelaria,atualizado,439,439,0.0,0.0,identico,
69,I,I — 2024 (jan-dez),classe,46478,Comércio atacadista de artigos de escritório e de papelaria,atualizado,488,488,0.0,0.0,identico,
69,J,J — 2025 (jan-dez),classe,46478,Comércio atacadista de artigos de escritório e de papelaria,atualizado,629,630,1.0,0.159,divergente,
69,K,K — Quantidade de estabelecimentos por porte(RAIS) (Metodologia Sebrae) 2022 / Microempresa,classe,46478,Comércio atacadista de artigos de escritório e de papelaria,indisponivel,,,,,nao_atualizado,Não há na biblioteca nem na API endpoint de estabelecimentos por porte da RAIS/metodologia Sebrae com recorte anual e 4 portes (ano 2022)
69,L,L — Empresa de pequeno porte,classe,46478,Comércio atacadista de artigos de escritório e de papelaria,indisponivel,,,,,nao_atualizado,Não há na biblioteca nem na API endpoint de estabelecimentos por porte da RAIS/metodologia Sebrae com recorte anual e 4 portes (ano 2022)
69,M,M — Empresa de médio porte,classe,46478,Comércio atacadista de artigos de escritório e de papelaria,indisponivel,,,,,nao_atualizado,Não há na biblioteca nem na API endpoint de estabelecimentos por porte da RAIS/metodologia Sebrae com recorte anual e 4 portes (ano 2022)
69,N,N — Grande empresa,classe,46478,Comércio atacadista de artigos de escritório e de papelaria,indisponivel,,,,,nao_atualizado,Não há na biblioteca nem na API endpoint de estabelecimentos por porte da RAIS/metodologia Sebrae com recorte anual e 4 portes (ano 2022)
69,O,O — Quantidade de estabelecimentos por porte(RAIS completa) (Metodologia Sebrae) 2023 / Microempresa,classe,46478,Comércio atacadista de artigos de escritório e de papelaria,indisponivel,4110,4110,0.0,0.0,nao_atualizado,Não há na biblioteca nem na API endpoint de estabelecimentos por porte da RAIS/metodologia Sebrae com recorte anual e 4 portes (ano 2023)
69,P,P — Empresa de pequeno porte,classe,46478,Comércio atacadista de artigos de escritório e de papelaria,indisponivel,359,359,0.0,0.0,nao_atualizado,Não há na biblioteca nem na API endpoint de estabelecimentos por porte da RAIS/metodologia Sebrae com recorte anual e 4 portes (ano 2023)
69,Q,Q — Empresa de médio porte,classe,46478,Comércio atacadista de artigos de escritório e de papelaria,indisponivel,45,45,0.0,0.0,nao_atualizado,Não há na biblioteca nem na API endpoint de estabelecimentos por porte da RAIS/metodologia Sebrae com recorte anual e 4 portes (ano 2023)
69,R,R — Grande empresa,classe,46478,Comércio atacadista de artigos de escritório e de papelaria,indisponivel,27,27,0.0,0.0,nao_atualizado,Não há na biblioteca nem na API endpoint de estabelecimentos por porte da RAIS/metodologia Sebrae com recorte anual e 4 portes (ano 2023)
69,S,S — Quantidade de estabelecimentos por porte(RAIS) (Metodologia Sebrae) 2024 / Microempresa,classe,46478,Comércio atacadista de artigos de escritório e de papelaria,indisponivel,4358,4358,0.0,0.0,nao_atualizado,Não há na biblioteca nem na API endpoint de estabelecimentos por porte da RAIS/metodologia Sebrae com recorte anual e 4 portes (ano 2024)
69,T,T — Empresa de pequeno porte,classe,46478,Comércio atacadista de artigos de escritório e de papelaria,indisponivel,369,369,0.0,0.0,nao_atualizado,Não há na biblioteca nem na API endpoint de estabelecimentos por porte da RAIS/metodologia Sebrae com recorte anual e 4 portes (ano 2024)
69,U,U — Empresa de médio porte,classe,46478,Comércio atacadista de artigos de escritório e de papelaria,indisponivel,46,46,0.0,0.0,nao_atualizado,Não há na biblioteca nem na API endpoint de estabelecimentos por porte da RAIS/metodologia Sebrae com recorte anual e 4 portes (ano 2024)
69,V,V — Grande empresa,classe,46478,Comércio atacadista de artigos de escritório e de papelaria,indisponivel,25,25,0.0,0.0,nao_atualizado,Não há na biblioteca nem na API endpoint de estabelecimentos por porte da RAIS/metodologia Sebrae com recorte anual e 4 portes (ano 2024)
70,D,D — EMPREGOS / Estoque 2022,classe,46494,Comércio atacadista de equipamentos e artigos de uso pessoal e doméstico não especificados anteriormente,indisponivel,89012,89012,0.0,0.0,nao_atualizado,API expõe estoque apenas nos níveis divisão (2 díg.) e grupo (3 díg.); não há endpoint de estoque no nível classe (5 díg.)
70,E,E — Estoque 2023,classe,46494,Comércio atacadista de equipamentos e artigos de uso pessoal e doméstico não especificados anteriormente,indisponivel,90981,90981,0.0,0.0,nao_atualizado,API expõe estoque apenas nos níveis divisão (2 díg.) e grupo (3 díg.); não há endpoint de estoque no nível classe (5 díg.)
70,F,F — Estoque 2024,classe,46494,Comércio atacadista de equipamentos e artigos de uso pessoal e doméstico não especificados anteriormente,indisponivel,94305,94305,0.0,0.0,nao_atualizado,API expõe estoque apenas nos níveis divisão (2 díg.) e grupo (3 díg.); não há endpoint de estoque no nível classe (5 díg.)
70,G,G — Estoque 2025,classe,46494,Comércio atacadista de equipamentos e artigos de uso pessoal e doméstico não especificados anteriormente,formula_preservada,96793,96764,-29.0,-0.03,divergente,estoque projetado = coluna F + coluna J
70,H,H — Saldo / 2023 (jan-dez),classe,46494,Comércio atacadista de equipamentos e artigos de uso pessoal e doméstico não especificados anteriormente,atualizado,3557,3557,0.0,0.0,identico,
70,I,I — 2024 (jan-dez),classe,46494,Comércio atacadista de equipamentos e artigos de uso pessoal e doméstico não especificados anteriormente,atualizado,3988,3988,0.0,0.0,identico,
70,J,J — 2025 (jan-dez),classe,46494,Comércio atacadista de equipamentos e artigos de uso pessoal e doméstico não especificados anteriormente,atualizado,2488,2459,-29.0,-1.1656,divergente,
70,K,K — Quantidade de estabelecimentos por porte(RAIS) (Metodologia Sebrae) 2022 / Microempresa,classe,46494,Comércio atacadista de equipamentos e artigos de uso pessoal e doméstico não especificados anteriormente,indisponivel,,,,,nao_atualizado,Não há na biblioteca nem na API endpoint de estabelecimentos por porte da RAIS/metodologia Sebrae com recorte anual e 4 portes (ano 2022)
70,L,L — Empresa de pequeno porte,classe,46494,Comércio atacadista de equipamentos e artigos de uso pessoal e doméstico não especificados anteriormente,indisponivel,,,,,nao_atualizado,Não há na biblioteca nem na API endpoint de estabelecimentos por porte da RAIS/metodologia Sebrae com recorte anual e 4 portes (ano 2022)
70,M,M — Empresa de médio porte,classe,46494,Comércio atacadista de equipamentos e artigos de uso pessoal e doméstico não especificados anteriormente,indisponivel,,,,,nao_atualizado,Não há na biblioteca nem na API endpoint de estabelecimentos por porte da RAIS/metodologia Sebrae com recorte anual e 4 portes (ano 2022)
70,N,N — Grande empresa,classe,46494,Comércio atacadista de equipamentos e artigos de uso pessoal e doméstico não especificados anteriormente,indisponivel,,,,,nao_atualizado,Não há na biblioteca nem na API endpoint de estabelecimentos por porte da RAIS/metodologia Sebrae com recorte anual e 4 portes (ano 2022)
70,O,O — Quantidade de estabelecimentos por porte(RAIS completa) (Metodologia Sebrae) 2023 / Microempresa,classe,46494,Comércio atacadista de equipamentos e artigos de uso pessoal e doméstico não especificados anteriormente,indisponivel,20908,20908,0.0,0.0,nao_atualizado,Não há na biblioteca nem na API endpoint de estabelecimentos por porte da RAIS/metodologia Sebrae com recorte anual e 4 portes (ano 2023)
70,P,P — Empresa de pequeno porte,classe,46494,Comércio atacadista de equipamentos e artigos de uso pessoal e doméstico não especificados anteriormente,indisponivel,1760,1760,0.0,0.0,nao_atualizado,Não há na biblioteca nem na API endpoint de estabelecimentos por porte da RAIS/metodologia Sebrae com recorte anual e 4 portes (ano 2023)
70,Q,Q — Empresa de médio porte,classe,46494,Comércio atacadista de equipamentos e artigos de uso pessoal e doméstico não especificados anteriormente,indisponivel,162,162,0.0,0.0,nao_atualizado,Não há na biblioteca nem na API endpoint de estabelecimentos por porte da RAIS/metodologia Sebrae com recorte anual e 4 portes (ano 2023)
70,R,R — Grande empresa,classe,46494,Comércio atacadista de equipamentos e artigos de uso pessoal e doméstico não especificados anteriormente,indisponivel,99,99,0.0,0.0,nao_atualizado,Não há na biblioteca nem na API endpoint de estabelecimentos por porte da RAIS/metodologia Sebrae com recorte anual e 4 portes (ano 2023)
70,S,S — Quantidade de estabelecimentos por porte(RAIS) (Metodologia Sebrae) 2024 / Microempresa,classe,46494,Comércio atacadista de equipamentos e artigos de uso pessoal e doméstico não especificados anteriormente,indisponivel,22272,22272,0.0,0.0,nao_atualizado,Não há na biblioteca nem na API endpoint de estabelecimentos por porte da RAIS/metodologia Sebrae com recorte anual e 4 portes (ano 2024)
70,T,T — Empresa de pequeno porte,classe,46494,Comércio atacadista de equipamentos e artigos de uso pessoal e doméstico não especificados anteriormente,indisponivel,1832,1832,0.0,0.0,nao_atualizado,Não há na biblioteca nem na API endpoint de estabelecimentos por porte da RAIS/metodologia Sebrae com recorte anual e 4 portes (ano 2024)
70,U,U — Empresa de médio porte,classe,46494,Comércio atacadista de equipamentos e artigos de uso pessoal e doméstico não especificados anteriormente,indisponivel,181,181,0.0,0.0,nao_atualizado,Não há na biblioteca nem na API endpoint de estabelecimentos por porte da RAIS/metodologia Sebrae com recorte anual e 4 portes (ano 2024)
70,V,V — Grande empresa,classe,46494,Comércio atacadista de equipamentos e artigos de uso pessoal e doméstico não especificados anteriormente,indisponivel,104,104,0.0,0.0,nao_atualizado,Não há na biblioteca nem na API endpoint de estabelecimentos por porte da RAIS/metodologia Sebrae com recorte anual e 4 portes (ano 2024)
71,D,D — EMPREGOS / Estoque 2022,classe,46516,"Comércio atacadista de computadores, periféricos e suprimentos de informática",indisponivel,23765,23765,0.0,0.0,nao_atualizado,API expõe estoque apenas nos níveis divisão (2 díg.) e grupo (3 díg.); não há endpoint de estoque no nível classe (5 díg.)
71,E,E — Estoque 2023,classe,46516,"Comércio atacadista de computadores, periféricos e suprimentos de informática",indisponivel,23441,23441,0.0,0.0,nao_atualizado,API expõe estoque apenas nos níveis divisão (2 díg.) e grupo (3 díg.); não há endpoint de estoque no nível classe (5 díg.)
71,F,F — Estoque 2024,classe,46516,"Comércio atacadista de computadores, periféricos e suprimentos de informática",indisponivel,23437,23437,0.0,0.0,nao_atualizado,API expõe estoque apenas nos níveis divisão (2 díg.) e grupo (3 díg.); não há endpoint de estoque no nível classe (5 díg.)
71,G,G — Estoque 2025,classe,46516,"Comércio atacadista de computadores, periféricos e suprimentos de informática",formula_preservada,23321,23319,-2.0,-0.0086,divergente,estoque projetado = coluna F + coluna J
71,H,H — Saldo / 2023 (jan-dez),classe,46516,"Comércio atacadista de computadores, periféricos e suprimentos de informática",atualizado,360,360,0.0,0.0,identico,
71,I,I — 2024 (jan-dez),classe,46516,"Comércio atacadista de computadores, periféricos e suprimentos de informática",atualizado,116,116,0.0,0.0,identico,
71,J,J — 2025 (jan-dez),classe,46516,"Comércio atacadista de computadores, periféricos e suprimentos de informática",atualizado,-116,-118,-2.0,-1.7241,divergente,
71,K,K — Quantidade de estabelecimentos por porte(RAIS) (Metodologia Sebrae) 2022 / Microempresa,classe,46516,"Comércio atacadista de computadores, periféricos e suprimentos de informática",indisponivel,,,,,nao_atualizado,Não há na biblioteca nem na API endpoint de estabelecimentos por porte da RAIS/metodologia Sebrae com recorte anual e 4 portes (ano 2022)
71,L,L — Empresa de pequeno porte,classe,46516,"Comércio atacadista de computadores, periféricos e suprimentos de informática",indisponivel,,,,,nao_atualizado,Não há na biblioteca nem na API endpoint de estabelecimentos por porte da RAIS/metodologia Sebrae com recorte anual e 4 portes (ano 2022)
71,M,M — Empresa de médio porte,classe,46516,"Comércio atacadista de computadores, periféricos e suprimentos de informática",indisponivel,,,,,nao_atualizado,Não há na biblioteca nem na API endpoint de estabelecimentos por porte da RAIS/metodologia Sebrae com recorte anual e 4 portes (ano 2022)
71,N,N — Grande empresa,classe,46516,"Comércio atacadista de computadores, periféricos e suprimentos de informática",indisponivel,,,,,nao_atualizado,Não há na biblioteca nem na API endpoint de estabelecimentos por porte da RAIS/metodologia Sebrae com recorte anual e 4 portes (ano 2022)
71,O,O — Quantidade de estabelecimentos por porte(RAIS completa) (Metodologia Sebrae) 2023 / Microempresa,classe,46516,"Comércio atacadista de computadores, periféricos e suprimentos de informática",indisponivel,3550,3550,0.0,0.0,nao_atualizado,Não há na biblioteca nem na API endpoint de estabelecimentos por porte da RAIS/metodologia Sebrae com recorte anual e 4 portes (ano 2023)
71,P,P — Empresa de pequeno porte,classe,46516,"Comércio atacadista de computadores, periféricos e suprimentos de informática",indisponivel,318,318,0.0,0.0,nao_atualizado,Não há na biblioteca nem na API endpoint de estabelecimentos por porte da RAIS/metodologia Sebrae com recorte anual e 4 portes (ano 2023)
71,Q,Q — Empresa de médio porte,classe,46516,"Comércio atacadista de computadores, periféricos e suprimentos de informática",indisponivel,41,41,0.0,0.0,nao_atualizado,Não há na biblioteca nem na API endpoint de estabelecimentos por porte da RAIS/metodologia Sebrae com recorte anual e 4 portes (ano 2023)
71,R,R — Grande empresa,classe,46516,"Comércio atacadista de computadores, periféricos e suprimentos de informática",indisponivel,35,35,0.0,0.0,nao_atualizado,Não há na biblioteca nem na API endpoint de estabelecimentos por porte da RAIS/metodologia Sebrae com recorte anual e 4 portes (ano 2023)
71,S,S — Quantidade de estabelecimentos por porte(RAIS) (Metodologia Sebrae) 2024 / Microempresa,classe,46516,"Comércio atacadista de computadores, periféricos e suprimentos de informática",indisponivel,3724,3724,0.0,0.0,nao_atualizado,Não há na biblioteca nem na API endpoint de estabelecimentos por porte da RAIS/metodologia Sebrae com recorte anual e 4 portes (ano 2024)
71,T,T — Empresa de pequeno porte,classe,46516,"Comércio atacadista de computadores, periféricos e suprimentos de informática",indisponivel,305,305,0.0,0.0,nao_atualizado,Não há na biblioteca nem na API endpoint de estabelecimentos por porte da RAIS/metodologia Sebrae com recorte anual e 4 portes (ano 2024)
71,U,U — Empresa de médio porte,classe,46516,"Comércio atacadista de computadores, periféricos e suprimentos de informática",indisponivel,46,46,0.0,0.0,nao_atualizado,Não há na biblioteca nem na API endpoint de estabelecimentos por porte da RAIS/metodologia Sebrae com recorte anual e 4 portes (ano 2024)
71,V,V — Grande empresa,classe,46516,"Comércio atacadista de computadores, periféricos e suprimentos de informática",indisponivel,32,32,0.0,0.0,nao_atualizado,Não há na biblioteca nem na API endpoint de estabelecimentos por porte da RAIS/metodologia Sebrae com recorte anual e 4 portes (ano 2024)
72,D,D — EMPREGOS / Estoque 2022,classe,46524,Comércio atacadista de componentes eletrônicos e equipamentos de telefonia e comunicação,indisponivel,15310,15310,0.0,0.0,nao_atualizado,API expõe estoque apenas nos níveis divisão (2 díg.) e grupo (3 díg.); não há endpoint de estoque no nível classe (5 díg.)
72,E,E — Estoque 2023,classe,46524,Comércio atacadista de componentes eletrônicos e equipamentos de telefonia e comunicação,indisponivel,14822,14822,0.0,0.0,nao_atualizado,API expõe estoque apenas nos níveis divisão (2 díg.) e grupo (3 díg.); não há endpoint de estoque no nível classe (5 díg.)
72,F,F — Estoque 2024,classe,46524,Comércio atacadista de componentes eletrônicos e equipamentos de telefonia e comunicação,indisponivel,15157,15157,0.0,0.0,nao_atualizado,API expõe estoque apenas nos níveis divisão (2 díg.) e grupo (3 díg.); não há endpoint de estoque no nível classe (5 díg.)
72,G,G — Estoque 2025,classe,46524,Comércio atacadista de componentes eletrônicos e equipamentos de telefonia e comunicação,formula_preservada,15549,15553,4.0,0.0257,divergente,estoque projetado = coluna F + coluna J
72,H,H — Saldo / 2023 (jan-dez),classe,46524,Comércio atacadista de componentes eletrônicos e equipamentos de telefonia e comunicação,atualizado,845,845,0.0,0.0,identico,
72,I,I — 2024 (jan-dez),classe,46524,Comércio atacadista de componentes eletrônicos e equipamentos de telefonia e comunicação,atualizado,524,524,0.0,0.0,identico,
72,J,J — 2025 (jan-dez),classe,46524,Comércio atacadista de componentes eletrônicos e equipamentos de telefonia e comunicação,atualizado,392,396,4.0,1.0204,divergente,
72,K,K — Quantidade de estabelecimentos por porte(RAIS) (Metodologia Sebrae) 2022 / Microempresa,classe,46524,Comércio atacadista de componentes eletrônicos e equipamentos de telefonia e comunicação,indisponivel,,,,,nao_atualizado,Não há na biblioteca nem na API endpoint de estabelecimentos por porte da RAIS/metodologia Sebrae com recorte anual e 4 portes (ano 2022)
72,L,L — Empresa de pequeno porte,classe,46524,Comércio atacadista de componentes eletrônicos e equipamentos de telefonia e comunicação,indisponivel,,,,,nao_atualizado,Não há na biblioteca nem na API endpoint de estabelecimentos por porte da RAIS/metodologia Sebrae com recorte anual e 4 portes (ano 2022)
72,M,M — Empresa de médio porte,classe,46524,Comércio atacadista de componentes eletrônicos e equipamentos de telefonia e comunicação,indisponivel,,,,,nao_atualizado,Não há na biblioteca nem na API endpoint de estabelecimentos por porte da RAIS/metodologia Sebrae com recorte anual e 4 portes (ano 2022)
72,N,N — Grande empresa,classe,46524,Comércio atacadista de componentes eletrônicos e equipamentos de telefonia e comunicação,indisponivel,,,,,nao_atualizado,Não há na biblioteca nem na API endpoint de estabelecimentos por porte da RAIS/metodologia Sebrae com recorte anual e 4 portes (ano 2022)
72,O,O — Quantidade de estabelecimentos por porte(RAIS completa) (Metodologia Sebrae) 2023 / Microempresa,classe,46524,Comércio atacadista de componentes eletrônicos e equipamentos de telefonia e comunicação,indisponivel,2708,2708,0.0,0.0,nao_atualizado,Não há na biblioteca nem na API endpoint de estabelecimentos por porte da RAIS/metodologia Sebrae com recorte anual e 4 portes (ano 2023)
72,P,P — Empresa de pequeno porte,classe,46524,Comércio atacadista de componentes eletrônicos e equipamentos de telefonia e comunicação,indisponivel,253,253,0.0,0.0,nao_atualizado,Não há na biblioteca nem na API endpoint de estabelecimentos por porte da RAIS/metodologia Sebrae com recorte anual e 4 portes (ano 2023)
72,Q,Q — Empresa de médio porte,classe,46524,Comércio atacadista de componentes eletrônicos e equipamentos de telefonia e comunicação,indisponivel,28,28,0.0,0.0,nao_atualizado,Não há na biblioteca nem na API endpoint de estabelecimentos por porte da RAIS/metodologia Sebrae com recorte anual e 4 portes (ano 2023)
72,R,R — Grande empresa,classe,46524,Comércio atacadista de componentes eletrônicos e equipamentos de telefonia e comunicação,indisponivel,22,22,0.0,0.0,nao_atualizado,Não há na biblioteca nem na API endpoint de estabelecimentos por porte da RAIS/metodologia Sebrae com recorte anual e 4 portes (ano 2023)
72,S,S — Quantidade de estabelecimentos por porte(RAIS) (Metodologia Sebrae) 2024 / Microempresa,classe,46524,Comércio atacadista de componentes eletrônicos e equipamentos de telefonia e comunicação,indisponivel,3021,3021,0.0,0.0,nao_atualizado,Não há na biblioteca nem na API endpoint de estabelecimentos por porte da RAIS/metodologia Sebrae com recorte anual e 4 portes (ano 2024)
72,T,T — Empresa de pequeno porte,classe,46524,Comércio atacadista de componentes eletrônicos e equipamentos de telefonia e comunicação,indisponivel,261,261,0.0,0.0,nao_atualizado,Não há na biblioteca nem na API endpoint de estabelecimentos por porte da RAIS/metodologia Sebrae com recorte anual e 4 portes (ano 2024)
72,U,U — Empresa de médio porte,classe,46524,Comércio atacadista de componentes eletrônicos e equipamentos de telefonia e comunicação,indisponivel,30,30,0.0,0.0,nao_atualizado,Não há na biblioteca nem na API endpoint de estabelecimentos por porte da RAIS/metodologia Sebrae com recorte anual e 4 portes (ano 2024)
72,V,V — Grande empresa,classe,46524,Comércio atacadista de componentes eletrônicos e equipamentos de telefonia e comunicação,indisponivel,18,18,0.0,0.0,nao_atualizado,Não há na biblioteca nem na API endpoint de estabelecimentos por porte da RAIS/metodologia Sebrae com recorte anual e 4 portes (ano 2024)
73,D,D — EMPREGOS / Estoque 2022,classe,46613,"Comércio atacadista de máquinas, aparelhos e equipamentos para uso agropecuário",indisponivel,47631,47631,0.0,0.0,nao_atualizado,API expõe estoque apenas nos níveis divisão (2 díg.) e grupo (3 díg.); não há endpoint de estoque no nível classe (5 díg.)
73,E,E — Estoque 2023,classe,46613,"Comércio atacadista de máquinas, aparelhos e equipamentos para uso agropecuário",indisponivel,51136,51136,0.0,0.0,nao_atualizado,API expõe estoque apenas nos níveis divisão (2 díg.) e grupo (3 díg.); não há endpoint de estoque no nível classe (5 díg.)
73,F,F — Estoque 2024,classe,46613,"Comércio atacadista de máquinas, aparelhos e equipamentos para uso agropecuário",indisponivel,51365,51365,0.0,0.0,nao_atualizado,API expõe estoque apenas nos níveis divisão (2 díg.) e grupo (3 díg.); não há endpoint de estoque no nível classe (5 díg.)
73,G,G — Estoque 2025,classe,46613,"Comércio atacadista de máquinas, aparelhos e equipamentos para uso agropecuário",formula_preservada,52175,52182,7.0,0.0134,divergente,estoque projetado = coluna F + coluna J
73,H,H — Saldo / 2023 (jan-dez),classe,46613,"Comércio atacadista de máquinas, aparelhos e equipamentos para uso agropecuário",atualizado,3132,3135,3.0,0.0958,divergente,
73,I,I — 2024 (jan-dez),classe,46613,"Comércio atacadista de máquinas, aparelhos e equipamentos para uso agropecuário",atualizado,319,321,2.0,0.627,divergente,
73,J,J — 2025 (jan-dez),classe,46613,"Comércio atacadista de máquinas, aparelhos e equipamentos para uso agropecuário",atualizado,810,817,7.0,0.8642,divergente,
73,K,K — Quantidade de estabelecimentos por porte(RAIS) (Metodologia Sebrae) 2022 / Microempresa,classe,46613,"Comércio atacadista de máquinas, aparelhos e equipamentos para uso agropecuário",indisponivel,,,,,nao_atualizado,Não há na biblioteca nem na API endpoint de estabelecimentos por porte da RAIS/metodologia Sebrae com recorte anual e 4 portes (ano 2022)
73,L,L — Empresa de pequeno porte,classe,46613,"Comércio atacadista de máquinas, aparelhos e equipamentos para uso agropecuário",indisponivel,,,,,nao_atualizado,Não há na biblioteca nem na API endpoint de estabelecimentos por porte da RAIS/metodologia Sebrae com recorte anual e 4 portes (ano 2022)
73,M,M — Empresa de médio porte,classe,46613,"Comércio atacadista de máquinas, aparelhos e equipamentos para uso agropecuário",indisponivel,,,,,nao_atualizado,Não há na biblioteca nem na API endpoint de estabelecimentos por porte da RAIS/metodologia Sebrae com recorte anual e 4 portes (ano 2022)
73,N,N — Grande empresa,classe,46613,"Comércio atacadista de máquinas, aparelhos e equipamentos para uso agropecuário",indisponivel,,,,,nao_atualizado,Não há na biblioteca nem na API endpoint de estabelecimentos por porte da RAIS/metodologia Sebrae com recorte anual e 4 portes (ano 2022)
73,O,O — Quantidade de estabelecimentos por porte(RAIS completa) (Metodologia Sebrae) 2023 / Microempresa,classe,46613,"Comércio atacadista de máquinas, aparelhos e equipamentos para uso agropecuário",indisponivel,6077,6077,0.0,0.0,nao_atualizado,Não há na biblioteca nem na API endpoint de estabelecimentos por porte da RAIS/metodologia Sebrae com recorte anual e 4 portes (ano 2023)
73,P,P — Empresa de pequeno porte,classe,46613,"Comércio atacadista de máquinas, aparelhos e equipamentos para uso agropecuário",indisponivel,1236,1236,0.0,0.0,nao_atualizado,Não há na biblioteca nem na API endpoint de estabelecimentos por porte da RAIS/metodologia Sebrae com recorte anual e 4 portes (ano 2023)
73,Q,Q — Empresa de médio porte,classe,46613,"Comércio atacadista de máquinas, aparelhos e equipamentos para uso agropecuário",indisponivel,134,134,0.0,0.0,nao_atualizado,Não há na biblioteca nem na API endpoint de estabelecimentos por porte da RAIS/metodologia Sebrae com recorte anual e 4 portes (ano 2023)
73,R,R — Grande empresa,classe,46613,"Comércio atacadista de máquinas, aparelhos e equipamentos para uso agropecuário",indisponivel,45,45,0.0,0.0,nao_atualizado,Não há na biblioteca nem na API endpoint de estabelecimentos por porte da RAIS/metodologia Sebrae com recorte anual e 4 portes (ano 2023)
73,S,S — Quantidade de estabelecimentos por porte(RAIS) (Metodologia Sebrae) 2024 / Microempresa,classe,46613,"Comércio atacadista de máquinas, aparelhos e equipamentos para uso agropecuário",indisponivel,6656,6656,0.0,0.0,nao_atualizado,Não há na biblioteca nem na API endpoint de estabelecimentos por porte da RAIS/metodologia Sebrae com recorte anual e 4 portes (ano 2024)
73,T,T — Empresa de pequeno porte,classe,46613,"Comércio atacadista de máquinas, aparelhos e equipamentos para uso agropecuário",indisponivel,1257,1257,0.0,0.0,nao_atualizado,Não há na biblioteca nem na API endpoint de estabelecimentos por porte da RAIS/metodologia Sebrae com recorte anual e 4 portes (ano 2024)
73,U,U — Empresa de médio porte,classe,46613,"Comércio atacadista de máquinas, aparelhos e equipamentos para uso agropecuário",indisponivel,126,126,0.0,0.0,nao_atualizado,Não há na biblioteca nem na API endpoint de estabelecimentos por porte da RAIS/metodologia Sebrae com recorte anual e 4 portes (ano 2024)
73,V,V — Grande empresa,classe,46613,"Comércio atacadista de máquinas, aparelhos e equipamentos para uso agropecuário",indisponivel,45,45,0.0,0.0,nao_atualizado,Não há na biblioteca nem na API endpoint de estabelecimentos por porte da RAIS/metodologia Sebrae com recorte anual e 4 portes (ano 2024)
74,D,D — EMPREGOS / Estoque 2022,classe,46621,"Comércio atacadista de máquinas, equipamentos para terraplenagem, mineração e construção",indisponivel,12844,12844,0.0,0.0,nao_atualizado,API expõe estoque apenas nos níveis divisão (2 díg.) e grupo (3 díg.); não há endpoint de estoque no nível classe (5 díg.)
74,E,E — Estoque 2023,classe,46621,"Comércio atacadista de máquinas, equipamentos para terraplenagem, mineração e construção",indisponivel,14350,14350,0.0,0.0,nao_atualizado,API expõe estoque apenas nos níveis divisão (2 díg.) e grupo (3 díg.); não há endpoint de estoque no nível classe (5 díg.)
74,F,F — Estoque 2024,classe,46621,"Comércio atacadista de máquinas, equipamentos para terraplenagem, mineração e construção",indisponivel,15163,15163,0.0,0.0,nao_atualizado,API expõe estoque apenas nos níveis divisão (2 díg.) e grupo (3 díg.); não há endpoint de estoque no nível classe (5 díg.)
74,G,G — Estoque 2025,classe,46621,"Comércio atacadista de máquinas, equipamentos para terraplenagem, mineração e construção",formula_preservada,16468,16467,-1.0,-0.0061,divergente,estoque projetado = coluna F + coluna J
74,H,H — Saldo / 2023 (jan-dez),classe,46621,"Comércio atacadista de máquinas, equipamentos para terraplenagem, mineração e construção",atualizado,1467,1466,-1.0,-0.0682,divergente,
74,I,I — 2024 (jan-dez),classe,46621,"Comércio atacadista de máquinas, equipamentos para terraplenagem, mineração e construção",atualizado,1078,1078,0.0,0.0,identico,
74,J,J — 2025 (jan-dez),classe,46621,"Comércio atacadista de máquinas, equipamentos para terraplenagem, mineração e construção",atualizado,1305,1304,-1.0,-0.0766,divergente,
74,K,K — Quantidade de estabelecimentos por porte(RAIS) (Metodologia Sebrae) 2022 / Microempresa,classe,46621,"Comércio atacadista de máquinas, equipamentos para terraplenagem, mineração e construção",indisponivel,,,,,nao_atualizado,Não há na biblioteca nem na API endpoint de estabelecimentos por porte da RAIS/metodologia Sebrae com recorte anual e 4 portes (ano 2022)
74,L,L — Empresa de pequeno porte,classe,46621,"Comércio atacadista de máquinas, equipamentos para terraplenagem, mineração e construção",indisponivel,,,,,nao_atualizado,Não há na biblioteca nem na API endpoint de estabelecimentos por porte da RAIS/metodologia Sebrae com recorte anual e 4 portes (ano 2022)
74,M,M — Empresa de médio porte,classe,46621,"Comércio atacadista de máquinas, equipamentos para terraplenagem, mineração e construção",indisponivel,,,,,nao_atualizado,Não há na biblioteca nem na API endpoint de estabelecimentos por porte da RAIS/metodologia Sebrae com recorte anual e 4 portes (ano 2022)
74,N,N — Grande empresa,classe,46621,"Comércio atacadista de máquinas, equipamentos para terraplenagem, mineração e construção",indisponivel,,,,,nao_atualizado,Não há na biblioteca nem na API endpoint de estabelecimentos por porte da RAIS/metodologia Sebrae com recorte anual e 4 portes (ano 2022)
74,O,O — Quantidade de estabelecimentos por porte(RAIS completa) (Metodologia Sebrae) 2023 / Microempresa,classe,46621,"Comércio atacadista de máquinas, equipamentos para terraplenagem, mineração e construção",indisponivel,1209,1209,0.0,0.0,nao_atualizado,Não há na biblioteca nem na API endpoint de estabelecimentos por porte da RAIS/metodologia Sebrae com recorte anual e 4 portes (ano 2023)
74,P,P — Empresa de pequeno porte,classe,46621,"Comércio atacadista de máquinas, equipamentos para terraplenagem, mineração e construção",indisponivel,200,200,0.0,0.0,nao_atualizado,Não há na biblioteca nem na API endpoint de estabelecimentos por porte da RAIS/metodologia Sebrae com recorte anual e 4 portes (ano 2023)
74,Q,Q — Empresa de médio porte,classe,46621,"Comércio atacadista de máquinas, equipamentos para terraplenagem, mineração e construção",indisponivel,26,26,0.0,0.0,nao_atualizado,Não há na biblioteca nem na API endpoint de estabelecimentos por porte da RAIS/metodologia Sebrae com recorte anual e 4 portes (ano 2023)
74,R,R — Grande empresa,classe,46621,"Comércio atacadista de máquinas, equipamentos para terraplenagem, mineração e construção",indisponivel,20,20,0.0,0.0,nao_atualizado,Não há na biblioteca nem na API endpoint de estabelecimentos por porte da RAIS/metodologia Sebrae com recorte anual e 4 portes (ano 2023)
74,S,S — Quantidade de estabelecimentos por porte(RAIS) (Metodologia Sebrae) 2024 / Microempresa,classe,46621,"Comércio atacadista de máquinas, equipamentos para terraplenagem, mineração e construção",indisponivel,1305,1305,0.0,0.0,nao_atualizado,Não há na biblioteca nem na API endpoint de estabelecimentos por porte da RAIS/metodologia Sebrae com recorte anual e 4 portes (ano 2024)
74,T,T — Empresa de pequeno porte,classe,46621,"Comércio atacadista de máquinas, equipamentos para terraplenagem, mineração e construção",indisponivel,217,217,0.0,0.0,nao_atualizado,Não há na biblioteca nem na API endpoint de estabelecimentos por porte da RAIS/metodologia Sebrae com recorte anual e 4 portes (ano 2024)
74,U,U — Empresa de médio porte,classe,46621,"Comércio atacadista de máquinas, equipamentos para terraplenagem, mineração e construção",indisponivel,27,27,0.0,0.0,nao_atualizado,Não há na biblioteca nem na API endpoint de estabelecimentos por porte da RAIS/metodologia Sebrae com recorte anual e 4 portes (ano 2024)
74,V,V — Grande empresa,classe,46621,"Comércio atacadista de máquinas, equipamentos para terraplenagem, mineração e construção",indisponivel,21,21,0.0,0.0,nao_atualizado,Não há na biblioteca nem na API endpoint de estabelecimentos por porte da RAIS/metodologia Sebrae com recorte anual e 4 portes (ano 2024)
75,D,D — EMPREGOS / Estoque 2022,classe,46630,Comércio atacadista de máquinas e equipamentos para uso industrial,indisponivel,44199,44199,0.0,0.0,nao_atualizado,API expõe estoque apenas nos níveis divisão (2 díg.) e grupo (3 díg.); não há endpoint de estoque no nível classe (5 díg.)
75,E,E — Estoque 2023,classe,46630,Comércio atacadista de máquinas e equipamentos para uso industrial,indisponivel,46713,46713,0.0,0.0,nao_atualizado,API expõe estoque apenas nos níveis divisão (2 díg.) e grupo (3 díg.); não há endpoint de estoque no nível classe (5 díg.)
75,F,F — Estoque 2024,classe,46630,Comércio atacadista de máquinas e equipamentos para uso industrial,indisponivel,49204,49204,0.0,0.0,nao_atualizado,API expõe estoque apenas nos níveis divisão (2 díg.) e grupo (3 díg.); não há endpoint de estoque no nível classe (5 díg.)
75,G,G — Estoque 2025,classe,46630,Comércio atacadista de máquinas e equipamentos para uso industrial,formula_preservada,50728,50724,-4.0,-0.0079,divergente,estoque projetado = coluna F + coluna J
75,H,H — Saldo / 2023 (jan-dez),classe,46630,Comércio atacadista de máquinas e equipamentos para uso industrial,atualizado,2533,2532,-1.0,-0.0395,divergente,
75,I,I — 2024 (jan-dez),classe,46630,Comércio atacadista de máquinas e equipamentos para uso industrial,atualizado,2949,2950,1.0,0.0339,divergente,
75,J,J — 2025 (jan-dez),classe,46630,Comércio atacadista de máquinas e equipamentos para uso industrial,atualizado,1524,1520,-4.0,-0.2625,divergente,
75,K,K — Quantidade de estabelecimentos por porte(RAIS) (Metodologia Sebrae) 2022 / Microempresa,classe,46630,Comércio atacadista de máquinas e equipamentos para uso industrial,indisponivel,,,,,nao_atualizado,Não há na biblioteca nem na API endpoint de estabelecimentos por porte da RAIS/metodologia Sebrae com recorte anual e 4 portes (ano 2022)
75,L,L — Empresa de pequeno porte,classe,46630,Comércio atacadista de máquinas e equipamentos para uso industrial,indisponivel,,,,,nao_atualizado,Não há na biblioteca nem na API endpoint de estabelecimentos por porte da RAIS/metodologia Sebrae com recorte anual e 4 portes (ano 2022)
75,M,M — Empresa de médio porte,classe,46630,Comércio atacadista de máquinas e equipamentos para uso industrial,indisponivel,,,,,nao_atualizado,Não há na biblioteca nem na API endpoint de estabelecimentos por porte da RAIS/metodologia Sebrae com recorte anual e 4 portes (ano 2022)
75,N,N — Grande empresa,classe,46630,Comércio atacadista de máquinas e equipamentos para uso industrial,indisponivel,,,,,nao_atualizado,Não há na biblioteca nem na API endpoint de estabelecimentos por porte da RAIS/metodologia Sebrae com recorte anual e 4 portes (ano 2022)
75,O,O — Quantidade de estabelecimentos por porte(RAIS completa) (Metodologia Sebrae) 2023 / Microempresa,classe,46630,Comércio atacadista de máquinas e equipamentos para uso industrial,indisponivel,9359,9359,0.0,0.0,nao_atualizado,Não há na biblioteca nem na API endpoint de estabelecimentos por porte da RAIS/metodologia Sebrae com recorte anual e 4 portes (ano 2023)
75,P,P — Empresa de pequeno porte,classe,46630,Comércio atacadista de máquinas e equipamentos para uso industrial,indisponivel,931,931,0.0,0.0,nao_atualizado,Não há na biblioteca nem na API endpoint de estabelecimentos por porte da RAIS/metodologia Sebrae com recorte anual e 4 portes (ano 2023)
75,Q,Q — Empresa de médio porte,classe,46630,Comércio atacadista de máquinas e equipamentos para uso industrial,indisponivel,102,102,0.0,0.0,nao_atualizado,Não há na biblioteca nem na API endpoint de estabelecimentos por porte da RAIS/metodologia Sebrae com recorte anual e 4 portes (ano 2023)
75,R,R — Grande empresa,classe,46630,Comércio atacadista de máquinas e equipamentos para uso industrial,indisponivel,42,42,0.0,0.0,nao_atualizado,Não há na biblioteca nem na API endpoint de estabelecimentos por porte da RAIS/metodologia Sebrae com recorte anual e 4 portes (ano 2023)
75,S,S — Quantidade de estabelecimentos por porte(RAIS) (Metodologia Sebrae) 2024 / Microempresa,classe,46630,Comércio atacadista de máquinas e equipamentos para uso industrial,indisponivel,9922,9922,0.0,0.0,nao_atualizado,Não há na biblioteca nem na API endpoint de estabelecimentos por porte da RAIS/metodologia Sebrae com recorte anual e 4 portes (ano 2024)
75,T,T — Empresa de pequeno porte,classe,46630,Comércio atacadista de máquinas e equipamentos para uso industrial,indisponivel,991,991,0.0,0.0,nao_atualizado,Não há na biblioteca nem na API endpoint de estabelecimentos por porte da RAIS/metodologia Sebrae com recorte anual e 4 portes (ano 2024)
75,U,U — Empresa de médio porte,classe,46630,Comércio atacadista de máquinas e equipamentos para uso industrial,indisponivel,109,109,0.0,0.0,nao_atualizado,Não há na biblioteca nem na API endpoint de estabelecimentos por porte da RAIS/metodologia Sebrae com recorte anual e 4 portes (ano 2024)
75,V,V — Grande empresa,classe,46630,Comércio atacadista de máquinas e equipamentos para uso industrial,indisponivel,47,47,0.0,0.0,nao_atualizado,Não há na biblioteca nem na API endpoint de estabelecimentos por porte da RAIS/metodologia Sebrae com recorte anual e 4 portes (ano 2024)
76,D,D — EMPREGOS / Estoque 2022,classe,46648,"Comércio atacadista de máquinas, aparelhos e equipamentos para uso odonto-médico-hospitalar",indisponivel,11118,11118,0.0,0.0,nao_atualizado,API expõe estoque apenas nos níveis divisão (2 díg.) e grupo (3 díg.); não há endpoint de estoque no nível classe (5 díg.)
76,E,E — Estoque 2023,classe,46648,"Comércio atacadista de máquinas, aparelhos e equipamentos para uso odonto-médico-hospitalar",indisponivel,11002,11002,0.0,0.0,nao_atualizado,API expõe estoque apenas nos níveis divisão (2 díg.) e grupo (3 díg.); não há endpoint de estoque no nível classe (5 díg.)
76,F,F — Estoque 2024,classe,46648,"Comércio atacadista de máquinas, aparelhos e equipamentos para uso odonto-médico-hospitalar",indisponivel,11507,11507,0.0,0.0,nao_atualizado,API expõe estoque apenas nos níveis divisão (2 díg.) e grupo (3 díg.); não há endpoint de estoque no nível classe (5 díg.)
76,G,G — Estoque 2025,classe,46648,"Comércio atacadista de máquinas, aparelhos e equipamentos para uso odonto-médico-hospitalar",formula_preservada,11631,11632,1.0,0.0086,divergente,estoque projetado = coluna F + coluna J
76,H,H — Saldo / 2023 (jan-dez),classe,46648,"Comércio atacadista de máquinas, aparelhos e equipamentos para uso odonto-médico-hospitalar",atualizado,256,256,0.0,0.0,identico,
76,I,I — 2024 (jan-dez),classe,46648,"Comércio atacadista de máquinas, aparelhos e equipamentos para uso odonto-médico-hospitalar",atualizado,331,330,-1.0,-0.3021,divergente,
76,J,J — 2025 (jan-dez),classe,46648,"Comércio atacadista de máquinas, aparelhos e equipamentos para uso odonto-médico-hospitalar",atualizado,124,125,1.0,0.8065,divergente,
76,K,K — Quantidade de estabelecimentos por porte(RAIS) (Metodologia Sebrae) 2022 / Microempresa,classe,46648,"Comércio atacadista de máquinas, aparelhos e equipamentos para uso odonto-médico-hospitalar",indisponivel,,,,,nao_atualizado,Não há na biblioteca nem na API endpoint de estabelecimentos por porte da RAIS/metodologia Sebrae com recorte anual e 4 portes (ano 2022)
76,L,L — Empresa de pequeno porte,classe,46648,"Comércio atacadista de máquinas, aparelhos e equipamentos para uso odonto-médico-hospitalar",indisponivel,,,,,nao_atualizado,Não há na biblioteca nem na API endpoint de estabelecimentos por porte da RAIS/metodologia Sebrae com recorte anual e 4 portes (ano 2022)
76,M,M — Empresa de médio porte,classe,46648,"Comércio atacadista de máquinas, aparelhos e equipamentos para uso odonto-médico-hospitalar",indisponivel,,,,,nao_atualizado,Não há na biblioteca nem na API endpoint de estabelecimentos por porte da RAIS/metodologia Sebrae com recorte anual e 4 portes (ano 2022)
76,N,N — Grande empresa,classe,46648,"Comércio atacadista de máquinas, aparelhos e equipamentos para uso odonto-médico-hospitalar",indisponivel,,,,,nao_atualizado,Não há na biblioteca nem na API endpoint de estabelecimentos por porte da RAIS/metodologia Sebrae com recorte anual e 4 portes (ano 2022)
76,O,O — Quantidade de estabelecimentos por porte(RAIS completa) (Metodologia Sebrae) 2023 / Microempresa,classe,46648,"Comércio atacadista de máquinas, aparelhos e equipamentos para uso odonto-médico-hospitalar",indisponivel,1987,1987,0.0,0.0,nao_atualizado,Não há na biblioteca nem na API endpoint de estabelecimentos por porte da RAIS/metodologia Sebrae com recorte anual e 4 portes (ano 2023)
76,P,P — Empresa de pequeno porte,classe,46648,"Comércio atacadista de máquinas, aparelhos e equipamentos para uso odonto-médico-hospitalar",indisponivel,198,198,0.0,0.0,nao_atualizado,Não há na biblioteca nem na API endpoint de estabelecimentos por porte da RAIS/metodologia Sebrae com recorte anual e 4 portes (ano 2023)
76,Q,Q — Empresa de médio porte,classe,46648,"Comércio atacadista de máquinas, aparelhos e equipamentos para uso odonto-médico-hospitalar",indisponivel,25,25,0.0,0.0,nao_atualizado,Não há na biblioteca nem na API endpoint de estabelecimentos por porte da RAIS/metodologia Sebrae com recorte anual e 4 portes (ano 2023)
76,R,R — Grande empresa,classe,46648,"Comércio atacadista de máquinas, aparelhos e equipamentos para uso odonto-médico-hospitalar",indisponivel,11,11,0.0,0.0,nao_atualizado,Não há na biblioteca nem na API endpoint de estabelecimentos por porte da RAIS/metodologia Sebrae com recorte anual e 4 portes (ano 2023)
76,S,S — Quantidade de estabelecimentos por porte(RAIS) (Metodologia Sebrae) 2024 / Microempresa,classe,46648,"Comércio atacadista de máquinas, aparelhos e equipamentos para uso odonto-médico-hospitalar",indisponivel,2034,2034,0.0,0.0,nao_atualizado,Não há na biblioteca nem na API endpoint de estabelecimentos por porte da RAIS/metodologia Sebrae com recorte anual e 4 portes (ano 2024)
76,T,T — Empresa de pequeno porte,classe,46648,"Comércio atacadista de máquinas, aparelhos e equipamentos para uso odonto-médico-hospitalar",indisponivel,208,208,0.0,0.0,nao_atualizado,Não há na biblioteca nem na API endpoint de estabelecimentos por porte da RAIS/metodologia Sebrae com recorte anual e 4 portes (ano 2024)
76,U,U — Empresa de médio porte,classe,46648,"Comércio atacadista de máquinas, aparelhos e equipamentos para uso odonto-médico-hospitalar",indisponivel,25,25,0.0,0.0,nao_atualizado,Não há na biblioteca nem na API endpoint de estabelecimentos por porte da RAIS/metodologia Sebrae com recorte anual e 4 portes (ano 2024)
76,V,V — Grande empresa,classe,46648,"Comércio atacadista de máquinas, aparelhos e equipamentos para uso odonto-médico-hospitalar",indisponivel,13,13,0.0,0.0,nao_atualizado,Não há na biblioteca nem na API endpoint de estabelecimentos por porte da RAIS/metodologia Sebrae com recorte anual e 4 portes (ano 2024)
77,D,D — EMPREGOS / Estoque 2022,classe,46656,Comércio atacadista de máquinas e equipamentos para uso comercial,indisponivel,10656,10656,0.0,0.0,nao_atualizado,API expõe estoque apenas nos níveis divisão (2 díg.) e grupo (3 díg.); não há endpoint de estoque no nível classe (5 díg.)
77,E,E — Estoque 2023,classe,46656,Comércio atacadista de máquinas e equipamentos para uso comercial,indisponivel,11127,11127,0.0,0.0,nao_atualizado,API expõe estoque apenas nos níveis divisão (2 díg.) e grupo (3 díg.); não há endpoint de estoque no nível classe (5 díg.)
77,F,F — Estoque 2024,classe,46656,Comércio atacadista de máquinas e equipamentos para uso comercial,indisponivel,11602,11602,0.0,0.0,nao_atualizado,API expõe estoque apenas nos níveis divisão (2 díg.) e grupo (3 díg.); não há endpoint de estoque no nível classe (5 díg.)
77,G,G — Estoque 2025,classe,46656,Comércio atacadista de máquinas e equipamentos para uso comercial,formula_preservada,11952,11953,1.0,0.0084,divergente,estoque projetado = coluna F + coluna J
77,H,H — Saldo / 2023 (jan-dez),classe,46656,Comércio atacadista de máquinas e equipamentos para uso comercial,atualizado,236,235,-1.0,-0.4237,divergente,
77,I,I — 2024 (jan-dez),classe,46656,Comércio atacadista de máquinas e equipamentos para uso comercial,atualizado,544,544,0.0,0.0,identico,
77,J,J — 2025 (jan-dez),classe,46656,Comércio atacadista de máquinas e equipamentos para uso comercial,atualizado,350,351,1.0,0.2857,divergente,
77,K,K — Quantidade de estabelecimentos por porte(RAIS) (Metodologia Sebrae) 2022 / Microempresa,classe,46656,Comércio atacadista de máquinas e equipamentos para uso comercial,indisponivel,,,,,nao_atualizado,Não há na biblioteca nem na API endpoint de estabelecimentos por porte da RAIS/metodologia Sebrae com recorte anual e 4 portes (ano 2022)
77,L,L — Empresa de pequeno porte,classe,46656,Comércio atacadista de máquinas e equipamentos para uso comercial,indisponivel,,,,,nao_atualizado,Não há na biblioteca nem na API endpoint de estabelecimentos por porte da RAIS/metodologia Sebrae com recorte anual e 4 portes (ano 2022)
77,M,M — Empresa de médio porte,classe,46656,Comércio atacadista de máquinas e equipamentos para uso comercial,indisponivel,,,,,nao_atualizado,Não há na biblioteca nem na API endpoint de estabelecimentos por porte da RAIS/metodologia Sebrae com recorte anual e 4 portes (ano 2022)
77,N,N — Grande empresa,classe,46656,Comércio atacadista de máquinas e equipamentos para uso comercial,indisponivel,,,,,nao_atualizado,Não há na biblioteca nem na API endpoint de estabelecimentos por porte da RAIS/metodologia Sebrae com recorte anual e 4 portes (ano 2022)
77,O,O — Quantidade de estabelecimentos por porte(RAIS completa) (Metodologia Sebrae) 2023 / Microempresa,classe,46656,Comércio atacadista de máquinas e equipamentos para uso comercial,indisponivel,2440,2440,0.0,0.0,nao_atualizado,Não há na biblioteca nem na API endpoint de estabelecimentos por porte da RAIS/metodologia Sebrae com recorte anual e 4 portes (ano 2023)
77,P,P — Empresa de pequeno porte,classe,46656,Comércio atacadista de máquinas e equipamentos para uso comercial,indisponivel,232,232,0.0,0.0,nao_atualizado,Não há na biblioteca nem na API endpoint de estabelecimentos por porte da RAIS/metodologia Sebrae com recorte anual e 4 portes (ano 2023)
77,Q,Q — Empresa de médio porte,classe,46656,Comércio atacadista de máquinas e equipamentos para uso comercial,indisponivel,22,22,0.0,0.0,nao_atualizado,Não há na biblioteca nem na API endpoint de estabelecimentos por porte da RAIS/metodologia Sebrae com recorte anual e 4 portes (ano 2023)
77,R,R — Grande empresa,classe,46656,Comércio atacadista de máquinas e equipamentos para uso comercial,indisponivel,7,7,0.0,0.0,nao_atualizado,Não há na biblioteca nem na API endpoint de estabelecimentos por porte da RAIS/metodologia Sebrae com recorte anual e 4 portes (ano 2023)
77,S,S — Quantidade de estabelecimentos por porte(RAIS) (Metodologia Sebrae) 2024 / Microempresa,classe,46656,Comércio atacadista de máquinas e equipamentos para uso comercial,indisponivel,2599,2599,0.0,0.0,nao_atualizado,Não há na biblioteca nem na API endpoint de estabelecimentos por porte da RAIS/metodologia Sebrae com recorte anual e 4 portes (ano 2024)
77,T,T — Empresa de pequeno porte,classe,46656,Comércio atacadista de máquinas e equipamentos para uso comercial,indisponivel,243,243,0.0,0.0,nao_atualizado,Não há na biblioteca nem na API endpoint de estabelecimentos por porte da RAIS/metodologia Sebrae com recorte anual e 4 portes (ano 2024)
77,U,U — Empresa de médio porte,classe,46656,Comércio atacadista de máquinas e equipamentos para uso comercial,indisponivel,26,26,0.0,0.0,nao_atualizado,Não há na biblioteca nem na API endpoint de estabelecimentos por porte da RAIS/metodologia Sebrae com recorte anual e 4 portes (ano 2024)
77,V,V — Grande empresa,classe,46656,Comércio atacadista de máquinas e equipamentos para uso comercial,indisponivel,8,8,0.0,0.0,nao_atualizado,Não há na biblioteca nem na API endpoint de estabelecimentos por porte da RAIS/metodologia Sebrae com recorte anual e 4 portes (ano 2024)
78,D,D — EMPREGOS / Estoque 2022,classe,46699,"Comércio atacadista de máquinas, aparelhos e equipamentos não especificados anteriormente",indisponivel,34738,34738,0.0,0.0,nao_atualizado,API expõe estoque apenas nos níveis divisão (2 díg.) e grupo (3 díg.); não há endpoint de estoque no nível classe (5 díg.)
78,E,E — Estoque 2023,classe,46699,"Comércio atacadista de máquinas, aparelhos e equipamentos não especificados anteriormente",indisponivel,37057,37057,0.0,0.0,nao_atualizado,API expõe estoque apenas nos níveis divisão (2 díg.) e grupo (3 díg.); não há endpoint de estoque no nível classe (5 díg.)
78,F,F — Estoque 2024,classe,46699,"Comércio atacadista de máquinas, aparelhos e equipamentos não especificados anteriormente",indisponivel,38624,38624,0.0,0.0,nao_atualizado,API expõe estoque apenas nos níveis divisão (2 díg.) e grupo (3 díg.); não há endpoint de estoque no nível classe (5 díg.)
78,G,G — Estoque 2025,classe,46699,"Comércio atacadista de máquinas, aparelhos e equipamentos não especificados anteriormente",formula_preservada,38880,38882,2.0,0.0051,divergente,estoque projetado = coluna F + coluna J
78,H,H — Saldo / 2023 (jan-dez),classe,46699,"Comércio atacadista de máquinas, aparelhos e equipamentos não especificados anteriormente",atualizado,3294,3294,0.0,0.0,identico,
78,I,I — 2024 (jan-dez),classe,46699,"Comércio atacadista de máquinas, aparelhos e equipamentos não especificados anteriormente",atualizado,1258,1258,0.0,0.0,identico,
78,J,J — 2025 (jan-dez),classe,46699,"Comércio atacadista de máquinas, aparelhos e equipamentos não especificados anteriormente",atualizado,256,258,2.0,0.7812,divergente,
78,K,K — Quantidade de estabelecimentos por porte(RAIS) (Metodologia Sebrae) 2022 / Microempresa,classe,46699,"Comércio atacadista de máquinas, aparelhos e equipamentos não especificados anteriormente",indisponivel,,,,,nao_atualizado,Não há na biblioteca nem na API endpoint de estabelecimentos por porte da RAIS/metodologia Sebrae com recorte anual e 4 portes (ano 2022)
78,L,L — Empresa de pequeno porte,classe,46699,"Comércio atacadista de máquinas, aparelhos e equipamentos não especificados anteriormente",indisponivel,,,,,nao_atualizado,Não há na biblioteca nem na API endpoint de estabelecimentos por porte da RAIS/metodologia Sebrae com recorte anual e 4 portes (ano 2022)
78,M,M — Empresa de médio porte,classe,46699,"Comércio atacadista de máquinas, aparelhos e equipamentos não especificados anteriormente",indisponivel,,,,,nao_atualizado,Não há na biblioteca nem na API endpoint de estabelecimentos por porte da RAIS/metodologia Sebrae com recorte anual e 4 portes (ano 2022)
78,N,N — Grande empresa,classe,46699,"Comércio atacadista de máquinas, aparelhos e equipamentos não especificados anteriormente",indisponivel,,,,,nao_atualizado,Não há na biblioteca nem na API endpoint de estabelecimentos por porte da RAIS/metodologia Sebrae com recorte anual e 4 portes (ano 2022)
78,O,O — Quantidade de estabelecimentos por porte(RAIS completa) (Metodologia Sebrae) 2023 / Microempresa,classe,46699,"Comércio atacadista de máquinas, aparelhos e equipamentos não especificados anteriormente",indisponivel,6054,6054,0.0,0.0,nao_atualizado,Não há na biblioteca nem na API endpoint de estabelecimentos por porte da RAIS/metodologia Sebrae com recorte anual e 4 portes (ano 2023)
78,P,P — Empresa de pequeno porte,classe,46699,"Comércio atacadista de máquinas, aparelhos e equipamentos não especificados anteriormente",indisponivel,696,696,0.0,0.0,nao_atualizado,Não há na biblioteca nem na API endpoint de estabelecimentos por porte da RAIS/metodologia Sebrae com recorte anual e 4 portes (ano 2023)
78,Q,Q — Empresa de médio porte,classe,46699,"Comércio atacadista de máquinas, aparelhos e equipamentos não especificados anteriormente",indisponivel,79,79,0.0,0.0,nao_atualizado,Não há na biblioteca nem na API endpoint de estabelecimentos por porte da RAIS/metodologia Sebrae com recorte anual e 4 portes (ano 2023)
78,R,R — Grande empresa,classe,46699,"Comércio atacadista de máquinas, aparelhos e equipamentos não especificados anteriormente",indisponivel,39,39,0.0,0.0,nao_atualizado,Não há na biblioteca nem na API endpoint de estabelecimentos por porte da RAIS/metodologia Sebrae com recorte anual e 4 portes (ano 2023)
78,S,S — Quantidade de estabelecimentos por porte(RAIS) (Metodologia Sebrae) 2024 / Microempresa,classe,46699,"Comércio atacadista de máquinas, aparelhos e equipamentos não especificados anteriormente",indisponivel,6420,6420,0.0,0.0,nao_atualizado,Não há na biblioteca nem na API endpoint de estabelecimentos por porte da RAIS/metodologia Sebrae com recorte anual e 4 portes (ano 2024)
78,T,T — Empresa de pequeno porte,classe,46699,"Comércio atacadista de máquinas, aparelhos e equipamentos não especificados anteriormente",indisponivel,694,694,0.0,0.0,nao_atualizado,Não há na biblioteca nem na API endpoint de estabelecimentos por porte da RAIS/metodologia Sebrae com recorte anual e 4 portes (ano 2024)
78,U,U — Empresa de médio porte,classe,46699,"Comércio atacadista de máquinas, aparelhos e equipamentos não especificados anteriormente",indisponivel,71,71,0.0,0.0,nao_atualizado,Não há na biblioteca nem na API endpoint de estabelecimentos por porte da RAIS/metodologia Sebrae com recorte anual e 4 portes (ano 2024)
78,V,V — Grande empresa,classe,46699,"Comércio atacadista de máquinas, aparelhos e equipamentos não especificados anteriormente",indisponivel,52,52,0.0,0.0,nao_atualizado,Não há na biblioteca nem na API endpoint de estabelecimentos por porte da RAIS/metodologia Sebrae com recorte anual e 4 portes (ano 2024)
79,D,D — EMPREGOS / Estoque 2022,classe,46711,Comércio atacadista de madeira e produtos derivados,indisponivel,18243,18243,0.0,0.0,nao_atualizado,API expõe estoque apenas nos níveis divisão (2 díg.) e grupo (3 díg.); não há endpoint de estoque no nível classe (5 díg.)
79,E,E — Estoque 2023,classe,46711,Comércio atacadista de madeira e produtos derivados,indisponivel,18114,18114,0.0,0.0,nao_atualizado,API expõe estoque apenas nos níveis divisão (2 díg.) e grupo (3 díg.); não há endpoint de estoque no nível classe (5 díg.)
79,F,F — Estoque 2024,classe,46711,Comércio atacadista de madeira e produtos derivados,indisponivel,18189,18189,0.0,0.0,nao_atualizado,API expõe estoque apenas nos níveis divisão (2 díg.) e grupo (3 díg.); não há endpoint de estoque no nível classe (5 díg.)
79,G,G — Estoque 2025,classe,46711,Comércio atacadista de madeira e produtos derivados,formula_preservada,18359,18384,25.0,0.1362,divergente,estoque projetado = coluna F + coluna J
79,H,H — Saldo / 2023 (jan-dez),classe,46711,Comércio atacadista de madeira e produtos derivados,atualizado,176,176,0.0,0.0,identico,
79,I,I — 2024 (jan-dez),classe,46711,Comércio atacadista de madeira e produtos derivados,atualizado,159,158,-1.0,-0.6289,divergente,
79,J,J — 2025 (jan-dez),classe,46711,Comércio atacadista de madeira e produtos derivados,atualizado,170,195,25.0,14.7059,divergente,
79,K,K — Quantidade de estabelecimentos por porte(RAIS) (Metodologia Sebrae) 2022 / Microempresa,classe,46711,Comércio atacadista de madeira e produtos derivados,indisponivel,,,,,nao_atualizado,Não há na biblioteca nem na API endpoint de estabelecimentos por porte da RAIS/metodologia Sebrae com recorte anual e 4 portes (ano 2022)
79,L,L — Empresa de pequeno porte,classe,46711,Comércio atacadista de madeira e produtos derivados,indisponivel,,,,,nao_atualizado,Não há na biblioteca nem na API endpoint de estabelecimentos por porte da RAIS/metodologia Sebrae com recorte anual e 4 portes (ano 2022)
79,M,M — Empresa de médio porte,classe,46711,Comércio atacadista de madeira e produtos derivados,indisponivel,,,,,nao_atualizado,Não há na biblioteca nem na API endpoint de estabelecimentos por porte da RAIS/metodologia Sebrae com recorte anual e 4 portes (ano 2022)
79,N,N — Grande empresa,classe,46711,Comércio atacadista de madeira e produtos derivados,indisponivel,,,,,nao_atualizado,Não há na biblioteca nem na API endpoint de estabelecimentos por porte da RAIS/metodologia Sebrae com recorte anual e 4 portes (ano 2022)
79,O,O — Quantidade de estabelecimentos por porte(RAIS completa) (Metodologia Sebrae) 2023 / Microempresa,classe,46711,Comércio atacadista de madeira e produtos derivados,indisponivel,3995,3995,0.0,0.0,nao_atualizado,Não há na biblioteca nem na API endpoint de estabelecimentos por porte da RAIS/metodologia Sebrae com recorte anual e 4 portes (ano 2023)
79,P,P — Empresa de pequeno porte,classe,46711,Comércio atacadista de madeira e produtos derivados,indisponivel,461,461,0.0,0.0,nao_atualizado,Não há na biblioteca nem na API endpoint de estabelecimentos por porte da RAIS/metodologia Sebrae com recorte anual e 4 portes (ano 2023)
79,Q,Q — Empresa de médio porte,classe,46711,Comércio atacadista de madeira e produtos derivados,indisponivel,30,30,0.0,0.0,nao_atualizado,Não há na biblioteca nem na API endpoint de estabelecimentos por porte da RAIS/metodologia Sebrae com recorte anual e 4 portes (ano 2023)
79,R,R — Grande empresa,classe,46711,Comércio atacadista de madeira e produtos derivados,indisponivel,14,14,0.0,0.0,nao_atualizado,Não há na biblioteca nem na API endpoint de estabelecimentos por porte da RAIS/metodologia Sebrae com recorte anual e 4 portes (ano 2023)
79,S,S — Quantidade de estabelecimentos por porte(RAIS) (Metodologia Sebrae) 2024 / Microempresa,classe,46711,Comércio atacadista de madeira e produtos derivados,indisponivel,4227,4227,0.0,0.0,nao_atualizado,Não há na biblioteca nem na API endpoint de estabelecimentos por porte da RAIS/metodologia Sebrae com recorte anual e 4 portes (ano 2024)
79,T,T — Empresa de pequeno porte,classe,46711,Comércio atacadista de madeira e produtos derivados,indisponivel,440,440,0.0,0.0,nao_atualizado,Não há na biblioteca nem na API endpoint de estabelecimentos por porte da RAIS/metodologia Sebrae com recorte anual e 4 portes (ano 2024)
79,U,U — Empresa de médio porte,classe,46711,Comércio atacadista de madeira e produtos derivados,indisponivel,39,39,0.0,0.0,nao_atualizado,Não há na biblioteca nem na API endpoint de estabelecimentos por porte da RAIS/metodologia Sebrae com recorte anual e 4 portes (ano 2024)
79,V,V — Grande empresa,classe,46711,Comércio atacadista de madeira e produtos derivados,indisponivel,9,9,0.0,0.0,nao_atualizado,Não há na biblioteca nem na API endpoint de estabelecimentos por porte da RAIS/metodologia Sebrae com recorte anual e 4 portes (ano 2024)
80,D,D — EMPREGOS / Estoque 2022,classe,46729,Comércio atacadista de ferragens e ferramentas,indisponivel,34853,34853,0.0,0.0,nao_atualizado,API expõe estoque apenas nos níveis divisão (2 díg.) e grupo (3 díg.); não há endpoint de estoque no nível classe (5 díg.)
80,E,E — Estoque 2023,classe,46729,Comércio atacadista de ferragens e ferramentas,indisponivel,37171,37171,0.0,0.0,nao_atualizado,API expõe estoque apenas nos níveis divisão (2 díg.) e grupo (3 díg.); não há endpoint de estoque no nível classe (5 díg.)
80,F,F — Estoque 2024,classe,46729,Comércio atacadista de ferragens e ferramentas,indisponivel,40048,40048,0.0,0.0,nao_atualizado,API expõe estoque apenas nos níveis divisão (2 díg.) e grupo (3 díg.); não há endpoint de estoque no nível classe (5 díg.)
80,G,G — Estoque 2025,classe,46729,Comércio atacadista de ferragens e ferramentas,formula_preservada,41348,41350,2.0,0.0048,divergente,estoque projetado = coluna F + coluna J
80,H,H — Saldo / 2023 (jan-dez),classe,46729,Comércio atacadista de ferragens e ferramentas,atualizado,2148,2148,0.0,0.0,identico,
80,I,I — 2024 (jan-dez),classe,46729,Comércio atacadista de ferragens e ferramentas,atualizado,2510,2510,0.0,0.0,identico,
80,J,J — 2025 (jan-dez),classe,46729,Comércio atacadista de ferragens e ferramentas,atualizado,1300,1302,2.0,0.1538,divergente,
80,K,K — Quantidade de estabelecimentos por porte(RAIS) (Metodologia Sebrae) 2022 / Microempresa,classe,46729,Comércio atacadista de ferragens e ferramentas,indisponivel,,,,,nao_atualizado,Não há na biblioteca nem na API endpoint de estabelecimentos por porte da RAIS/metodologia Sebrae com recorte anual e 4 portes (ano 2022)
80,L,L — Empresa de pequeno porte,classe,46729,Comércio atacadista de ferragens e ferramentas,indisponivel,,,,,nao_atualizado,Não há na biblioteca nem na API endpoint de estabelecimentos por porte da RAIS/metodologia Sebrae com recorte anual e 4 portes (ano 2022)
80,M,M — Empresa de médio porte,classe,46729,Comércio atacadista de ferragens e ferramentas,indisponivel,,,,,nao_atualizado,Não há na biblioteca nem na API endpoint de estabelecimentos por porte da RAIS/metodologia Sebrae com recorte anual e 4 portes (ano 2022)
80,N,N — Grande empresa,classe,46729,Comércio atacadista de ferragens e ferramentas,indisponivel,,,,,nao_atualizado,Não há na biblioteca nem na API endpoint de estabelecimentos por porte da RAIS/metodologia Sebrae com recorte anual e 4 portes (ano 2022)
80,O,O — Quantidade de estabelecimentos por porte(RAIS completa) (Metodologia Sebrae) 2023 / Microempresa,classe,46729,Comércio atacadista de ferragens e ferramentas,indisponivel,4384,4384,0.0,0.0,nao_atualizado,Não há na biblioteca nem na API endpoint de estabelecimentos por porte da RAIS/metodologia Sebrae com recorte anual e 4 portes (ano 2023)
80,P,P — Empresa de pequeno porte,classe,46729,Comércio atacadista de ferragens e ferramentas,indisponivel,776,776,0.0,0.0,nao_atualizado,Não há na biblioteca nem na API endpoint de estabelecimentos por porte da RAIS/metodologia Sebrae com recorte anual e 4 portes (ano 2023)
80,Q,Q — Empresa de médio porte,classe,46729,Comércio atacadista de ferragens e ferramentas,indisponivel,107,107,0.0,0.0,nao_atualizado,Não há na biblioteca nem na API endpoint de estabelecimentos por porte da RAIS/metodologia Sebrae com recorte anual e 4 portes (ano 2023)
80,R,R — Grande empresa,classe,46729,Comércio atacadista de ferragens e ferramentas,indisponivel,40,40,0.0,0.0,nao_atualizado,Não há na biblioteca nem na API endpoint de estabelecimentos por porte da RAIS/metodologia Sebrae com recorte anual e 4 portes (ano 2023)
80,S,S — Quantidade de estabelecimentos por porte(RAIS) (Metodologia Sebrae) 2024 / Microempresa,classe,46729,Comércio atacadista de ferragens e ferramentas,indisponivel,4672,4672,0.0,0.0,nao_atualizado,Não há na biblioteca nem na API endpoint de estabelecimentos por porte da RAIS/metodologia Sebrae com recorte anual e 4 portes (ano 2024)
80,T,T — Empresa de pequeno porte,classe,46729,Comércio atacadista de ferragens e ferramentas,indisponivel,811,811,0.0,0.0,nao_atualizado,Não há na biblioteca nem na API endpoint de estabelecimentos por porte da RAIS/metodologia Sebrae com recorte anual e 4 portes (ano 2024)
80,U,U — Empresa de médio porte,classe,46729,Comércio atacadista de ferragens e ferramentas,indisponivel,106,106,0.0,0.0,nao_atualizado,Não há na biblioteca nem na API endpoint de estabelecimentos por porte da RAIS/metodologia Sebrae com recorte anual e 4 portes (ano 2024)
80,V,V — Grande empresa,classe,46729,Comércio atacadista de ferragens e ferramentas,indisponivel,47,47,0.0,0.0,nao_atualizado,Não há na biblioteca nem na API endpoint de estabelecimentos por porte da RAIS/metodologia Sebrae com recorte anual e 4 portes (ano 2024)
81,D,D — EMPREGOS / Estoque 2022,classe,46737,Comércio atacadista de material elétrico,indisponivel,20309,20309,0.0,0.0,nao_atualizado,API expõe estoque apenas nos níveis divisão (2 díg.) e grupo (3 díg.); não há endpoint de estoque no nível classe (5 díg.)
81,E,E — Estoque 2023,classe,46737,Comércio atacadista de material elétrico,indisponivel,22075,22075,0.0,0.0,nao_atualizado,API expõe estoque apenas nos níveis divisão (2 díg.) e grupo (3 díg.); não há endpoint de estoque no nível classe (5 díg.)
81,F,F — Estoque 2024,classe,46737,Comércio atacadista de material elétrico,indisponivel,23368,23368,0.0,0.0,nao_atualizado,API expõe estoque apenas nos níveis divisão (2 díg.) e grupo (3 díg.); não há endpoint de estoque no nível classe (5 díg.)
81,G,G — Estoque 2025,classe,46737,Comércio atacadista de material elétrico,formula_preservada,23588,23584,-4.0,-0.017,divergente,estoque projetado = coluna F + coluna J
81,H,H — Saldo / 2023 (jan-dez),classe,46737,Comércio atacadista de material elétrico,atualizado,601,601,0.0,0.0,identico,
81,I,I — 2024 (jan-dez),classe,46737,Comércio atacadista de material elétrico,atualizado,1174,1174,0.0,0.0,identico,
81,J,J — 2025 (jan-dez),classe,46737,Comércio atacadista de material elétrico,atualizado,220,216,-4.0,-1.8182,divergente,
81,K,K — Quantidade de estabelecimentos por porte(RAIS) (Metodologia Sebrae) 2022 / Microempresa,classe,46737,Comércio atacadista de material elétrico,indisponivel,,,,,nao_atualizado,Não há na biblioteca nem na API endpoint de estabelecimentos por porte da RAIS/metodologia Sebrae com recorte anual e 4 portes (ano 2022)
81,L,L — Empresa de pequeno porte,classe,46737,Comércio atacadista de material elétrico,indisponivel,,,,,nao_atualizado,Não há na biblioteca nem na API endpoint de estabelecimentos por porte da RAIS/metodologia Sebrae com recorte anual e 4 portes (ano 2022)
81,M,M — Empresa de médio porte,classe,46737,Comércio atacadista de material elétrico,indisponivel,,,,,nao_atualizado,Não há na biblioteca nem na API endpoint de estabelecimentos por porte da RAIS/metodologia Sebrae com recorte anual e 4 portes (ano 2022)
81,N,N — Grande empresa,classe,46737,Comércio atacadista de material elétrico,indisponivel,,,,,nao_atualizado,Não há na biblioteca nem na API endpoint de estabelecimentos por porte da RAIS/metodologia Sebrae com recorte anual e 4 portes (ano 2022)
81,O,O — Quantidade de estabelecimentos por porte(RAIS completa) (Metodologia Sebrae) 2023 / Microempresa,classe,46737,Comércio atacadista de material elétrico,indisponivel,2982,2982,0.0,0.0,nao_atualizado,Não há na biblioteca nem na API endpoint de estabelecimentos por porte da RAIS/metodologia Sebrae com recorte anual e 4 portes (ano 2023)
81,P,P — Empresa de pequeno porte,classe,46737,Comércio atacadista de material elétrico,indisponivel,368,368,0.0,0.0,nao_atualizado,Não há na biblioteca nem na API endpoint de estabelecimentos por porte da RAIS/metodologia Sebrae com recorte anual e 4 portes (ano 2023)
81,Q,Q — Empresa de médio porte,classe,46737,Comércio atacadista de material elétrico,indisponivel,63,63,0.0,0.0,nao_atualizado,Não há na biblioteca nem na API endpoint de estabelecimentos por porte da RAIS/metodologia Sebrae com recorte anual e 4 portes (ano 2023)
81,R,R — Grande empresa,classe,46737,Comércio atacadista de material elétrico,indisponivel,28,28,0.0,0.0,nao_atualizado,Não há na biblioteca nem na API endpoint de estabelecimentos por porte da RAIS/metodologia Sebrae com recorte anual e 4 portes (ano 2023)
81,S,S — Quantidade de estabelecimentos por porte(RAIS) (Metodologia Sebrae) 2024 / Microempresa,classe,46737,Comércio atacadista de material elétrico,indisponivel,3151,3151,0.0,0.0,nao_atualizado,Não há na biblioteca nem na API endpoint de estabelecimentos por porte da RAIS/metodologia Sebrae com recorte anual e 4 portes (ano 2024)
81,T,T — Empresa de pequeno porte,classe,46737,Comércio atacadista de material elétrico,indisponivel,374,374,0.0,0.0,nao_atualizado,Não há na biblioteca nem na API endpoint de estabelecimentos por porte da RAIS/metodologia Sebrae com recorte anual e 4 portes (ano 2024)
81,U,U — Empresa de médio porte,classe,46737,Comércio atacadista de material elétrico,indisponivel,66,66,0.0,0.0,nao_atualizado,Não há na biblioteca nem na API endpoint de estabelecimentos por porte da RAIS/metodologia Sebrae com recorte anual e 4 portes (ano 2024)
81,V,V — Grande empresa,classe,46737,Comércio atacadista de material elétrico,indisponivel,29,29,0.0,0.0,nao_atualizado,Não há na biblioteca nem na API endpoint de estabelecimentos por porte da RAIS/metodologia Sebrae com recorte anual e 4 portes (ano 2024)
82,D,D — EMPREGOS / Estoque 2022,classe,46796,Comércio atacadista especializado de materiais de construção não especificados anteriormente e de materiais de construção em geral,indisponivel,65782,65782,0.0,0.0,nao_atualizado,API expõe estoque apenas nos níveis divisão (2 díg.) e grupo (3 díg.); não há endpoint de estoque no nível classe (5 díg.)
82,E,E — Estoque 2023,classe,46796,Comércio atacadista especializado de materiais de construção não especificados anteriormente e de materiais de construção em geral,indisponivel,71981,71981,0.0,0.0,nao_atualizado,API expõe estoque apenas nos níveis divisão (2 díg.) e grupo (3 díg.); não há endpoint de estoque no nível classe (5 díg.)
82,F,F — Estoque 2024,classe,46796,Comércio atacadista especializado de materiais de construção não especificados anteriormente e de materiais de construção em geral,indisponivel,74715,74715,0.0,0.0,nao_atualizado,API expõe estoque apenas nos níveis divisão (2 díg.) e grupo (3 díg.); não há endpoint de estoque no nível classe (5 díg.)
82,G,G — Estoque 2025,classe,46796,Comércio atacadista especializado de materiais de construção não especificados anteriormente e de materiais de construção em geral,formula_preservada,76029,76024,-5.0,-0.0066,divergente,estoque projetado = coluna F + coluna J
82,H,H — Saldo / 2023 (jan-dez),classe,46796,Comércio atacadista especializado de materiais de construção não especificados anteriormente e de materiais de construção em geral,atualizado,3276,3275,-1.0,-0.0305,divergente,
82,I,I — 2024 (jan-dez),classe,46796,Comércio atacadista especializado de materiais de construção não especificados anteriormente e de materiais de construção em geral,atualizado,2845,2849,4.0,0.1406,divergente,
82,J,J — 2025 (jan-dez),classe,46796,Comércio atacadista especializado de materiais de construção não especificados anteriormente e de materiais de construção em geral,atualizado,1314,1309,-5.0,-0.3805,divergente,
82,K,K — Quantidade de estabelecimentos por porte(RAIS) (Metodologia Sebrae) 2022 / Microempresa,classe,46796,Comércio atacadista especializado de materiais de construção não especificados anteriormente e de materiais de construção em geral,indisponivel,,,,,nao_atualizado,Não há na biblioteca nem na API endpoint de estabelecimentos por porte da RAIS/metodologia Sebrae com recorte anual e 4 portes (ano 2022)
82,L,L — Empresa de pequeno porte,classe,46796,Comércio atacadista especializado de materiais de construção não especificados anteriormente e de materiais de construção em geral,indisponivel,,,,,nao_atualizado,Não há na biblioteca nem na API endpoint de estabelecimentos por porte da RAIS/metodologia Sebrae com recorte anual e 4 portes (ano 2022)
82,M,M — Empresa de médio porte,classe,46796,Comércio atacadista especializado de materiais de construção não especificados anteriormente e de materiais de construção em geral,indisponivel,,,,,nao_atualizado,Não há na biblioteca nem na API endpoint de estabelecimentos por porte da RAIS/metodologia Sebrae com recorte anual e 4 portes (ano 2022)
82,N,N — Grande empresa,classe,46796,Comércio atacadista especializado de materiais de construção não especificados anteriormente e de materiais de construção em geral,indisponivel,,,,,nao_atualizado,Não há na biblioteca nem na API endpoint de estabelecimentos por porte da RAIS/metodologia Sebrae com recorte anual e 4 portes (ano 2022)
82,O,O — Quantidade de estabelecimentos por porte(RAIS completa) (Metodologia Sebrae) 2023 / Microempresa,classe,46796,Comércio atacadista especializado de materiais de construção não especificados anteriormente e de materiais de construção em geral,indisponivel,11662,11662,0.0,0.0,nao_atualizado,Não há na biblioteca nem na API endpoint de estabelecimentos por porte da RAIS/metodologia Sebrae com recorte anual e 4 portes (ano 2023)
82,P,P — Empresa de pequeno porte,classe,46796,Comércio atacadista especializado de materiais de construção não especificados anteriormente e de materiais de construção em geral,indisponivel,1480,1480,0.0,0.0,nao_atualizado,Não há na biblioteca nem na API endpoint de estabelecimentos por porte da RAIS/metodologia Sebrae com recorte anual e 4 portes (ano 2023)
82,Q,Q — Empresa de médio porte,classe,46796,Comércio atacadista especializado de materiais de construção não especificados anteriormente e de materiais de construção em geral,indisponivel,166,166,0.0,0.0,nao_atualizado,Não há na biblioteca nem na API endpoint de estabelecimentos por porte da RAIS/metodologia Sebrae com recorte anual e 4 portes (ano 2023)
82,R,R — Grande empresa,classe,46796,Comércio atacadista especializado de materiais de construção não especificados anteriormente e de materiais de construção em geral,indisponivel,91,91,0.0,0.0,nao_atualizado,Não há na biblioteca nem na API endpoint de estabelecimentos por porte da RAIS/metodologia Sebrae com recorte anual e 4 portes (ano 2023)
82,S,S — Quantidade de estabelecimentos por porte(RAIS) (Metodologia Sebrae) 2024 / Microempresa,classe,46796,Comércio atacadista especializado de materiais de construção não especificados anteriormente e de materiais de construção em geral,indisponivel,12626,12626,0.0,0.0,nao_atualizado,Não há na biblioteca nem na API endpoint de estabelecimentos por porte da RAIS/metodologia Sebrae com recorte anual e 4 portes (ano 2024)
82,T,T — Empresa de pequeno porte,classe,46796,Comércio atacadista especializado de materiais de construção não especificados anteriormente e de materiais de construção em geral,indisponivel,1484,1484,0.0,0.0,nao_atualizado,Não há na biblioteca nem na API endpoint de estabelecimentos por porte da RAIS/metodologia Sebrae com recorte anual e 4 portes (ano 2024)
82,U,U — Empresa de médio porte,classe,46796,Comércio atacadista especializado de materiais de construção não especificados anteriormente e de materiais de construção em geral,indisponivel,158,158,0.0,0.0,nao_atualizado,Não há na biblioteca nem na API endpoint de estabelecimentos por porte da RAIS/metodologia Sebrae com recorte anual e 4 portes (ano 2024)
82,V,V — Grande empresa,classe,46796,Comércio atacadista especializado de materiais de construção não especificados anteriormente e de materiais de construção em geral,indisponivel,101,101,0.0,0.0,nao_atualizado,Não há na biblioteca nem na API endpoint de estabelecimentos por porte da RAIS/metodologia Sebrae com recorte anual e 4 portes (ano 2024)
83,D,D — EMPREGOS / Estoque 2022,classe,46826,Comércio atacadista de gás liquefeito de petróleo (glp),indisponivel,18290,18290,0.0,0.0,nao_atualizado,API expõe estoque apenas nos níveis divisão (2 díg.) e grupo (3 díg.); não há endpoint de estoque no nível classe (5 díg.)
83,E,E — Estoque 2023,classe,46826,Comércio atacadista de gás liquefeito de petróleo (glp),indisponivel,18926,18926,0.0,0.0,nao_atualizado,API expõe estoque apenas nos níveis divisão (2 díg.) e grupo (3 díg.); não há endpoint de estoque no nível classe (5 díg.)
83,F,F — Estoque 2024,classe,46826,Comércio atacadista de gás liquefeito de petróleo (glp),indisponivel,19109,19109,0.0,0.0,nao_atualizado,API expõe estoque apenas nos níveis divisão (2 díg.) e grupo (3 díg.); não há endpoint de estoque no nível classe (5 díg.)
83,G,G — Estoque 2025,classe,46826,Comércio atacadista de gás liquefeito de petróleo (glp),formula_preservada,19875,19877,2.0,0.0101,divergente,estoque projetado = coluna F + coluna J
83,H,H — Saldo / 2023 (jan-dez),classe,46826,Comércio atacadista de gás liquefeito de petróleo (glp),atualizado,566,566,0.0,0.0,identico,
83,I,I — 2024 (jan-dez),classe,46826,Comércio atacadista de gás liquefeito de petróleo (glp),atualizado,131,131,0.0,0.0,identico,
83,J,J — 2025 (jan-dez),classe,46826,Comércio atacadista de gás liquefeito de petróleo (glp),atualizado,766,768,2.0,0.2611,divergente,
83,K,K — Quantidade de estabelecimentos por porte(RAIS) (Metodologia Sebrae) 2022 / Microempresa,classe,46826,Comércio atacadista de gás liquefeito de petróleo (glp),indisponivel,,,,,nao_atualizado,Não há na biblioteca nem na API endpoint de estabelecimentos por porte da RAIS/metodologia Sebrae com recorte anual e 4 portes (ano 2022)
83,L,L — Empresa de pequeno porte,classe,46826,Comércio atacadista de gás liquefeito de petróleo (glp),indisponivel,,,,,nao_atualizado,Não há na biblioteca nem na API endpoint de estabelecimentos por porte da RAIS/metodologia Sebrae com recorte anual e 4 portes (ano 2022)
83,M,M — Empresa de médio porte,classe,46826,Comércio atacadista de gás liquefeito de petróleo (glp),indisponivel,,,,,nao_atualizado,Não há na biblioteca nem na API endpoint de estabelecimentos por porte da RAIS/metodologia Sebrae com recorte anual e 4 portes (ano 2022)
83,N,N — Grande empresa,classe,46826,Comércio atacadista de gás liquefeito de petróleo (glp),indisponivel,,,,,nao_atualizado,Não há na biblioteca nem na API endpoint de estabelecimentos por porte da RAIS/metodologia Sebrae com recorte anual e 4 portes (ano 2022)
83,O,O — Quantidade de estabelecimentos por porte(RAIS completa) (Metodologia Sebrae) 2023 / Microempresa,classe,46826,Comércio atacadista de gás liquefeito de petróleo (glp),indisponivel,698,698,0.0,0.0,nao_atualizado,Não há na biblioteca nem na API endpoint de estabelecimentos por porte da RAIS/metodologia Sebrae com recorte anual e 4 portes (ano 2023)
83,P,P — Empresa de pequeno porte,classe,46826,Comércio atacadista de gás liquefeito de petróleo (glp),indisponivel,141,141,0.0,0.0,nao_atualizado,Não há na biblioteca nem na API endpoint de estabelecimentos por porte da RAIS/metodologia Sebrae com recorte anual e 4 portes (ano 2023)
83,Q,Q — Empresa de médio porte,classe,46826,Comércio atacadista de gás liquefeito de petróleo (glp),indisponivel,43,43,0.0,0.0,nao_atualizado,Não há na biblioteca nem na API endpoint de estabelecimentos por porte da RAIS/metodologia Sebrae com recorte anual e 4 portes (ano 2023)
83,R,R — Grande empresa,classe,46826,Comércio atacadista de gás liquefeito de petróleo (glp),indisponivel,64,64,0.0,0.0,nao_atualizado,Não há na biblioteca nem na API endpoint de estabelecimentos por porte da RAIS/metodologia Sebrae com recorte anual e 4 portes (ano 2023)
83,S,S — Quantidade de estabelecimentos por porte(RAIS) (Metodologia Sebrae) 2024 / Microempresa,classe,46826,Comércio atacadista de gás liquefeito de petróleo (glp),indisponivel,672,672,0.0,0.0,nao_atualizado,Não há na biblioteca nem na API endpoint de estabelecimentos por porte da RAIS/metodologia Sebrae com recorte anual e 4 portes (ano 2024)
83,T,T — Empresa de pequeno porte,classe,46826,Comércio atacadista de gás liquefeito de petróleo (glp),indisponivel,139,139,0.0,0.0,nao_atualizado,Não há na biblioteca nem na API endpoint de estabelecimentos por porte da RAIS/metodologia Sebrae com recorte anual e 4 portes (ano 2024)
83,U,U — Empresa de médio porte,classe,46826,Comércio atacadista de gás liquefeito de petróleo (glp),indisponivel,47,47,0.0,0.0,nao_atualizado,Não há na biblioteca nem na API endpoint de estabelecimentos por porte da RAIS/metodologia Sebrae com recorte anual e 4 portes (ano 2024)
83,V,V — Grande empresa,classe,46826,Comércio atacadista de gás liquefeito de petróleo (glp),indisponivel,62,62,0.0,0.0,nao_atualizado,Não há na biblioteca nem na API endpoint de estabelecimentos por porte da RAIS/metodologia Sebrae com recorte anual e 4 portes (ano 2024)
84,D,D — EMPREGOS / Estoque 2022,classe,46834,"Comércio atacadista de defensivos agrícolas, adubos, fertilizantes e corretivos do solo",indisponivel,52210,52210,0.0,0.0,nao_atualizado,API expõe estoque apenas nos níveis divisão (2 díg.) e grupo (3 díg.); não há endpoint de estoque no nível classe (5 díg.)
84,E,E — Estoque 2023,classe,46834,"Comércio atacadista de defensivos agrícolas, adubos, fertilizantes e corretivos do solo",indisponivel,56799,56799,0.0,0.0,nao_atualizado,API expõe estoque apenas nos níveis divisão (2 díg.) e grupo (3 díg.); não há endpoint de estoque no nível classe (5 díg.)
84,F,F — Estoque 2024,classe,46834,"Comércio atacadista de defensivos agrícolas, adubos, fertilizantes e corretivos do solo",indisponivel,56392,56392,0.0,0.0,nao_atualizado,API expõe estoque apenas nos níveis divisão (2 díg.) e grupo (3 díg.); não há endpoint de estoque no nível classe (5 díg.)
84,G,G — Estoque 2025,classe,46834,"Comércio atacadista de defensivos agrícolas, adubos, fertilizantes e corretivos do solo",formula_preservada,56101,56106,5.0,0.0089,divergente,estoque projetado = coluna F + coluna J
84,H,H — Saldo / 2023 (jan-dez),classe,46834,"Comércio atacadista de defensivos agrícolas, adubos, fertilizantes e corretivos do solo",atualizado,3060,3060,0.0,0.0,identico,
84,I,I — 2024 (jan-dez),classe,46834,"Comércio atacadista de defensivos agrícolas, adubos, fertilizantes e corretivos do solo",atualizado,-834,-834,0.0,0.0,identico,
84,J,J — 2025 (jan-dez),classe,46834,"Comércio atacadista de defensivos agrícolas, adubos, fertilizantes e corretivos do solo",atualizado,-291,-286,5.0,1.7182,divergente,
84,K,K — Quantidade de estabelecimentos por porte(RAIS) (Metodologia Sebrae) 2022 / Microempresa,classe,46834,"Comércio atacadista de defensivos agrícolas, adubos, fertilizantes e corretivos do solo",indisponivel,,,,,nao_atualizado,Não há na biblioteca nem na API endpoint de estabelecimentos por porte da RAIS/metodologia Sebrae com recorte anual e 4 portes (ano 2022)
84,L,L — Empresa de pequeno porte,classe,46834,"Comércio atacadista de defensivos agrícolas, adubos, fertilizantes e corretivos do solo",indisponivel,,,,,nao_atualizado,Não há na biblioteca nem na API endpoint de estabelecimentos por porte da RAIS/metodologia Sebrae com recorte anual e 4 portes (ano 2022)
84,M,M — Empresa de médio porte,classe,46834,"Comércio atacadista de defensivos agrícolas, adubos, fertilizantes e corretivos do solo",indisponivel,,,,,nao_atualizado,Não há na biblioteca nem na API endpoint de estabelecimentos por porte da RAIS/metodologia Sebrae com recorte anual e 4 portes (ano 2022)
84,N,N — Grande empresa,classe,46834,"Comércio atacadista de defensivos agrícolas, adubos, fertilizantes e corretivos do solo",indisponivel,,,,,nao_atualizado,Não há na biblioteca nem na API endpoint de estabelecimentos por porte da RAIS/metodologia Sebrae com recorte anual e 4 portes (ano 2022)
84,O,O — Quantidade de estabelecimentos por porte(RAIS completa) (Metodologia Sebrae) 2023 / Microempresa,classe,46834,"Comércio atacadista de defensivos agrícolas, adubos, fertilizantes e corretivos do solo",indisponivel,7995,7995,0.0,0.0,nao_atualizado,Não há na biblioteca nem na API endpoint de estabelecimentos por porte da RAIS/metodologia Sebrae com recorte anual e 4 portes (ano 2023)
84,P,P — Empresa de pequeno porte,classe,46834,"Comércio atacadista de defensivos agrícolas, adubos, fertilizantes e corretivos do solo",indisponivel,1702,1702,0.0,0.0,nao_atualizado,Não há na biblioteca nem na API endpoint de estabelecimentos por porte da RAIS/metodologia Sebrae com recorte anual e 4 portes (ano 2023)
84,Q,Q — Empresa de médio porte,classe,46834,"Comércio atacadista de defensivos agrícolas, adubos, fertilizantes e corretivos do solo",indisponivel,79,79,0.0,0.0,nao_atualizado,Não há na biblioteca nem na API endpoint de estabelecimentos por porte da RAIS/metodologia Sebrae com recorte anual e 4 portes (ano 2023)
84,R,R — Grande empresa,classe,46834,"Comércio atacadista de defensivos agrícolas, adubos, fertilizantes e corretivos do solo",indisponivel,35,35,0.0,0.0,nao_atualizado,Não há na biblioteca nem na API endpoint de estabelecimentos por porte da RAIS/metodologia Sebrae com recorte anual e 4 portes (ano 2023)
84,S,S — Quantidade de estabelecimentos por porte(RAIS) (Metodologia Sebrae) 2024 / Microempresa,classe,46834,"Comércio atacadista de defensivos agrícolas, adubos, fertilizantes e corretivos do solo",indisponivel,8772,8772,0.0,0.0,nao_atualizado,Não há na biblioteca nem na API endpoint de estabelecimentos por porte da RAIS/metodologia Sebrae com recorte anual e 4 portes (ano 2024)
84,T,T — Empresa de pequeno porte,classe,46834,"Comércio atacadista de defensivos agrícolas, adubos, fertilizantes e corretivos do solo",indisponivel,1631,1631,0.0,0.0,nao_atualizado,Não há na biblioteca nem na API endpoint de estabelecimentos por porte da RAIS/metodologia Sebrae com recorte anual e 4 portes (ano 2024)
84,U,U — Empresa de médio porte,classe,46834,"Comércio atacadista de defensivos agrícolas, adubos, fertilizantes e corretivos do solo",indisponivel,75,75,0.0,0.0,nao_atualizado,Não há na biblioteca nem na API endpoint de estabelecimentos por porte da RAIS/metodologia Sebrae com recorte anual e 4 portes (ano 2024)
84,V,V — Grande empresa,classe,46834,"Comércio atacadista de defensivos agrícolas, adubos, fertilizantes e corretivos do solo",indisponivel,37,37,0.0,0.0,nao_atualizado,Não há na biblioteca nem na API endpoint de estabelecimentos por porte da RAIS/metodologia Sebrae com recorte anual e 4 portes (ano 2024)
85,D,D — EMPREGOS / Estoque 2022,classe,46842,"Comércio atacadista de produtos químicos e petroquímicos, exceto agroquímicos",indisponivel,16654,16654,0.0,0.0,nao_atualizado,API expõe estoque apenas nos níveis divisão (2 díg.) e grupo (3 díg.); não há endpoint de estoque no nível classe (5 díg.)
85,E,E — Estoque 2023,classe,46842,"Comércio atacadista de produtos químicos e petroquímicos, exceto agroquímicos",indisponivel,17854,17854,0.0,0.0,nao_atualizado,API expõe estoque apenas nos níveis divisão (2 díg.) e grupo (3 díg.); não há endpoint de estoque no nível classe (5 díg.)
85,F,F — Estoque 2024,classe,46842,"Comércio atacadista de produtos químicos e petroquímicos, exceto agroquímicos",indisponivel,18216,18216,0.0,0.0,nao_atualizado,API expõe estoque apenas nos níveis divisão (2 díg.) e grupo (3 díg.); não há endpoint de estoque no nível classe (5 díg.)
85,G,G — Estoque 2025,classe,46842,"Comércio atacadista de produtos químicos e petroquímicos, exceto agroquímicos",formula_preservada,18533,18527,-6.0,-0.0324,divergente,estoque projetado = coluna F + coluna J
85,H,H — Saldo / 2023 (jan-dez),classe,46842,"Comércio atacadista de produtos químicos e petroquímicos, exceto agroquímicos",atualizado,597,597,0.0,0.0,identico,
85,I,I — 2024 (jan-dez),classe,46842,"Comércio atacadista de produtos químicos e petroquímicos, exceto agroquímicos",atualizado,526,527,1.0,0.1901,divergente,
85,J,J — 2025 (jan-dez),classe,46842,"Comércio atacadista de produtos químicos e petroquímicos, exceto agroquímicos",atualizado,317,311,-6.0,-1.8927,divergente,
85,K,K — Quantidade de estabelecimentos por porte(RAIS) (Metodologia Sebrae) 2022 / Microempresa,classe,46842,"Comércio atacadista de produtos químicos e petroquímicos, exceto agroquímicos",indisponivel,,,,,nao_atualizado,Não há na biblioteca nem na API endpoint de estabelecimentos por porte da RAIS/metodologia Sebrae com recorte anual e 4 portes (ano 2022)
85,L,L — Empresa de pequeno porte,classe,46842,"Comércio atacadista de produtos químicos e petroquímicos, exceto agroquímicos",indisponivel,,,,,nao_atualizado,Não há na biblioteca nem na API endpoint de estabelecimentos por porte da RAIS/metodologia Sebrae com recorte anual e 4 portes (ano 2022)
85,M,M — Empresa de médio porte,classe,46842,"Comércio atacadista de produtos químicos e petroquímicos, exceto agroquímicos",indisponivel,,,,,nao_atualizado,Não há na biblioteca nem na API endpoint de estabelecimentos por porte da RAIS/metodologia Sebrae com recorte anual e 4 portes (ano 2022)
85,N,N — Grande empresa,classe,46842,"Comércio atacadista de produtos químicos e petroquímicos, exceto agroquímicos",indisponivel,,,,,nao_atualizado,Não há na biblioteca nem na API endpoint de estabelecimentos por porte da RAIS/metodologia Sebrae com recorte anual e 4 portes (ano 2022)
85,O,O — Quantidade de estabelecimentos por porte(RAIS completa) (Metodologia Sebrae) 2023 / Microempresa,classe,46842,"Comércio atacadista de produtos químicos e petroquímicos, exceto agroquímicos",indisponivel,2925,2925,0.0,0.0,nao_atualizado,Não há na biblioteca nem na API endpoint de estabelecimentos por porte da RAIS/metodologia Sebrae com recorte anual e 4 portes (ano 2023)
85,P,P — Empresa de pequeno porte,classe,46842,"Comércio atacadista de produtos químicos e petroquímicos, exceto agroquímicos",indisponivel,383,383,0.0,0.0,nao_atualizado,Não há na biblioteca nem na API endpoint de estabelecimentos por porte da RAIS/metodologia Sebrae com recorte anual e 4 portes (ano 2023)
85,Q,Q — Empresa de médio porte,classe,46842,"Comércio atacadista de produtos químicos e petroquímicos, exceto agroquímicos",indisponivel,40,40,0.0,0.0,nao_atualizado,Não há na biblioteca nem na API endpoint de estabelecimentos por porte da RAIS/metodologia Sebrae com recorte anual e 4 portes (ano 2023)
85,R,R — Grande empresa,classe,46842,"Comércio atacadista de produtos químicos e petroquímicos, exceto agroquímicos",indisponivel,17,17,0.0,0.0,nao_atualizado,Não há na biblioteca nem na API endpoint de estabelecimentos por porte da RAIS/metodologia Sebrae com recorte anual e 4 portes (ano 2023)
85,S,S — Quantidade de estabelecimentos por porte(RAIS) (Metodologia Sebrae) 2024 / Microempresa,classe,46842,"Comércio atacadista de produtos químicos e petroquímicos, exceto agroquímicos",indisponivel,3064,3064,0.0,0.0,nao_atualizado,Não há na biblioteca nem na API endpoint de estabelecimentos por porte da RAIS/metodologia Sebrae com recorte anual e 4 portes (ano 2024)
85,T,T — Empresa de pequeno porte,classe,46842,"Comércio atacadista de produtos químicos e petroquímicos, exceto agroquímicos",indisponivel,395,395,0.0,0.0,nao_atualizado,Não há na biblioteca nem na API endpoint de estabelecimentos por porte da RAIS/metodologia Sebrae com recorte anual e 4 portes (ano 2024)
85,U,U — Empresa de médio porte,classe,46842,"Comércio atacadista de produtos químicos e petroquímicos, exceto agroquímicos",indisponivel,41,41,0.0,0.0,nao_atualizado,Não há na biblioteca nem na API endpoint de estabelecimentos por porte da RAIS/metodologia Sebrae com recorte anual e 4 portes (ano 2024)
85,V,V — Grande empresa,classe,46842,"Comércio atacadista de produtos químicos e petroquímicos, exceto agroquímicos",indisponivel,19,19,0.0,0.0,nao_atualizado,Não há na biblioteca nem na API endpoint de estabelecimentos por porte da RAIS/metodologia Sebrae com recorte anual e 4 portes (ano 2024)
86,D,D — EMPREGOS / Estoque 2022,classe,46851,"Comércio atacadista de produtos siderúrgicos e metalúrgicos, exceto para construção",indisponivel,17203,17203,0.0,0.0,nao_atualizado,API expõe estoque apenas nos níveis divisão (2 díg.) e grupo (3 díg.); não há endpoint de estoque no nível classe (5 díg.)
86,E,E — Estoque 2023,classe,46851,"Comércio atacadista de produtos siderúrgicos e metalúrgicos, exceto para construção",indisponivel,18644,18644,0.0,0.0,nao_atualizado,API expõe estoque apenas nos níveis divisão (2 díg.) e grupo (3 díg.); não há endpoint de estoque no nível classe (5 díg.)
86,F,F — Estoque 2024,classe,46851,"Comércio atacadista de produtos siderúrgicos e metalúrgicos, exceto para construção",indisponivel,19260,19260,0.0,0.0,nao_atualizado,API expõe estoque apenas nos níveis divisão (2 díg.) e grupo (3 díg.); não há endpoint de estoque no nível classe (5 díg.)
86,G,G — Estoque 2025,classe,46851,"Comércio atacadista de produtos siderúrgicos e metalúrgicos, exceto para construção",formula_preservada,19739,19737,-2.0,-0.0101,divergente,estoque projetado = coluna F + coluna J
86,H,H — Saldo / 2023 (jan-dez),classe,46851,"Comércio atacadista de produtos siderúrgicos e metalúrgicos, exceto para construção",atualizado,594,594,0.0,0.0,identico,
86,I,I — 2024 (jan-dez),classe,46851,"Comércio atacadista de produtos siderúrgicos e metalúrgicos, exceto para construção",atualizado,837,837,0.0,0.0,identico,
86,J,J — 2025 (jan-dez),classe,46851,"Comércio atacadista de produtos siderúrgicos e metalúrgicos, exceto para construção",atualizado,479,477,-2.0,-0.4175,divergente,
86,K,K — Quantidade de estabelecimentos por porte(RAIS) (Metodologia Sebrae) 2022 / Microempresa,classe,46851,"Comércio atacadista de produtos siderúrgicos e metalúrgicos, exceto para construção",indisponivel,,,,,nao_atualizado,Não há na biblioteca nem na API endpoint de estabelecimentos por porte da RAIS/metodologia Sebrae com recorte anual e 4 portes (ano 2022)
86,L,L — Empresa de pequeno porte,classe,46851,"Comércio atacadista de produtos siderúrgicos e metalúrgicos, exceto para construção",indisponivel,,,,,nao_atualizado,Não há na biblioteca nem na API endpoint de estabelecimentos por porte da RAIS/metodologia Sebrae com recorte anual e 4 portes (ano 2022)
86,M,M — Empresa de médio porte,classe,46851,"Comércio atacadista de produtos siderúrgicos e metalúrgicos, exceto para construção",indisponivel,,,,,nao_atualizado,Não há na biblioteca nem na API endpoint de estabelecimentos por porte da RAIS/metodologia Sebrae com recorte anual e 4 portes (ano 2022)
86,N,N — Grande empresa,classe,46851,"Comércio atacadista de produtos siderúrgicos e metalúrgicos, exceto para construção",indisponivel,,,,,nao_atualizado,Não há na biblioteca nem na API endpoint de estabelecimentos por porte da RAIS/metodologia Sebrae com recorte anual e 4 portes (ano 2022)
86,O,O — Quantidade de estabelecimentos por porte(RAIS completa) (Metodologia Sebrae) 2023 / Microempresa,classe,46851,"Comércio atacadista de produtos siderúrgicos e metalúrgicos, exceto para construção",indisponivel,1965,1965,0.0,0.0,nao_atualizado,Não há na biblioteca nem na API endpoint de estabelecimentos por porte da RAIS/metodologia Sebrae com recorte anual e 4 portes (ano 2023)
86,P,P — Empresa de pequeno porte,classe,46851,"Comércio atacadista de produtos siderúrgicos e metalúrgicos, exceto para construção",indisponivel,346,346,0.0,0.0,nao_atualizado,Não há na biblioteca nem na API endpoint de estabelecimentos por porte da RAIS/metodologia Sebrae com recorte anual e 4 portes (ano 2023)
86,Q,Q — Empresa de médio porte,classe,46851,"Comércio atacadista de produtos siderúrgicos e metalúrgicos, exceto para construção",indisponivel,52,52,0.0,0.0,nao_atualizado,Não há na biblioteca nem na API endpoint de estabelecimentos por porte da RAIS/metodologia Sebrae com recorte anual e 4 portes (ano 2023)
86,R,R — Grande empresa,classe,46851,"Comércio atacadista de produtos siderúrgicos e metalúrgicos, exceto para construção",indisponivel,27,27,0.0,0.0,nao_atualizado,Não há na biblioteca nem na API endpoint de estabelecimentos por porte da RAIS/metodologia Sebrae com recorte anual e 4 portes (ano 2023)
86,S,S — Quantidade de estabelecimentos por porte(RAIS) (Metodologia Sebrae) 2024 / Microempresa,classe,46851,"Comércio atacadista de produtos siderúrgicos e metalúrgicos, exceto para construção",indisponivel,2082,2082,0.0,0.0,nao_atualizado,Não há na biblioteca nem na API endpoint de estabelecimentos por porte da RAIS/metodologia Sebrae com recorte anual e 4 portes (ano 2024)
86,T,T — Empresa de pequeno porte,classe,46851,"Comércio atacadista de produtos siderúrgicos e metalúrgicos, exceto para construção",indisponivel,365,365,0.0,0.0,nao_atualizado,Não há na biblioteca nem na API endpoint de estabelecimentos por porte da RAIS/metodologia Sebrae com recorte anual e 4 portes (ano 2024)
86,U,U — Empresa de médio porte,classe,46851,"Comércio atacadista de produtos siderúrgicos e metalúrgicos, exceto para construção",indisponivel,51,51,0.0,0.0,nao_atualizado,Não há na biblioteca nem na API endpoint de estabelecimentos por porte da RAIS/metodologia Sebrae com recorte anual e 4 portes (ano 2024)
86,V,V — Grande empresa,classe,46851,"Comércio atacadista de produtos siderúrgicos e metalúrgicos, exceto para construção",indisponivel,27,27,0.0,0.0,nao_atualizado,Não há na biblioteca nem na API endpoint de estabelecimentos por porte da RAIS/metodologia Sebrae com recorte anual e 4 portes (ano 2024)
87,D,D — EMPREGOS / Estoque 2022,classe,46869,Comércio atacadista de papel e papelão em bruto e de embalagens,indisponivel,31256,31256,0.0,0.0,nao_atualizado,API expõe estoque apenas nos níveis divisão (2 díg.) e grupo (3 díg.); não há endpoint de estoque no nível classe (5 díg.)
87,E,E — Estoque 2023,classe,46869,Comércio atacadista de papel e papelão em bruto e de embalagens,indisponivel,33067,33067,0.0,0.0,nao_atualizado,API expõe estoque apenas nos níveis divisão (2 díg.) e grupo (3 díg.); não há endpoint de estoque no nível classe (5 díg.)
87,F,F — Estoque 2024,classe,46869,Comércio atacadista de papel e papelão em bruto e de embalagens,indisponivel,34260,34260,0.0,0.0,nao_atualizado,API expõe estoque apenas nos níveis divisão (2 díg.) e grupo (3 díg.); não há endpoint de estoque no nível classe (5 díg.)
87,G,G — Estoque 2025,classe,46869,Comércio atacadista de papel e papelão em bruto e de embalagens,formula_preservada,35971,35983,12.0,0.0334,divergente,estoque projetado = coluna F + coluna J
87,H,H — Saldo / 2023 (jan-dez),classe,46869,Comércio atacadista de papel e papelão em bruto e de embalagens,atualizado,1822,1822,0.0,0.0,identico,
87,I,I — 2024 (jan-dez),classe,46869,Comércio atacadista de papel e papelão em bruto e de embalagens,atualizado,1740,1741,1.0,0.0575,divergente,
87,J,J — 2025 (jan-dez),classe,46869,Comércio atacadista de papel e papelão em bruto e de embalagens,atualizado,1711,1723,12.0,0.7013,divergente,
87,K,K — Quantidade de estabelecimentos por porte(RAIS) (Metodologia Sebrae) 2022 / Microempresa,classe,46869,Comércio atacadista de papel e papelão em bruto e de embalagens,indisponivel,,,,,nao_atualizado,Não há na biblioteca nem na API endpoint de estabelecimentos por porte da RAIS/metodologia Sebrae com recorte anual e 4 portes (ano 2022)
87,L,L — Empresa de pequeno porte,classe,46869,Comércio atacadista de papel e papelão em bruto e de embalagens,indisponivel,,,,,nao_atualizado,Não há na biblioteca nem na API endpoint de estabelecimentos por porte da RAIS/metodologia Sebrae com recorte anual e 4 portes (ano 2022)
87,M,M — Empresa de médio porte,classe,46869,Comércio atacadista de papel e papelão em bruto e de embalagens,indisponivel,,,,,nao_atualizado,Não há na biblioteca nem na API endpoint de estabelecimentos por porte da RAIS/metodologia Sebrae com recorte anual e 4 portes (ano 2022)
87,N,N — Grande empresa,classe,46869,Comércio atacadista de papel e papelão em bruto e de embalagens,indisponivel,,,,,nao_atualizado,Não há na biblioteca nem na API endpoint de estabelecimentos por porte da RAIS/metodologia Sebrae com recorte anual e 4 portes (ano 2022)
87,O,O — Quantidade de estabelecimentos por porte(RAIS completa) (Metodologia Sebrae) 2023 / Microempresa,classe,46869,Comércio atacadista de papel e papelão em bruto e de embalagens,indisponivel,7882,7882,0.0,0.0,nao_atualizado,Não há na biblioteca nem na API endpoint de estabelecimentos por porte da RAIS/metodologia Sebrae com recorte anual e 4 portes (ano 2023)
87,P,P — Empresa de pequeno porte,classe,46869,Comércio atacadista de papel e papelão em bruto e de embalagens,indisponivel,807,807,0.0,0.0,nao_atualizado,Não há na biblioteca nem na API endpoint de estabelecimentos por porte da RAIS/metodologia Sebrae com recorte anual e 4 portes (ano 2023)
87,Q,Q — Empresa de médio porte,classe,46869,Comércio atacadista de papel e papelão em bruto e de embalagens,indisponivel,60,60,0.0,0.0,nao_atualizado,Não há na biblioteca nem na API endpoint de estabelecimentos por porte da RAIS/metodologia Sebrae com recorte anual e 4 portes (ano 2023)
87,R,R — Grande empresa,classe,46869,Comércio atacadista de papel e papelão em bruto e de embalagens,indisponivel,20,20,0.0,0.0,nao_atualizado,Não há na biblioteca nem na API endpoint de estabelecimentos por porte da RAIS/metodologia Sebrae com recorte anual e 4 portes (ano 2023)
87,S,S — Quantidade de estabelecimentos por porte(RAIS) (Metodologia Sebrae) 2024 / Microempresa,classe,46869,Comércio atacadista de papel e papelão em bruto e de embalagens,indisponivel,8570,8570,0.0,0.0,nao_atualizado,Não há na biblioteca nem na API endpoint de estabelecimentos por porte da RAIS/metodologia Sebrae com recorte anual e 4 portes (ano 2024)
87,T,T — Empresa de pequeno porte,classe,46869,Comércio atacadista de papel e papelão em bruto e de embalagens,indisponivel,807,807,0.0,0.0,nao_atualizado,Não há na biblioteca nem na API endpoint de estabelecimentos por porte da RAIS/metodologia Sebrae com recorte anual e 4 portes (ano 2024)
87,U,U — Empresa de médio porte,classe,46869,Comércio atacadista de papel e papelão em bruto e de embalagens,indisponivel,65,65,0.0,0.0,nao_atualizado,Não há na biblioteca nem na API endpoint de estabelecimentos por porte da RAIS/metodologia Sebrae com recorte anual e 4 portes (ano 2024)
87,V,V — Grande empresa,classe,46869,Comércio atacadista de papel e papelão em bruto e de embalagens,indisponivel,23,23,0.0,0.0,nao_atualizado,Não há na biblioteca nem na API endpoint de estabelecimentos por porte da RAIS/metodologia Sebrae com recorte anual e 4 portes (ano 2024)
88,D,D — EMPREGOS / Estoque 2022,classe,46877,Comércio atacadista de resíduos e sucatas,indisponivel,54522,54522,0.0,0.0,nao_atualizado,API expõe estoque apenas nos níveis divisão (2 díg.) e grupo (3 díg.); não há endpoint de estoque no nível classe (5 díg.)
88,E,E — Estoque 2023,classe,46877,Comércio atacadista de resíduos e sucatas,indisponivel,52297,52297,0.0,0.0,nao_atualizado,API expõe estoque apenas nos níveis divisão (2 díg.) e grupo (3 díg.); não há endpoint de estoque no nível classe (5 díg.)
88,F,F — Estoque 2024,classe,46877,Comércio atacadista de resíduos e sucatas,indisponivel,52883,52883,0.0,0.0,nao_atualizado,API expõe estoque apenas nos níveis divisão (2 díg.) e grupo (3 díg.); não há endpoint de estoque no nível classe (5 díg.)
88,G,G — Estoque 2025,classe,46877,Comércio atacadista de resíduos e sucatas,formula_preservada,54317,54302,-15.0,-0.0276,divergente,estoque projetado = coluna F + coluna J
88,H,H — Saldo / 2023 (jan-dez),classe,46877,Comércio atacadista de resíduos e sucatas,atualizado,-2118,-2117,1.0,0.0472,divergente,
88,I,I — 2024 (jan-dez),classe,46877,Comércio atacadista de resíduos e sucatas,atualizado,728,727,-1.0,-0.1374,divergente,
88,J,J — 2025 (jan-dez),classe,46877,Comércio atacadista de resíduos e sucatas,atualizado,1434,1419,-15.0,-1.046,divergente,
88,K,K — Quantidade de estabelecimentos por porte(RAIS) (Metodologia Sebrae) 2022 / Microempresa,classe,46877,Comércio atacadista de resíduos e sucatas,indisponivel,,,,,nao_atualizado,Não há na biblioteca nem na API endpoint de estabelecimentos por porte da RAIS/metodologia Sebrae com recorte anual e 4 portes (ano 2022)
88,L,L — Empresa de pequeno porte,classe,46877,Comércio atacadista de resíduos e sucatas,indisponivel,,,,,nao_atualizado,Não há na biblioteca nem na API endpoint de estabelecimentos por porte da RAIS/metodologia Sebrae com recorte anual e 4 portes (ano 2022)
88,M,M — Empresa de médio porte,classe,46877,Comércio atacadista de resíduos e sucatas,indisponivel,,,,,nao_atualizado,Não há na biblioteca nem na API endpoint de estabelecimentos por porte da RAIS/metodologia Sebrae com recorte anual e 4 portes (ano 2022)
88,N,N — Grande empresa,classe,46877,Comércio atacadista de resíduos e sucatas,indisponivel,,,,,nao_atualizado,Não há na biblioteca nem na API endpoint de estabelecimentos por porte da RAIS/metodologia Sebrae com recorte anual e 4 portes (ano 2022)
88,O,O — Quantidade de estabelecimentos por porte(RAIS completa) (Metodologia Sebrae) 2023 / Microempresa,classe,46877,Comércio atacadista de resíduos e sucatas,indisponivel,11667,11667,0.0,0.0,nao_atualizado,Não há na biblioteca nem na API endpoint de estabelecimentos por porte da RAIS/metodologia Sebrae com recorte anual e 4 portes (ano 2023)
88,P,P — Empresa de pequeno porte,classe,46877,Comércio atacadista de resíduos e sucatas,indisponivel,1290,1290,0.0,0.0,nao_atualizado,Não há na biblioteca nem na API endpoint de estabelecimentos por porte da RAIS/metodologia Sebrae com recorte anual e 4 portes (ano 2023)
88,Q,Q — Empresa de médio porte,classe,46877,Comércio atacadista de resíduos e sucatas,indisponivel,87,87,0.0,0.0,nao_atualizado,Não há na biblioteca nem na API endpoint de estabelecimentos por porte da RAIS/metodologia Sebrae com recorte anual e 4 portes (ano 2023)
88,R,R — Grande empresa,classe,46877,Comércio atacadista de resíduos e sucatas,indisponivel,34,34,0.0,0.0,nao_atualizado,Não há na biblioteca nem na API endpoint de estabelecimentos por porte da RAIS/metodologia Sebrae com recorte anual e 4 portes (ano 2023)
88,S,S — Quantidade de estabelecimentos por porte(RAIS) (Metodologia Sebrae) 2024 / Microempresa,classe,46877,Comércio atacadista de resíduos e sucatas,indisponivel,12162,12162,0.0,0.0,nao_atualizado,Não há na biblioteca nem na API endpoint de estabelecimentos por porte da RAIS/metodologia Sebrae com recorte anual e 4 portes (ano 2024)
88,T,T — Empresa de pequeno porte,classe,46877,Comércio atacadista de resíduos e sucatas,indisponivel,1324,1324,0.0,0.0,nao_atualizado,Não há na biblioteca nem na API endpoint de estabelecimentos por porte da RAIS/metodologia Sebrae com recorte anual e 4 portes (ano 2024)
88,U,U — Empresa de médio porte,classe,46877,Comércio atacadista de resíduos e sucatas,indisponivel,89,89,0.0,0.0,nao_atualizado,Não há na biblioteca nem na API endpoint de estabelecimentos por porte da RAIS/metodologia Sebrae com recorte anual e 4 portes (ano 2024)
88,V,V — Grande empresa,classe,46877,Comércio atacadista de resíduos e sucatas,indisponivel,30,30,0.0,0.0,nao_atualizado,Não há na biblioteca nem na API endpoint de estabelecimentos por porte da RAIS/metodologia Sebrae com recorte anual e 4 portes (ano 2024)
89,D,D — EMPREGOS / Estoque 2022,classe,46893,Comércio atacadista especializado de outros produtos intermediários não especificados anteriormente,indisponivel,46724,46724,0.0,0.0,nao_atualizado,API expõe estoque apenas nos níveis divisão (2 díg.) e grupo (3 díg.); não há endpoint de estoque no nível classe (5 díg.)
89,E,E — Estoque 2023,classe,46893,Comércio atacadista especializado de outros produtos intermediários não especificados anteriormente,indisponivel,46132,46132,0.0,0.0,nao_atualizado,API expõe estoque apenas nos níveis divisão (2 díg.) e grupo (3 díg.); não há endpoint de estoque no nível classe (5 díg.)
89,F,F — Estoque 2024,classe,46893,Comércio atacadista especializado de outros produtos intermediários não especificados anteriormente,indisponivel,46246,46246,0.0,0.0,nao_atualizado,API expõe estoque apenas nos níveis divisão (2 díg.) e grupo (3 díg.); não há endpoint de estoque no nível classe (5 díg.)
89,G,G — Estoque 2025,classe,46893,Comércio atacadista especializado de outros produtos intermediários não especificados anteriormente,formula_preservada,46756,46753,-3.0,-0.0064,divergente,estoque projetado = coluna F + coluna J
89,H,H — Saldo / 2023 (jan-dez),classe,46893,Comércio atacadista especializado de outros produtos intermediários não especificados anteriormente,atualizado,1495,1494,-1.0,-0.0669,divergente,
89,I,I — 2024 (jan-dez),classe,46893,Comércio atacadista especializado de outros produtos intermediários não especificados anteriormente,atualizado,1529,1528,-1.0,-0.0654,divergente,
89,J,J — 2025 (jan-dez),classe,46893,Comércio atacadista especializado de outros produtos intermediários não especificados anteriormente,atualizado,510,507,-3.0,-0.5882,divergente,
89,K,K — Quantidade de estabelecimentos por porte(RAIS) (Metodologia Sebrae) 2022 / Microempresa,classe,46893,Comércio atacadista especializado de outros produtos intermediários não especificados anteriormente,indisponivel,,,,,nao_atualizado,Não há na biblioteca nem na API endpoint de estabelecimentos por porte da RAIS/metodologia Sebrae com recorte anual e 4 portes (ano 2022)
89,L,L — Empresa de pequeno porte,classe,46893,Comércio atacadista especializado de outros produtos intermediários não especificados anteriormente,indisponivel,,,,,nao_atualizado,Não há na biblioteca nem na API endpoint de estabelecimentos por porte da RAIS/metodologia Sebrae com recorte anual e 4 portes (ano 2022)
89,M,M — Empresa de médio porte,classe,46893,Comércio atacadista especializado de outros produtos intermediários não especificados anteriormente,indisponivel,,,,,nao_atualizado,Não há na biblioteca nem na API endpoint de estabelecimentos por porte da RAIS/metodologia Sebrae com recorte anual e 4 portes (ano 2022)
89,N,N — Grande empresa,classe,46893,Comércio atacadista especializado de outros produtos intermediários não especificados anteriormente,indisponivel,,,,,nao_atualizado,Não há na biblioteca nem na API endpoint de estabelecimentos por porte da RAIS/metodologia Sebrae com recorte anual e 4 portes (ano 2022)
89,O,O — Quantidade de estabelecimentos por porte(RAIS completa) (Metodologia Sebrae) 2023 / Microempresa,classe,46893,Comércio atacadista especializado de outros produtos intermediários não especificados anteriormente,indisponivel,8413,8413,0.0,0.0,nao_atualizado,Não há na biblioteca nem na API endpoint de estabelecimentos por porte da RAIS/metodologia Sebrae com recorte anual e 4 portes (ano 2023)
89,P,P — Empresa de pequeno porte,classe,46893,Comércio atacadista especializado de outros produtos intermediários não especificados anteriormente,indisponivel,772,772,0.0,0.0,nao_atualizado,Não há na biblioteca nem na API endpoint de estabelecimentos por porte da RAIS/metodologia Sebrae com recorte anual e 4 portes (ano 2023)
89,Q,Q — Empresa de médio porte,classe,46893,Comércio atacadista especializado de outros produtos intermediários não especificados anteriormente,indisponivel,76,76,0.0,0.0,nao_atualizado,Não há na biblioteca nem na API endpoint de estabelecimentos por porte da RAIS/metodologia Sebrae com recorte anual e 4 portes (ano 2023)
89,R,R — Grande empresa,classe,46893,Comércio atacadista especializado de outros produtos intermediários não especificados anteriormente,indisponivel,45,45,0.0,0.0,nao_atualizado,Não há na biblioteca nem na API endpoint de estabelecimentos por porte da RAIS/metodologia Sebrae com recorte anual e 4 portes (ano 2023)
89,S,S — Quantidade de estabelecimentos por porte(RAIS) (Metodologia Sebrae) 2024 / Microempresa,classe,46893,Comércio atacadista especializado de outros produtos intermediários não especificados anteriormente,indisponivel,8766,8766,0.0,0.0,nao_atualizado,Não há na biblioteca nem na API endpoint de estabelecimentos por porte da RAIS/metodologia Sebrae com recorte anual e 4 portes (ano 2024)
89,T,T — Empresa de pequeno porte,classe,46893,Comércio atacadista especializado de outros produtos intermediários não especificados anteriormente,indisponivel,769,769,0.0,0.0,nao_atualizado,Não há na biblioteca nem na API endpoint de estabelecimentos por porte da RAIS/metodologia Sebrae com recorte anual e 4 portes (ano 2024)
89,U,U — Empresa de médio porte,classe,46893,Comércio atacadista especializado de outros produtos intermediários não especificados anteriormente,indisponivel,79,79,0.0,0.0,nao_atualizado,Não há na biblioteca nem na API endpoint de estabelecimentos por porte da RAIS/metodologia Sebrae com recorte anual e 4 portes (ano 2024)
89,V,V — Grande empresa,classe,46893,Comércio atacadista especializado de outros produtos intermediários não especificados anteriormente,indisponivel,48,48,0.0,0.0,nao_atualizado,Não há na biblioteca nem na API endpoint de estabelecimentos por porte da RAIS/metodologia Sebrae com recorte anual e 4 portes (ano 2024)
90,D,D — EMPREGOS / Estoque 2022,classe,47237,Comércio varejista de bebidas,indisponivel,58849,58849,0.0,0.0,nao_atualizado,API expõe estoque apenas nos níveis divisão (2 díg.) e grupo (3 díg.); não há endpoint de estoque no nível classe (5 díg.)
90,E,E — Estoque 2023,classe,47237,Comércio varejista de bebidas,indisponivel,61382,61382,0.0,0.0,nao_atualizado,API expõe estoque apenas nos níveis divisão (2 díg.) e grupo (3 díg.); não há endpoint de estoque no nível classe (5 díg.)
90,F,F — Estoque 2024,classe,47237,Comércio varejista de bebidas,indisponivel,63374,63374,0.0,0.0,nao_atualizado,API expõe estoque apenas nos níveis divisão (2 díg.) e grupo (3 díg.); não há endpoint de estoque no nível classe (5 díg.)
90,G,G — Estoque 2025,classe,47237,Comércio varejista de bebidas,formula_preservada,65696,65718,22.0,0.0335,divergente,estoque projetado = coluna F + coluna J
90,H,H — Saldo / 2023 (jan-dez),classe,47237,Comércio varejista de bebidas,atualizado,4190,4189,-1.0,-0.0239,divergente,
90,I,I — 2024 (jan-dez),classe,47237,Comércio varejista de bebidas,atualizado,2306,2305,-1.0,-0.0434,divergente,
90,J,J — 2025 (jan-dez),classe,47237,Comércio varejista de bebidas,atualizado,2322,2344,22.0,0.9475,divergente,
90,K,K — Quantidade de estabelecimentos por porte(RAIS) (Metodologia Sebrae) 2022 / Microempresa,classe,47237,Comércio varejista de bebidas,indisponivel,,,,,nao_atualizado,Não há na biblioteca nem na API endpoint de estabelecimentos por porte da RAIS/metodologia Sebrae com recorte anual e 4 portes (ano 2022)
90,L,L — Empresa de pequeno porte,classe,47237,Comércio varejista de bebidas,indisponivel,,,,,nao_atualizado,Não há na biblioteca nem na API endpoint de estabelecimentos por porte da RAIS/metodologia Sebrae com recorte anual e 4 portes (ano 2022)
90,M,M — Empresa de médio porte,classe,47237,Comércio varejista de bebidas,indisponivel,,,,,nao_atualizado,Não há na biblioteca nem na API endpoint de estabelecimentos por porte da RAIS/metodologia Sebrae com recorte anual e 4 portes (ano 2022)
90,N,N — Grande empresa,classe,47237,Comércio varejista de bebidas,indisponivel,,,,,nao_atualizado,Não há na biblioteca nem na API endpoint de estabelecimentos por porte da RAIS/metodologia Sebrae com recorte anual e 4 portes (ano 2022)
90,O,O — Quantidade de estabelecimentos por porte(RAIS completa) (Metodologia Sebrae) 2023 / Microempresa,classe,47237,Comércio varejista de bebidas,indisponivel,59598,59598,0.0,0.0,nao_atualizado,Não há na biblioteca nem na API endpoint de estabelecimentos por porte da RAIS/metodologia Sebrae com recorte anual e 4 portes (ano 2023)
90,P,P — Empresa de pequeno porte,classe,47237,Comércio varejista de bebidas,indisponivel,876,876,0.0,0.0,nao_atualizado,Não há na biblioteca nem na API endpoint de estabelecimentos por porte da RAIS/metodologia Sebrae com recorte anual e 4 portes (ano 2023)
90,Q,Q — Empresa de médio porte,classe,47237,Comércio varejista de bebidas,indisponivel,58,58,0.0,0.0,nao_atualizado,Não há na biblioteca nem na API endpoint de estabelecimentos por porte da RAIS/metodologia Sebrae com recorte anual e 4 portes (ano 2023)
90,R,R — Grande empresa,classe,47237,Comércio varejista de bebidas,indisponivel,18,18,0.0,0.0,nao_atualizado,Não há na biblioteca nem na API endpoint de estabelecimentos por porte da RAIS/metodologia Sebrae com recorte anual e 4 portes (ano 2023)
90,S,S — Quantidade de estabelecimentos por porte(RAIS) (Metodologia Sebrae) 2024 / Microempresa,classe,47237,Comércio varejista de bebidas,indisponivel,65695,65695,0.0,0.0,nao_atualizado,Não há na biblioteca nem na API endpoint de estabelecimentos por porte da RAIS/metodologia Sebrae com recorte anual e 4 portes (ano 2024)
90,T,T — Empresa de pequeno porte,classe,47237,Comércio varejista de bebidas,indisponivel,973,973,0.0,0.0,nao_atualizado,Não há na biblioteca nem na API endpoint de estabelecimentos por porte da RAIS/metodologia Sebrae com recorte anual e 4 portes (ano 2024)
90,U,U — Empresa de médio porte,classe,47237,Comércio varejista de bebidas,indisponivel,57,57,0.0,0.0,nao_atualizado,Não há na biblioteca nem na API endpoint de estabelecimentos por porte da RAIS/metodologia Sebrae com recorte anual e 4 portes (ano 2024)
90,V,V — Grande empresa,classe,47237,Comércio varejista de bebidas,indisponivel,20,20,0.0,0.0,nao_atualizado,Não há na biblioteca nem na API endpoint de estabelecimentos por porte da RAIS/metodologia Sebrae com recorte anual e 4 portes (ano 2024)
91,D,D — EMPREGOS / Estoque 2022,classe,47423,Comércio varejista de material elétrico,indisponivel,64964,64964,0.0,0.0,nao_atualizado,API expõe estoque apenas nos níveis divisão (2 díg.) e grupo (3 díg.); não há endpoint de estoque no nível classe (5 díg.)
91,E,E — Estoque 2023,classe,47423,Comércio varejista de material elétrico,indisponivel,65168,65168,0.0,0.0,nao_atualizado,API expõe estoque apenas nos níveis divisão (2 díg.) e grupo (3 díg.); não há endpoint de estoque no nível classe (5 díg.)
91,F,F — Estoque 2024,classe,47423,Comércio varejista de material elétrico,indisponivel,67442,67442,0.0,0.0,nao_atualizado,API expõe estoque apenas nos níveis divisão (2 díg.) e grupo (3 díg.); não há endpoint de estoque no nível classe (5 díg.)
91,G,G — Estoque 2025,classe,47423,Comércio varejista de material elétrico,formula_preservada,67908,67914,6.0,0.0088,divergente,estoque projetado = coluna F + coluna J
91,H,H — Saldo / 2023 (jan-dez),classe,47423,Comércio varejista de material elétrico,atualizado,1756,1757,1.0,0.0569,divergente,
91,I,I — 2024 (jan-dez),classe,47423,Comércio varejista de material elétrico,atualizado,2809,2803,-6.0,-0.2136,divergente,
91,J,J — 2025 (jan-dez),classe,47423,Comércio varejista de material elétrico,atualizado,466,472,6.0,1.2876,divergente,
91,K,K — Quantidade de estabelecimentos por porte(RAIS) (Metodologia Sebrae) 2022 / Microempresa,classe,47423,Comércio varejista de material elétrico,indisponivel,,,,,nao_atualizado,Não há na biblioteca nem na API endpoint de estabelecimentos por porte da RAIS/metodologia Sebrae com recorte anual e 4 portes (ano 2022)
91,L,L — Empresa de pequeno porte,classe,47423,Comércio varejista de material elétrico,indisponivel,,,,,nao_atualizado,Não há na biblioteca nem na API endpoint de estabelecimentos por porte da RAIS/metodologia Sebrae com recorte anual e 4 portes (ano 2022)
91,M,M — Empresa de médio porte,classe,47423,Comércio varejista de material elétrico,indisponivel,,,,,nao_atualizado,Não há na biblioteca nem na API endpoint de estabelecimentos por porte da RAIS/metodologia Sebrae com recorte anual e 4 portes (ano 2022)
91,N,N — Grande empresa,classe,47423,Comércio varejista de material elétrico,indisponivel,,,,,nao_atualizado,Não há na biblioteca nem na API endpoint de estabelecimentos por porte da RAIS/metodologia Sebrae com recorte anual e 4 portes (ano 2022)
91,O,O — Quantidade de estabelecimentos por porte(RAIS completa) (Metodologia Sebrae) 2023 / Microempresa,classe,47423,Comércio varejista de material elétrico,indisponivel,25499,25499,0.0,0.0,nao_atualizado,Não há na biblioteca nem na API endpoint de estabelecimentos por porte da RAIS/metodologia Sebrae com recorte anual e 4 portes (ano 2023)
91,P,P — Empresa de pequeno porte,classe,47423,Comércio varejista de material elétrico,indisponivel,1453,1453,0.0,0.0,nao_atualizado,Não há na biblioteca nem na API endpoint de estabelecimentos por porte da RAIS/metodologia Sebrae com recorte anual e 4 portes (ano 2023)
91,Q,Q — Empresa de médio porte,classe,47423,Comércio varejista de material elétrico,indisponivel,72,72,0.0,0.0,nao_atualizado,Não há na biblioteca nem na API endpoint de estabelecimentos por porte da RAIS/metodologia Sebrae com recorte anual e 4 portes (ano 2023)
91,R,R — Grande empresa,classe,47423,Comércio varejista de material elétrico,indisponivel,20,20,0.0,0.0,nao_atualizado,Não há na biblioteca nem na API endpoint de estabelecimentos por porte da RAIS/metodologia Sebrae com recorte anual e 4 portes (ano 2023)
91,S,S — Quantidade de estabelecimentos por porte(RAIS) (Metodologia Sebrae) 2024 / Microempresa,classe,47423,Comércio varejista de material elétrico,indisponivel,27583,27583,0.0,0.0,nao_atualizado,Não há na biblioteca nem na API endpoint de estabelecimentos por porte da RAIS/metodologia Sebrae com recorte anual e 4 portes (ano 2024)
91,T,T — Empresa de pequeno porte,classe,47423,Comércio varejista de material elétrico,indisponivel,1475,1475,0.0,0.0,nao_atualizado,Não há na biblioteca nem na API endpoint de estabelecimentos por porte da RAIS/metodologia Sebrae com recorte anual e 4 portes (ano 2024)
91,U,U — Empresa de médio porte,classe,47423,Comércio varejista de material elétrico,indisponivel,79,79,0.0,0.0,nao_atualizado,Não há na biblioteca nem na API endpoint de estabelecimentos por porte da RAIS/metodologia Sebrae com recorte anual e 4 portes (ano 2024)
91,V,V — Grande empresa,classe,47423,Comércio varejista de material elétrico,indisponivel,25,25,0.0,0.0,nao_atualizado,Não há na biblioteca nem na API endpoint de estabelecimentos por porte da RAIS/metodologia Sebrae com recorte anual e 4 portes (ano 2024)
92,D,D — EMPREGOS / Estoque 2022,classe,47431,Comércio varejista de vidros,indisponivel,37973,37973,0.0,0.0,nao_atualizado,API expõe estoque apenas nos níveis divisão (2 díg.) e grupo (3 díg.); não há endpoint de estoque no nível classe (5 díg.)
92,E,E — Estoque 2023,classe,47431,Comércio varejista de vidros,indisponivel,37206,37206,0.0,0.0,nao_atualizado,API expõe estoque apenas nos níveis divisão (2 díg.) e grupo (3 díg.); não há endpoint de estoque no nível classe (5 díg.)
92,F,F — Estoque 2024,classe,47431,Comércio varejista de vidros,indisponivel,37368,37368,0.0,0.0,nao_atualizado,API expõe estoque apenas nos níveis divisão (2 díg.) e grupo (3 díg.); não há endpoint de estoque no nível classe (5 díg.)
92,G,G — Estoque 2025,classe,47431,Comércio varejista de vidros,formula_preservada,37410,37401,-9.0,-0.0241,divergente,estoque projetado = coluna F + coluna J
92,H,H — Saldo / 2023 (jan-dez),classe,47431,Comércio varejista de vidros,atualizado,-104,-105,-1.0,-0.9615,divergente,
92,I,I — 2024 (jan-dez),classe,47431,Comércio varejista de vidros,atualizado,368,364,-4.0,-1.087,divergente,
92,J,J — 2025 (jan-dez),classe,47431,Comércio varejista de vidros,atualizado,42,33,-9.0,-21.4286,divergente,
92,K,K — Quantidade de estabelecimentos por porte(RAIS) (Metodologia Sebrae) 2022 / Microempresa,classe,47431,Comércio varejista de vidros,indisponivel,,,,,nao_atualizado,Não há na biblioteca nem na API endpoint de estabelecimentos por porte da RAIS/metodologia Sebrae com recorte anual e 4 portes (ano 2022)
92,L,L — Empresa de pequeno porte,classe,47431,Comércio varejista de vidros,indisponivel,,,,,nao_atualizado,Não há na biblioteca nem na API endpoint de estabelecimentos por porte da RAIS/metodologia Sebrae com recorte anual e 4 portes (ano 2022)
92,M,M — Empresa de médio porte,classe,47431,Comércio varejista de vidros,indisponivel,,,,,nao_atualizado,Não há na biblioteca nem na API endpoint de estabelecimentos por porte da RAIS/metodologia Sebrae com recorte anual e 4 portes (ano 2022)
92,N,N — Grande empresa,classe,47431,Comércio varejista de vidros,indisponivel,,,,,nao_atualizado,Não há na biblioteca nem na API endpoint de estabelecimentos por porte da RAIS/metodologia Sebrae com recorte anual e 4 portes (ano 2022)
92,O,O — Quantidade de estabelecimentos por porte(RAIS completa) (Metodologia Sebrae) 2023 / Microempresa,classe,47431,Comércio varejista de vidros,indisponivel,16318,16318,0.0,0.0,nao_atualizado,Não há na biblioteca nem na API endpoint de estabelecimentos por porte da RAIS/metodologia Sebrae com recorte anual e 4 portes (ano 2023)
92,P,P — Empresa de pequeno porte,classe,47431,Comércio varejista de vidros,indisponivel,776,776,0.0,0.0,nao_atualizado,Não há na biblioteca nem na API endpoint de estabelecimentos por porte da RAIS/metodologia Sebrae com recorte anual e 4 portes (ano 2023)
92,Q,Q — Empresa de médio porte,classe,47431,Comércio varejista de vidros,indisponivel,20,20,0.0,0.0,nao_atualizado,Não há na biblioteca nem na API endpoint de estabelecimentos por porte da RAIS/metodologia Sebrae com recorte anual e 4 portes (ano 2023)
92,R,R — Grande empresa,classe,47431,Comércio varejista de vidros,indisponivel,5,5,0.0,0.0,nao_atualizado,Não há na biblioteca nem na API endpoint de estabelecimentos por porte da RAIS/metodologia Sebrae com recorte anual e 4 portes (ano 2023)
92,S,S — Quantidade de estabelecimentos por porte(RAIS) (Metodologia Sebrae) 2024 / Microempresa,classe,47431,Comércio varejista de vidros,indisponivel,17426,17426,0.0,0.0,nao_atualizado,Não há na biblioteca nem na API endpoint de estabelecimentos por porte da RAIS/metodologia Sebrae com recorte anual e 4 portes (ano 2024)
92,T,T — Empresa de pequeno porte,classe,47431,Comércio varejista de vidros,indisponivel,757,757,0.0,0.0,nao_atualizado,Não há na biblioteca nem na API endpoint de estabelecimentos por porte da RAIS/metodologia Sebrae com recorte anual e 4 portes (ano 2024)
92,U,U — Empresa de médio porte,classe,47431,Comércio varejista de vidros,indisponivel,24,24,0.0,0.0,nao_atualizado,Não há na biblioteca nem na API endpoint de estabelecimentos por porte da RAIS/metodologia Sebrae com recorte anual e 4 portes (ano 2024)
92,V,V — Grande empresa,classe,47431,Comércio varejista de vidros,indisponivel,4,4,0.0,0.0,nao_atualizado,Não há na biblioteca nem na API endpoint de estabelecimentos por porte da RAIS/metodologia Sebrae com recorte anual e 4 portes (ano 2024)
93,D,D — EMPREGOS / Estoque 2022,classe,47440,"Comércio varejista de ferragens, madeira e materiais de construção",indisponivel,664255,664255,0.0,0.0,nao_atualizado,API expõe estoque apenas nos níveis divisão (2 díg.) e grupo (3 díg.); não há endpoint de estoque no nível classe (5 díg.)
93,E,E — Estoque 2023,classe,47440,"Comércio varejista de ferragens, madeira e materiais de construção",indisponivel,658617,658617,0.0,0.0,nao_atualizado,API expõe estoque apenas nos níveis divisão (2 díg.) e grupo (3 díg.); não há endpoint de estoque no nível classe (5 díg.)
93,F,F — Estoque 2024,classe,47440,"Comércio varejista de ferragens, madeira e materiais de construção",indisponivel,660964,660964,0.0,0.0,nao_atualizado,API expõe estoque apenas nos níveis divisão (2 díg.) e grupo (3 díg.); não há endpoint de estoque no nível classe (5 díg.)
93,G,G — Estoque 2025,classe,47440,"Comércio varejista de ferragens, madeira e materiais de construção",formula_preservada,662598,662682,84.0,0.0127,divergente,estoque projetado = coluna F + coluna J
93,H,H — Saldo / 2023 (jan-dez),classe,47440,"Comércio varejista de ferragens, madeira e materiais de construção",atualizado,6317,6315,-2.0,-0.0317,divergente,
93,I,I — 2024 (jan-dez),classe,47440,"Comércio varejista de ferragens, madeira e materiais de construção",atualizado,10606,10609,3.0,0.0283,divergente,
93,J,J — 2025 (jan-dez),classe,47440,"Comércio varejista de ferragens, madeira e materiais de construção",atualizado,1634,1718,84.0,5.1408,divergente,
93,K,K — Quantidade de estabelecimentos por porte(RAIS) (Metodologia Sebrae) 2022 / Microempresa,classe,47440,"Comércio varejista de ferragens, madeira e materiais de construção",indisponivel,,,,,nao_atualizado,Não há na biblioteca nem na API endpoint de estabelecimentos por porte da RAIS/metodologia Sebrae com recorte anual e 4 portes (ano 2022)
93,L,L — Empresa de pequeno porte,classe,47440,"Comércio varejista de ferragens, madeira e materiais de construção",indisponivel,,,,,nao_atualizado,Não há na biblioteca nem na API endpoint de estabelecimentos por porte da RAIS/metodologia Sebrae com recorte anual e 4 portes (ano 2022)
93,M,M — Empresa de médio porte,classe,47440,"Comércio varejista de ferragens, madeira e materiais de construção",indisponivel,,,,,nao_atualizado,Não há na biblioteca nem na API endpoint de estabelecimentos por porte da RAIS/metodologia Sebrae com recorte anual e 4 portes (ano 2022)
93,N,N — Grande empresa,classe,47440,"Comércio varejista de ferragens, madeira e materiais de construção",indisponivel,,,,,nao_atualizado,Não há na biblioteca nem na API endpoint de estabelecimentos por porte da RAIS/metodologia Sebrae com recorte anual e 4 portes (ano 2022)
93,O,O — Quantidade de estabelecimentos por porte(RAIS completa) (Metodologia Sebrae) 2023 / Microempresa,classe,47440,"Comércio varejista de ferragens, madeira e materiais de construção",indisponivel,197504,197504,0.0,0.0,nao_atualizado,Não há na biblioteca nem na API endpoint de estabelecimentos por porte da RAIS/metodologia Sebrae com recorte anual e 4 portes (ano 2023)
93,P,P — Empresa de pequeno porte,classe,47440,"Comércio varejista de ferragens, madeira e materiais de construção",indisponivel,15323,15323,0.0,0.0,nao_atualizado,Não há na biblioteca nem na API endpoint de estabelecimentos por porte da RAIS/metodologia Sebrae com recorte anual e 4 portes (ano 2023)
93,Q,Q — Empresa de médio porte,classe,47440,"Comércio varejista de ferragens, madeira e materiais de construção",indisponivel,573,573,0.0,0.0,nao_atualizado,Não há na biblioteca nem na API endpoint de estabelecimentos por porte da RAIS/metodologia Sebrae com recorte anual e 4 portes (ano 2023)
93,R,R — Grande empresa,classe,47440,"Comércio varejista de ferragens, madeira e materiais de construção",indisponivel,255,255,0.0,0.0,nao_atualizado,Não há na biblioteca nem na API endpoint de estabelecimentos por porte da RAIS/metodologia Sebrae com recorte anual e 4 portes (ano 2023)
93,S,S — Quantidade de estabelecimentos por porte(RAIS) (Metodologia Sebrae) 2024 / Microempresa,classe,47440,"Comércio varejista de ferragens, madeira e materiais de construção",indisponivel,208740,208740,0.0,0.0,nao_atualizado,Não há na biblioteca nem na API endpoint de estabelecimentos por porte da RAIS/metodologia Sebrae com recorte anual e 4 portes (ano 2024)
93,T,T — Empresa de pequeno porte,classe,47440,"Comércio varejista de ferragens, madeira e materiais de construção",indisponivel,15423,15423,0.0,0.0,nao_atualizado,Não há na biblioteca nem na API endpoint de estabelecimentos por porte da RAIS/metodologia Sebrae com recorte anual e 4 portes (ano 2024)
93,U,U — Empresa de médio porte,classe,47440,"Comércio varejista de ferragens, madeira e materiais de construção",indisponivel,610,610,0.0,0.0,nao_atualizado,Não há na biblioteca nem na API endpoint de estabelecimentos por porte da RAIS/metodologia Sebrae com recorte anual e 4 portes (ano 2024)
93,V,V — Grande empresa,classe,47440,"Comércio varejista de ferragens, madeira e materiais de construção",indisponivel,255,255,0.0,0.0,nao_atualizado,Não há na biblioteca nem na API endpoint de estabelecimentos por porte da RAIS/metodologia Sebrae com recorte anual e 4 portes (ano 2024)
94,D,D — EMPREGOS / Estoque 2022,classe,47512,Comércio varejista especializado de equipamentos e suprimentos de informática,indisponivel,115077,115077,0.0,0.0,nao_atualizado,API expõe estoque apenas nos níveis divisão (2 díg.) e grupo (3 díg.); não há endpoint de estoque no nível classe (5 díg.)
94,E,E — Estoque 2023,classe,47512,Comércio varejista especializado de equipamentos e suprimentos de informática,indisponivel,110980,110980,0.0,0.0,nao_atualizado,API expõe estoque apenas nos níveis divisão (2 díg.) e grupo (3 díg.); não há endpoint de estoque no nível classe (5 díg.)
94,F,F — Estoque 2024,classe,47512,Comércio varejista especializado de equipamentos e suprimentos de informática,indisponivel,108864,108864,0.0,0.0,nao_atualizado,API expõe estoque apenas nos níveis divisão (2 díg.) e grupo (3 díg.); não há endpoint de estoque no nível classe (5 díg.)
94,G,G — Estoque 2025,classe,47512,Comércio varejista especializado de equipamentos e suprimentos de informática,formula_preservada,105766,105792,26.0,0.0246,divergente,estoque projetado = coluna F + coluna J
94,H,H — Saldo / 2023 (jan-dez),classe,47512,Comércio varejista especializado de equipamentos e suprimentos de informática,atualizado,-527,-525,2.0,0.3795,divergente,
94,I,I — 2024 (jan-dez),classe,47512,Comércio varejista especializado de equipamentos e suprimentos de informática,atualizado,-833,-830,3.0,0.3601,divergente,
94,J,J — 2025 (jan-dez),classe,47512,Comércio varejista especializado de equipamentos e suprimentos de informática,atualizado,-3098,-3072,26.0,0.8393,divergente,
94,K,K — Quantidade de estabelecimentos por porte(RAIS) (Metodologia Sebrae) 2022 / Microempresa,classe,47512,Comércio varejista especializado de equipamentos e suprimentos de informática,indisponivel,,,,,nao_atualizado,Não há na biblioteca nem na API endpoint de estabelecimentos por porte da RAIS/metodologia Sebrae com recorte anual e 4 portes (ano 2022)
94,L,L — Empresa de pequeno porte,classe,47512,Comércio varejista especializado de equipamentos e suprimentos de informática,indisponivel,,,,,nao_atualizado,Não há na biblioteca nem na API endpoint de estabelecimentos por porte da RAIS/metodologia Sebrae com recorte anual e 4 portes (ano 2022)
94,M,M — Empresa de médio porte,classe,47512,Comércio varejista especializado de equipamentos e suprimentos de informática,indisponivel,,,,,nao_atualizado,Não há na biblioteca nem na API endpoint de estabelecimentos por porte da RAIS/metodologia Sebrae com recorte anual e 4 portes (ano 2022)
94,N,N — Grande empresa,classe,47512,Comércio varejista especializado de equipamentos e suprimentos de informática,indisponivel,,,,,nao_atualizado,Não há na biblioteca nem na API endpoint de estabelecimentos por porte da RAIS/metodologia Sebrae com recorte anual e 4 portes (ano 2022)
94,O,O — Quantidade de estabelecimentos por porte(RAIS completa) (Metodologia Sebrae) 2023 / Microempresa,classe,47512,Comércio varejista especializado de equipamentos e suprimentos de informática,indisponivel,50109,50109,0.0,0.0,nao_atualizado,Não há na biblioteca nem na API endpoint de estabelecimentos por porte da RAIS/metodologia Sebrae com recorte anual e 4 portes (ano 2023)
94,P,P — Empresa de pequeno porte,classe,47512,Comércio varejista especializado de equipamentos e suprimentos de informática,indisponivel,1842,1842,0.0,0.0,nao_atualizado,Não há na biblioteca nem na API endpoint de estabelecimentos por porte da RAIS/metodologia Sebrae com recorte anual e 4 portes (ano 2023)
94,Q,Q — Empresa de médio porte,classe,47512,Comércio varejista especializado de equipamentos e suprimentos de informática,indisponivel,102,102,0.0,0.0,nao_atualizado,Não há na biblioteca nem na API endpoint de estabelecimentos por porte da RAIS/metodologia Sebrae com recorte anual e 4 portes (ano 2023)
94,R,R — Grande empresa,classe,47512,Comércio varejista especializado de equipamentos e suprimentos de informática,indisponivel,43,43,0.0,0.0,nao_atualizado,Não há na biblioteca nem na API endpoint de estabelecimentos por porte da RAIS/metodologia Sebrae com recorte anual e 4 portes (ano 2023)
94,S,S — Quantidade de estabelecimentos por porte(RAIS) (Metodologia Sebrae) 2024 / Microempresa,classe,47512,Comércio varejista especializado de equipamentos e suprimentos de informática,indisponivel,53046,53046,0.0,0.0,nao_atualizado,Não há na biblioteca nem na API endpoint de estabelecimentos por porte da RAIS/metodologia Sebrae com recorte anual e 4 portes (ano 2024)
94,T,T — Empresa de pequeno porte,classe,47512,Comércio varejista especializado de equipamentos e suprimentos de informática,indisponivel,1810,1810,0.0,0.0,nao_atualizado,Não há na biblioteca nem na API endpoint de estabelecimentos por porte da RAIS/metodologia Sebrae com recorte anual e 4 portes (ano 2024)
94,U,U — Empresa de médio porte,classe,47512,Comércio varejista especializado de equipamentos e suprimentos de informática,indisponivel,98,98,0.0,0.0,nao_atualizado,Não há na biblioteca nem na API endpoint de estabelecimentos por porte da RAIS/metodologia Sebrae com recorte anual e 4 portes (ano 2024)
94,V,V — Grande empresa,classe,47512,Comércio varejista especializado de equipamentos e suprimentos de informática,indisponivel,48,48,0.0,0.0,nao_atualizado,Não há na biblioteca nem na API endpoint de estabelecimentos por porte da RAIS/metodologia Sebrae com recorte anual e 4 portes (ano 2024)
95,D,D — EMPREGOS / Estoque 2022,classe,47521,Comércio varejista especializado de equipamentos de telefonia e comunicação,indisponivel,78296,78296,0.0,0.0,nao_atualizado,API expõe estoque apenas nos níveis divisão (2 díg.) e grupo (3 díg.); não há endpoint de estoque no nível classe (5 díg.)
95,E,E — Estoque 2023,classe,47521,Comércio varejista especializado de equipamentos de telefonia e comunicação,indisponivel,82516,82516,0.0,0.0,nao_atualizado,API expõe estoque apenas nos níveis divisão (2 díg.) e grupo (3 díg.); não há endpoint de estoque no nível classe (5 díg.)
95,F,F — Estoque 2024,classe,47521,Comércio varejista especializado de equipamentos de telefonia e comunicação,indisponivel,83849,83849,0.0,0.0,nao_atualizado,API expõe estoque apenas nos níveis divisão (2 díg.) e grupo (3 díg.); não há endpoint de estoque no nível classe (5 díg.)
95,G,G — Estoque 2025,classe,47521,Comércio varejista especializado de equipamentos de telefonia e comunicação,formula_preservada,83450,83473,23.0,0.0276,divergente,estoque projetado = coluna F + coluna J
95,H,H — Saldo / 2023 (jan-dez),classe,47521,Comércio varejista especializado de equipamentos de telefonia e comunicação,atualizado,1723,1723,0.0,0.0,identico,
95,I,I — 2024 (jan-dez),classe,47521,Comércio varejista especializado de equipamentos de telefonia e comunicação,atualizado,480,484,4.0,0.8333,divergente,
95,J,J — 2025 (jan-dez),classe,47521,Comércio varejista especializado de equipamentos de telefonia e comunicação,atualizado,-399,-376,23.0,5.7644,divergente,
95,K,K — Quantidade de estabelecimentos por porte(RAIS) (Metodologia Sebrae) 2022 / Microempresa,classe,47521,Comércio varejista especializado de equipamentos de telefonia e comunicação,indisponivel,,,,,nao_atualizado,Não há na biblioteca nem na API endpoint de estabelecimentos por porte da RAIS/metodologia Sebrae com recorte anual e 4 portes (ano 2022)
95,L,L — Empresa de pequeno porte,classe,47521,Comércio varejista especializado de equipamentos de telefonia e comunicação,indisponivel,,,,,nao_atualizado,Não há na biblioteca nem na API endpoint de estabelecimentos por porte da RAIS/metodologia Sebrae com recorte anual e 4 portes (ano 2022)
95,M,M — Empresa de médio porte,classe,47521,Comércio varejista especializado de equipamentos de telefonia e comunicação,indisponivel,,,,,nao_atualizado,Não há na biblioteca nem na API endpoint de estabelecimentos por porte da RAIS/metodologia Sebrae com recorte anual e 4 portes (ano 2022)
95,N,N — Grande empresa,classe,47521,Comércio varejista especializado de equipamentos de telefonia e comunicação,indisponivel,,,,,nao_atualizado,Não há na biblioteca nem na API endpoint de estabelecimentos por porte da RAIS/metodologia Sebrae com recorte anual e 4 portes (ano 2022)
95,O,O — Quantidade de estabelecimentos por porte(RAIS completa) (Metodologia Sebrae) 2023 / Microempresa,classe,47521,Comércio varejista especializado de equipamentos de telefonia e comunicação,indisponivel,39254,39254,0.0,0.0,nao_atualizado,Não há na biblioteca nem na API endpoint de estabelecimentos por porte da RAIS/metodologia Sebrae com recorte anual e 4 portes (ano 2023)
95,P,P — Empresa de pequeno porte,classe,47521,Comércio varejista especializado de equipamentos de telefonia e comunicação,indisponivel,1460,1460,0.0,0.0,nao_atualizado,Não há na biblioteca nem na API endpoint de estabelecimentos por porte da RAIS/metodologia Sebrae com recorte anual e 4 portes (ano 2023)
95,Q,Q — Empresa de médio porte,classe,47521,Comércio varejista especializado de equipamentos de telefonia e comunicação,indisponivel,61,61,0.0,0.0,nao_atualizado,Não há na biblioteca nem na API endpoint de estabelecimentos por porte da RAIS/metodologia Sebrae com recorte anual e 4 portes (ano 2023)
95,R,R — Grande empresa,classe,47521,Comércio varejista especializado de equipamentos de telefonia e comunicação,indisponivel,29,29,0.0,0.0,nao_atualizado,Não há na biblioteca nem na API endpoint de estabelecimentos por porte da RAIS/metodologia Sebrae com recorte anual e 4 portes (ano 2023)
95,S,S — Quantidade de estabelecimentos por porte(RAIS) (Metodologia Sebrae) 2024 / Microempresa,classe,47521,Comércio varejista especializado de equipamentos de telefonia e comunicação,indisponivel,43558,43558,0.0,0.0,nao_atualizado,Não há na biblioteca nem na API endpoint de estabelecimentos por porte da RAIS/metodologia Sebrae com recorte anual e 4 portes (ano 2024)
95,T,T — Empresa de pequeno porte,classe,47521,Comércio varejista especializado de equipamentos de telefonia e comunicação,indisponivel,1430,1430,0.0,0.0,nao_atualizado,Não há na biblioteca nem na API endpoint de estabelecimentos por porte da RAIS/metodologia Sebrae com recorte anual e 4 portes (ano 2024)
95,U,U — Empresa de médio porte,classe,47521,Comércio varejista especializado de equipamentos de telefonia e comunicação,indisponivel,59,59,0.0,0.0,nao_atualizado,Não há na biblioteca nem na API endpoint de estabelecimentos por porte da RAIS/metodologia Sebrae com recorte anual e 4 portes (ano 2024)
95,V,V — Grande empresa,classe,47521,Comércio varejista especializado de equipamentos de telefonia e comunicação,indisponivel,27,27,0.0,0.0,nao_atualizado,Não há na biblioteca nem na API endpoint de estabelecimentos por porte da RAIS/metodologia Sebrae com recorte anual e 4 portes (ano 2024)
96,D,D — EMPREGOS / Estoque 2022,classe,47539,Comércio varejista especializado de eletrodomésticos e equipamentos de áudio e vídeo,indisponivel,161792,161792,0.0,0.0,nao_atualizado,API expõe estoque apenas nos níveis divisão (2 díg.) e grupo (3 díg.); não há endpoint de estoque no nível classe (5 díg.)
96,E,E — Estoque 2023,classe,47539,Comércio varejista especializado de eletrodomésticos e equipamentos de áudio e vídeo,indisponivel,153922,153922,0.0,0.0,nao_atualizado,API expõe estoque apenas nos níveis divisão (2 díg.) e grupo (3 díg.); não há endpoint de estoque no nível classe (5 díg.)
96,F,F — Estoque 2024,classe,47539,Comércio varejista especializado de eletrodomésticos e equipamentos de áudio e vídeo,indisponivel,148119,148119,0.0,0.0,nao_atualizado,API expõe estoque apenas nos níveis divisão (2 díg.) e grupo (3 díg.); não há endpoint de estoque no nível classe (5 díg.)
96,G,G — Estoque 2025,classe,47539,Comércio varejista especializado de eletrodomésticos e equipamentos de áudio e vídeo,formula_preservada,145423,145426,3.0,0.0021,divergente,estoque projetado = coluna F + coluna J
96,H,H — Saldo / 2023 (jan-dez),classe,47539,Comércio varejista especializado de eletrodomésticos e equipamentos de áudio e vídeo,atualizado,-7386,-7386,0.0,0.0,identico,
96,I,I — 2024 (jan-dez),classe,47539,Comércio varejista especializado de eletrodomésticos e equipamentos de áudio e vídeo,atualizado,-3038,-3036,2.0,0.0658,divergente,
96,J,J — 2025 (jan-dez),classe,47539,Comércio varejista especializado de eletrodomésticos e equipamentos de áudio e vídeo,atualizado,-2696,-2693,3.0,0.1113,divergente,
96,K,K — Quantidade de estabelecimentos por porte(RAIS) (Metodologia Sebrae) 2022 / Microempresa,classe,47539,Comércio varejista especializado de eletrodomésticos e equipamentos de áudio e vídeo,indisponivel,,,,,nao_atualizado,Não há na biblioteca nem na API endpoint de estabelecimentos por porte da RAIS/metodologia Sebrae com recorte anual e 4 portes (ano 2022)
96,L,L — Empresa de pequeno porte,classe,47539,Comércio varejista especializado de eletrodomésticos e equipamentos de áudio e vídeo,indisponivel,,,,,nao_atualizado,Não há na biblioteca nem na API endpoint de estabelecimentos por porte da RAIS/metodologia Sebrae com recorte anual e 4 portes (ano 2022)
96,M,M — Empresa de médio porte,classe,47539,Comércio varejista especializado de eletrodomésticos e equipamentos de áudio e vídeo,indisponivel,,,,,nao_atualizado,Não há na biblioteca nem na API endpoint de estabelecimentos por porte da RAIS/metodologia Sebrae com recorte anual e 4 portes (ano 2022)
96,N,N — Grande empresa,classe,47539,Comércio varejista especializado de eletrodomésticos e equipamentos de áudio e vídeo,indisponivel,,,,,nao_atualizado,Não há na biblioteca nem na API endpoint de estabelecimentos por porte da RAIS/metodologia Sebrae com recorte anual e 4 portes (ano 2022)
96,O,O — Quantidade de estabelecimentos por porte(RAIS completa) (Metodologia Sebrae) 2023 / Microempresa,classe,47539,Comércio varejista especializado de eletrodomésticos e equipamentos de áudio e vídeo,indisponivel,30060,30060,0.0,0.0,nao_atualizado,Não há na biblioteca nem na API endpoint de estabelecimentos por porte da RAIS/metodologia Sebrae com recorte anual e 4 portes (ano 2023)
96,P,P — Empresa de pequeno porte,classe,47539,Comércio varejista especializado de eletrodomésticos e equipamentos de áudio e vídeo,indisponivel,4675,4675,0.0,0.0,nao_atualizado,Não há na biblioteca nem na API endpoint de estabelecimentos por porte da RAIS/metodologia Sebrae com recorte anual e 4 portes (ano 2023)
96,Q,Q — Empresa de médio porte,classe,47539,Comércio varejista especializado de eletrodomésticos e equipamentos de áudio e vídeo,indisponivel,165,165,0.0,0.0,nao_atualizado,Não há na biblioteca nem na API endpoint de estabelecimentos por porte da RAIS/metodologia Sebrae com recorte anual e 4 portes (ano 2023)
96,R,R — Grande empresa,classe,47539,Comércio varejista especializado de eletrodomésticos e equipamentos de áudio e vídeo,indisponivel,48,48,0.0,0.0,nao_atualizado,Não há na biblioteca nem na API endpoint de estabelecimentos por porte da RAIS/metodologia Sebrae com recorte anual e 4 portes (ano 2023)
96,S,S — Quantidade de estabelecimentos por porte(RAIS) (Metodologia Sebrae) 2024 / Microempresa,classe,47539,Comércio varejista especializado de eletrodomésticos e equipamentos de áudio e vídeo,indisponivel,32211,32211,0.0,0.0,nao_atualizado,Não há na biblioteca nem na API endpoint de estabelecimentos por porte da RAIS/metodologia Sebrae com recorte anual e 4 portes (ano 2024)
96,T,T — Empresa de pequeno porte,classe,47539,Comércio varejista especializado de eletrodomésticos e equipamentos de áudio e vídeo,indisponivel,4670,4670,0.0,0.0,nao_atualizado,Não há na biblioteca nem na API endpoint de estabelecimentos por porte da RAIS/metodologia Sebrae com recorte anual e 4 portes (ano 2024)
96,U,U — Empresa de médio porte,classe,47539,Comércio varejista especializado de eletrodomésticos e equipamentos de áudio e vídeo,indisponivel,145,145,0.0,0.0,nao_atualizado,Não há na biblioteca nem na API endpoint de estabelecimentos por porte da RAIS/metodologia Sebrae com recorte anual e 4 portes (ano 2024)
96,V,V — Grande empresa,classe,47539,Comércio varejista especializado de eletrodomésticos e equipamentos de áudio e vídeo,indisponivel,47,47,0.0,0.0,nao_atualizado,Não há na biblioteca nem na API endpoint de estabelecimentos por porte da RAIS/metodologia Sebrae com recorte anual e 4 portes (ano 2024)
97,D,D — EMPREGOS / Estoque 2022,classe,47547,"Comércio varejista especializado de móveis, colchoaria e artigos de iluminação",indisponivel,220027,220027,0.0,0.0,nao_atualizado,API expõe estoque apenas nos níveis divisão (2 díg.) e grupo (3 díg.); não há endpoint de estoque no nível classe (5 díg.)
97,E,E — Estoque 2023,classe,47547,"Comércio varejista especializado de móveis, colchoaria e artigos de iluminação",indisponivel,215264,215264,0.0,0.0,nao_atualizado,API expõe estoque apenas nos níveis divisão (2 díg.) e grupo (3 díg.); não há endpoint de estoque no nível classe (5 díg.)
97,F,F — Estoque 2024,classe,47547,"Comércio varejista especializado de móveis, colchoaria e artigos de iluminação",indisponivel,215802,215802,0.0,0.0,nao_atualizado,API expõe estoque apenas nos níveis divisão (2 díg.) e grupo (3 díg.); não há endpoint de estoque no nível classe (5 díg.)
97,G,G — Estoque 2025,classe,47547,"Comércio varejista especializado de móveis, colchoaria e artigos de iluminação",formula_preservada,216058,216066,8.0,0.0037,divergente,estoque projetado = coluna F + coluna J
97,H,H — Saldo / 2023 (jan-dez),classe,47547,"Comércio varejista especializado de móveis, colchoaria e artigos de iluminação",atualizado,-2039,-2035,4.0,0.1962,divergente,
97,I,I — 2024 (jan-dez),classe,47547,"Comércio varejista especializado de móveis, colchoaria e artigos de iluminação",atualizado,3350,3350,0.0,0.0,identico,
97,J,J — 2025 (jan-dez),classe,47547,"Comércio varejista especializado de móveis, colchoaria e artigos de iluminação",atualizado,256,264,8.0,3.125,divergente,
97,K,K — Quantidade de estabelecimentos por porte(RAIS) (Metodologia Sebrae) 2022 / Microempresa,classe,47547,"Comércio varejista especializado de móveis, colchoaria e artigos de iluminação",indisponivel,,,,,nao_atualizado,Não há na biblioteca nem na API endpoint de estabelecimentos por porte da RAIS/metodologia Sebrae com recorte anual e 4 portes (ano 2022)
97,L,L — Empresa de pequeno porte,classe,47547,"Comércio varejista especializado de móveis, colchoaria e artigos de iluminação",indisponivel,,,,,nao_atualizado,Não há na biblioteca nem na API endpoint de estabelecimentos por porte da RAIS/metodologia Sebrae com recorte anual e 4 portes (ano 2022)
97,M,M — Empresa de médio porte,classe,47547,"Comércio varejista especializado de móveis, colchoaria e artigos de iluminação",indisponivel,,,,,nao_atualizado,Não há na biblioteca nem na API endpoint de estabelecimentos por porte da RAIS/metodologia Sebrae com recorte anual e 4 portes (ano 2022)
97,N,N — Grande empresa,classe,47547,"Comércio varejista especializado de móveis, colchoaria e artigos de iluminação",indisponivel,,,,,nao_atualizado,Não há na biblioteca nem na API endpoint de estabelecimentos por porte da RAIS/metodologia Sebrae com recorte anual e 4 portes (ano 2022)
97,O,O — Quantidade de estabelecimentos por porte(RAIS completa) (Metodologia Sebrae) 2023 / Microempresa,classe,47547,"Comércio varejista especializado de móveis, colchoaria e artigos de iluminação",indisponivel,78724,78724,0.0,0.0,nao_atualizado,Não há na biblioteca nem na API endpoint de estabelecimentos por porte da RAIS/metodologia Sebrae com recorte anual e 4 portes (ano 2023)
97,P,P — Empresa de pequeno porte,classe,47547,"Comércio varejista especializado de móveis, colchoaria e artigos de iluminação",indisponivel,4896,4896,0.0,0.0,nao_atualizado,Não há na biblioteca nem na API endpoint de estabelecimentos por porte da RAIS/metodologia Sebrae com recorte anual e 4 portes (ano 2023)
97,Q,Q — Empresa de médio porte,classe,47547,"Comércio varejista especializado de móveis, colchoaria e artigos de iluminação",indisponivel,106,106,0.0,0.0,nao_atualizado,Não há na biblioteca nem na API endpoint de estabelecimentos por porte da RAIS/metodologia Sebrae com recorte anual e 4 portes (ano 2023)
97,R,R — Grande empresa,classe,47547,"Comércio varejista especializado de móveis, colchoaria e artigos de iluminação",indisponivel,41,41,0.0,0.0,nao_atualizado,Não há na biblioteca nem na API endpoint de estabelecimentos por porte da RAIS/metodologia Sebrae com recorte anual e 4 portes (ano 2023)
97,S,S — Quantidade de estabelecimentos por porte(RAIS) (Metodologia Sebrae) 2024 / Microempresa,classe,47547,"Comércio varejista especializado de móveis, colchoaria e artigos de iluminação",indisponivel,82639,82639,0.0,0.0,nao_atualizado,Não há na biblioteca nem na API endpoint de estabelecimentos por porte da RAIS/metodologia Sebrae com recorte anual e 4 portes (ano 2024)
97,T,T — Empresa de pequeno porte,classe,47547,"Comércio varejista especializado de móveis, colchoaria e artigos de iluminação",indisponivel,4889,4889,0.0,0.0,nao_atualizado,Não há na biblioteca nem na API endpoint de estabelecimentos por porte da RAIS/metodologia Sebrae com recorte anual e 4 portes (ano 2024)
97,U,U — Empresa de médio porte,classe,47547,"Comércio varejista especializado de móveis, colchoaria e artigos de iluminação",indisponivel,113,113,0.0,0.0,nao_atualizado,Não há na biblioteca nem na API endpoint de estabelecimentos por porte da RAIS/metodologia Sebrae com recorte anual e 4 portes (ano 2024)
97,V,V — Grande empresa,classe,47547,"Comércio varejista especializado de móveis, colchoaria e artigos de iluminação",indisponivel,36,36,0.0,0.0,nao_atualizado,Não há na biblioteca nem na API endpoint de estabelecimentos por porte da RAIS/metodologia Sebrae com recorte anual e 4 portes (ano 2024)
98,D,D — EMPREGOS / Estoque 2022,classe,47555,"Comércio varejista especializado de tecidos e artigos de cama, mesa e banho",indisponivel,107207,107207,0.0,0.0,nao_atualizado,API expõe estoque apenas nos níveis divisão (2 díg.) e grupo (3 díg.); não há endpoint de estoque no nível classe (5 díg.)
98,E,E — Estoque 2023,classe,47555,"Comércio varejista especializado de tecidos e artigos de cama, mesa e banho",indisponivel,106418,106418,0.0,0.0,nao_atualizado,API expõe estoque apenas nos níveis divisão (2 díg.) e grupo (3 díg.); não há endpoint de estoque no nível classe (5 díg.)
98,F,F — Estoque 2024,classe,47555,"Comércio varejista especializado de tecidos e artigos de cama, mesa e banho",indisponivel,106008,106008,0.0,0.0,nao_atualizado,API expõe estoque apenas nos níveis divisão (2 díg.) e grupo (3 díg.); não há endpoint de estoque no nível classe (5 díg.)
98,G,G — Estoque 2025,classe,47555,"Comércio varejista especializado de tecidos e artigos de cama, mesa e banho",formula_preservada,106418,106420,2.0,0.0019,divergente,estoque projetado = coluna F + coluna J
98,H,H — Saldo / 2023 (jan-dez),classe,47555,"Comércio varejista especializado de tecidos e artigos de cama, mesa e banho",atualizado,287,289,2.0,0.6969,divergente,
98,I,I — 2024 (jan-dez),classe,47555,"Comércio varejista especializado de tecidos e artigos de cama, mesa e banho",atualizado,504,505,1.0,0.1984,divergente,
98,J,J — 2025 (jan-dez),classe,47555,"Comércio varejista especializado de tecidos e artigos de cama, mesa e banho",atualizado,410,412,2.0,0.4878,divergente,
98,K,K — Quantidade de estabelecimentos por porte(RAIS) (Metodologia Sebrae) 2022 / Microempresa,classe,47555,"Comércio varejista especializado de tecidos e artigos de cama, mesa e banho",indisponivel,,,,,nao_atualizado,Não há na biblioteca nem na API endpoint de estabelecimentos por porte da RAIS/metodologia Sebrae com recorte anual e 4 portes (ano 2022)
98,L,L — Empresa de pequeno porte,classe,47555,"Comércio varejista especializado de tecidos e artigos de cama, mesa e banho",indisponivel,,,,,nao_atualizado,Não há na biblioteca nem na API endpoint de estabelecimentos por porte da RAIS/metodologia Sebrae com recorte anual e 4 portes (ano 2022)
98,M,M — Empresa de médio porte,classe,47555,"Comércio varejista especializado de tecidos e artigos de cama, mesa e banho",indisponivel,,,,,nao_atualizado,Não há na biblioteca nem na API endpoint de estabelecimentos por porte da RAIS/metodologia Sebrae com recorte anual e 4 portes (ano 2022)
98,N,N — Grande empresa,classe,47555,"Comércio varejista especializado de tecidos e artigos de cama, mesa e banho",indisponivel,,,,,nao_atualizado,Não há na biblioteca nem na API endpoint de estabelecimentos por porte da RAIS/metodologia Sebrae com recorte anual e 4 portes (ano 2022)
98,O,O — Quantidade de estabelecimentos por porte(RAIS completa) (Metodologia Sebrae) 2023 / Microempresa,classe,47555,"Comércio varejista especializado de tecidos e artigos de cama, mesa e banho",indisponivel,48064,48064,0.0,0.0,nao_atualizado,Não há na biblioteca nem na API endpoint de estabelecimentos por porte da RAIS/metodologia Sebrae com recorte anual e 4 portes (ano 2023)
98,P,P — Empresa de pequeno porte,classe,47555,"Comércio varejista especializado de tecidos e artigos de cama, mesa e banho",indisponivel,2361,2361,0.0,0.0,nao_atualizado,Não há na biblioteca nem na API endpoint de estabelecimentos por porte da RAIS/metodologia Sebrae com recorte anual e 4 portes (ano 2023)
98,Q,Q — Empresa de médio porte,classe,47555,"Comércio varejista especializado de tecidos e artigos de cama, mesa e banho",indisponivel,62,62,0.0,0.0,nao_atualizado,Não há na biblioteca nem na API endpoint de estabelecimentos por porte da RAIS/metodologia Sebrae com recorte anual e 4 portes (ano 2023)
98,R,R — Grande empresa,classe,47555,"Comércio varejista especializado de tecidos e artigos de cama, mesa e banho",indisponivel,15,15,0.0,0.0,nao_atualizado,Não há na biblioteca nem na API endpoint de estabelecimentos por porte da RAIS/metodologia Sebrae com recorte anual e 4 portes (ano 2023)
98,S,S — Quantidade de estabelecimentos por porte(RAIS) (Metodologia Sebrae) 2024 / Microempresa,classe,47555,"Comércio varejista especializado de tecidos e artigos de cama, mesa e banho",indisponivel,51494,51494,0.0,0.0,nao_atualizado,Não há na biblioteca nem na API endpoint de estabelecimentos por porte da RAIS/metodologia Sebrae com recorte anual e 4 portes (ano 2024)
98,T,T — Empresa de pequeno porte,classe,47555,"Comércio varejista especializado de tecidos e artigos de cama, mesa e banho",indisponivel,2362,2362,0.0,0.0,nao_atualizado,Não há na biblioteca nem na API endpoint de estabelecimentos por porte da RAIS/metodologia Sebrae com recorte anual e 4 portes (ano 2024)
98,U,U — Empresa de médio porte,classe,47555,"Comércio varejista especializado de tecidos e artigos de cama, mesa e banho",indisponivel,61,61,0.0,0.0,nao_atualizado,Não há na biblioteca nem na API endpoint de estabelecimentos por porte da RAIS/metodologia Sebrae com recorte anual e 4 portes (ano 2024)
98,V,V — Grande empresa,classe,47555,"Comércio varejista especializado de tecidos e artigos de cama, mesa e banho",indisponivel,17,17,0.0,0.0,nao_atualizado,Não há na biblioteca nem na API endpoint de estabelecimentos por porte da RAIS/metodologia Sebrae com recorte anual e 4 portes (ano 2024)
99,D,D — EMPREGOS / Estoque 2022,classe,47563,Comércio varejista especializado de instrumentos musicais e acessórios,indisponivel,4779,4779,0.0,0.0,nao_atualizado,API expõe estoque apenas nos níveis divisão (2 díg.) e grupo (3 díg.); não há endpoint de estoque no nível classe (5 díg.)
99,E,E — Estoque 2023,classe,47563,Comércio varejista especializado de instrumentos musicais e acessórios,indisponivel,4642,4642,0.0,0.0,nao_atualizado,API expõe estoque apenas nos níveis divisão (2 díg.) e grupo (3 díg.); não há endpoint de estoque no nível classe (5 díg.)
99,F,F — Estoque 2024,classe,47563,Comércio varejista especializado de instrumentos musicais e acessórios,indisponivel,4637,4637,0.0,0.0,nao_atualizado,API expõe estoque apenas nos níveis divisão (2 díg.) e grupo (3 díg.); não há endpoint de estoque no nível classe (5 díg.)
99,G,G — Estoque 2025,classe,47563,Comércio varejista especializado de instrumentos musicais e acessórios,formula_preservada,4538,4539,1.0,0.022,divergente,estoque projetado = coluna F + coluna J
99,H,H — Saldo / 2023 (jan-dez),classe,47563,Comércio varejista especializado de instrumentos musicais e acessórios,atualizado,-204,-204,0.0,0.0,identico,
99,I,I — 2024 (jan-dez),classe,47563,Comércio varejista especializado de instrumentos musicais e acessórios,atualizado,43,44,1.0,2.3256,divergente,
99,J,J — 2025 (jan-dez),classe,47563,Comércio varejista especializado de instrumentos musicais e acessórios,atualizado,-99,-98,1.0,1.0101,divergente,
99,K,K — Quantidade de estabelecimentos por porte(RAIS) (Metodologia Sebrae) 2022 / Microempresa,classe,47563,Comércio varejista especializado de instrumentos musicais e acessórios,indisponivel,,,,,nao_atualizado,Não há na biblioteca nem na API endpoint de estabelecimentos por porte da RAIS/metodologia Sebrae com recorte anual e 4 portes (ano 2022)
99,L,L — Empresa de pequeno porte,classe,47563,Comércio varejista especializado de instrumentos musicais e acessórios,indisponivel,,,,,nao_atualizado,Não há na biblioteca nem na API endpoint de estabelecimentos por porte da RAIS/metodologia Sebrae com recorte anual e 4 portes (ano 2022)
99,M,M — Empresa de médio porte,classe,47563,Comércio varejista especializado de instrumentos musicais e acessórios,indisponivel,,,,,nao_atualizado,Não há na biblioteca nem na API endpoint de estabelecimentos por porte da RAIS/metodologia Sebrae com recorte anual e 4 portes (ano 2022)
99,N,N — Grande empresa,classe,47563,Comércio varejista especializado de instrumentos musicais e acessórios,indisponivel,,,,,nao_atualizado,Não há na biblioteca nem na API endpoint de estabelecimentos por porte da RAIS/metodologia Sebrae com recorte anual e 4 portes (ano 2022)
99,O,O — Quantidade de estabelecimentos por porte(RAIS completa) (Metodologia Sebrae) 2023 / Microempresa,classe,47563,Comércio varejista especializado de instrumentos musicais e acessórios,indisponivel,3291,3291,0.0,0.0,nao_atualizado,Não há na biblioteca nem na API endpoint de estabelecimentos por porte da RAIS/metodologia Sebrae com recorte anual e 4 portes (ano 2023)
99,P,P — Empresa de pequeno porte,classe,47563,Comércio varejista especializado de instrumentos musicais e acessórios,indisponivel,68,68,0.0,0.0,nao_atualizado,Não há na biblioteca nem na API endpoint de estabelecimentos por porte da RAIS/metodologia Sebrae com recorte anual e 4 portes (ano 2023)
99,Q,Q — Empresa de médio porte,classe,47563,Comércio varejista especializado de instrumentos musicais e acessórios,indisponivel,null,null,,,nao_atualizado,Não há na biblioteca nem na API endpoint de estabelecimentos por porte da RAIS/metodologia Sebrae com recorte anual e 4 portes (ano 2023)
99,R,R — Grande empresa,classe,47563,Comércio varejista especializado de instrumentos musicais e acessórios,indisponivel,1,1,0.0,0.0,nao_atualizado,Não há na biblioteca nem na API endpoint de estabelecimentos por porte da RAIS/metodologia Sebrae com recorte anual e 4 portes (ano 2023)
99,S,S — Quantidade de estabelecimentos por porte(RAIS) (Metodologia Sebrae) 2024 / Microempresa,classe,47563,Comércio varejista especializado de instrumentos musicais e acessórios,indisponivel,3450,3450,0.0,0.0,nao_atualizado,Não há na biblioteca nem na API endpoint de estabelecimentos por porte da RAIS/metodologia Sebrae com recorte anual e 4 portes (ano 2024)
99,T,T — Empresa de pequeno porte,classe,47563,Comércio varejista especializado de instrumentos musicais e acessórios,indisponivel,70,70,0.0,0.0,nao_atualizado,Não há na biblioteca nem na API endpoint de estabelecimentos por porte da RAIS/metodologia Sebrae com recorte anual e 4 portes (ano 2024)
99,U,U — Empresa de médio porte,classe,47563,Comércio varejista especializado de instrumentos musicais e acessórios,indisponivel,null,null,,,nao_atualizado,Não há na biblioteca nem na API endpoint de estabelecimentos por porte da RAIS/metodologia Sebrae com recorte anual e 4 portes (ano 2024)
99,V,V — Grande empresa,classe,47563,Comércio varejista especializado de instrumentos musicais e acessórios,indisponivel,1,1,0.0,0.0,nao_atualizado,Não há na biblioteca nem na API endpoint de estabelecimentos por porte da RAIS/metodologia Sebrae com recorte anual e 4 portes (ano 2024)
100,D,D — EMPREGOS / Estoque 2022,classe,47571,"Comércio varejista especializado de peças e acessórios para aparelhos eletroeletrônicos para uso doméstico, exceto informática e comunicação",indisponivel,31737,31737,0.0,0.0,nao_atualizado,API expõe estoque apenas nos níveis divisão (2 díg.) e grupo (3 díg.); não há endpoint de estoque no nível classe (5 díg.)
100,E,E — Estoque 2023,classe,47571,"Comércio varejista especializado de peças e acessórios para aparelhos eletroeletrônicos para uso doméstico, exceto informática e comunicação",indisponivel,33030,33030,0.0,0.0,nao_atualizado,API expõe estoque apenas nos níveis divisão (2 díg.) e grupo (3 díg.); não há endpoint de estoque no nível classe (5 díg.)
100,F,F — Estoque 2024,classe,47571,"Comércio varejista especializado de peças e acessórios para aparelhos eletroeletrônicos para uso doméstico, exceto informática e comunicação",indisponivel,34474,34474,0.0,0.0,nao_atualizado,API expõe estoque apenas nos níveis divisão (2 díg.) e grupo (3 díg.); não há endpoint de estoque no nível classe (5 díg.)
100,G,G — Estoque 2025,classe,47571,"Comércio varejista especializado de peças e acessórios para aparelhos eletroeletrônicos para uso doméstico, exceto informática e comunicação",formula_preservada,35156,35157,1.0,0.0028,divergente,estoque projetado = coluna F + coluna J
100,H,H — Saldo / 2023 (jan-dez),classe,47571,"Comércio varejista especializado de peças e acessórios para aparelhos eletroeletrônicos para uso doméstico, exceto informática e comunicação",atualizado,1522,1521,-1.0,-0.0657,divergente,
100,I,I — 2024 (jan-dez),classe,47571,"Comércio varejista especializado de peças e acessórios para aparelhos eletroeletrônicos para uso doméstico, exceto informática e comunicação",atualizado,1688,1689,1.0,0.0592,divergente,
100,J,J — 2025 (jan-dez),classe,47571,"Comércio varejista especializado de peças e acessórios para aparelhos eletroeletrônicos para uso doméstico, exceto informática e comunicação",atualizado,682,683,1.0,0.1466,divergente,
100,K,K — Quantidade de estabelecimentos por porte(RAIS) (Metodologia Sebrae) 2022 / Microempresa,classe,47571,"Comércio varejista especializado de peças e acessórios para aparelhos eletroeletrônicos para uso doméstico, exceto informática e comunicação",indisponivel,,,,,nao_atualizado,Não há na biblioteca nem na API endpoint de estabelecimentos por porte da RAIS/metodologia Sebrae com recorte anual e 4 portes (ano 2022)
100,L,L — Empresa de pequeno porte,classe,47571,"Comércio varejista especializado de peças e acessórios para aparelhos eletroeletrônicos para uso doméstico, exceto informática e comunicação",indisponivel,,,,,nao_atualizado,Não há na biblioteca nem na API endpoint de estabelecimentos por porte da RAIS/metodologia Sebrae com recorte anual e 4 portes (ano 2022)
100,M,M — Empresa de médio porte,classe,47571,"Comércio varejista especializado de peças e acessórios para aparelhos eletroeletrônicos para uso doméstico, exceto informática e comunicação",indisponivel,,,,,nao_atualizado,Não há na biblioteca nem na API endpoint de estabelecimentos por porte da RAIS/metodologia Sebrae com recorte anual e 4 portes (ano 2022)
100,N,N — Grande empresa,classe,47571,"Comércio varejista especializado de peças e acessórios para aparelhos eletroeletrônicos para uso doméstico, exceto informática e comunicação",indisponivel,,,,,nao_atualizado,Não há na biblioteca nem na API endpoint de estabelecimentos por porte da RAIS/metodologia Sebrae com recorte anual e 4 portes (ano 2022)
100,O,O — Quantidade de estabelecimentos por porte(RAIS completa) (Metodologia Sebrae) 2023 / Microempresa,classe,47571,"Comércio varejista especializado de peças e acessórios para aparelhos eletroeletrônicos para uso doméstico, exceto informática e comunicação",indisponivel,17465,17465,0.0,0.0,nao_atualizado,Não há na biblioteca nem na API endpoint de estabelecimentos por porte da RAIS/metodologia Sebrae com recorte anual e 4 portes (ano 2023)
100,P,P — Empresa de pequeno porte,classe,47571,"Comércio varejista especializado de peças e acessórios para aparelhos eletroeletrônicos para uso doméstico, exceto informática e comunicação",indisponivel,608,608,0.0,0.0,nao_atualizado,Não há na biblioteca nem na API endpoint de estabelecimentos por porte da RAIS/metodologia Sebrae com recorte anual e 4 portes (ano 2023)
100,Q,Q — Empresa de médio porte,classe,47571,"Comércio varejista especializado de peças e acessórios para aparelhos eletroeletrônicos para uso doméstico, exceto informática e comunicação",indisponivel,29,29,0.0,0.0,nao_atualizado,Não há na biblioteca nem na API endpoint de estabelecimentos por porte da RAIS/metodologia Sebrae com recorte anual e 4 portes (ano 2023)
100,R,R — Grande empresa,classe,47571,"Comércio varejista especializado de peças e acessórios para aparelhos eletroeletrônicos para uso doméstico, exceto informática e comunicação",indisponivel,8,8,0.0,0.0,nao_atualizado,Não há na biblioteca nem na API endpoint de estabelecimentos por porte da RAIS/metodologia Sebrae com recorte anual e 4 portes (ano 2023)
100,S,S — Quantidade de estabelecimentos por porte(RAIS) (Metodologia Sebrae) 2024 / Microempresa,classe,47571,"Comércio varejista especializado de peças e acessórios para aparelhos eletroeletrônicos para uso doméstico, exceto informática e comunicação",indisponivel,19613,19613,0.0,0.0,nao_atualizado,Não há na biblioteca nem na API endpoint de estabelecimentos por porte da RAIS/metodologia Sebrae com recorte anual e 4 portes (ano 2024)
100,T,T — Empresa de pequeno porte,classe,47571,"Comércio varejista especializado de peças e acessórios para aparelhos eletroeletrônicos para uso doméstico, exceto informática e comunicação",indisponivel,633,633,0.0,0.0,nao_atualizado,Não há na biblioteca nem na API endpoint de estabelecimentos por porte da RAIS/metodologia Sebrae com recorte anual e 4 portes (ano 2024)
100,U,U — Empresa de médio porte,classe,47571,"Comércio varejista especializado de peças e acessórios para aparelhos eletroeletrônicos para uso doméstico, exceto informática e comunicação",indisponivel,28,28,0.0,0.0,nao_atualizado,Não há na biblioteca nem na API endpoint de estabelecimentos por porte da RAIS/metodologia Sebrae com recorte anual e 4 portes (ano 2024)
100,V,V — Grande empresa,classe,47571,"Comércio varejista especializado de peças e acessórios para aparelhos eletroeletrônicos para uso doméstico, exceto informática e comunicação",indisponivel,7,7,0.0,0.0,nao_atualizado,Não há na biblioteca nem na API endpoint de estabelecimentos por porte da RAIS/metodologia Sebrae com recorte anual e 4 portes (ano 2024)
101,D,D — EMPREGOS / Estoque 2022,classe,47598,Comércio varejista de artigos de uso doméstico não especificados anteriormente,indisponivel,91305,91305,0.0,0.0,nao_atualizado,API expõe estoque apenas nos níveis divisão (2 díg.) e grupo (3 díg.); não há endpoint de estoque no nível classe (5 díg.)
101,E,E — Estoque 2023,classe,47598,Comércio varejista de artigos de uso doméstico não especificados anteriormente,indisponivel,92710,92710,0.0,0.0,nao_atualizado,API expõe estoque apenas nos níveis divisão (2 díg.) e grupo (3 díg.); não há endpoint de estoque no nível classe (5 díg.)
101,F,F — Estoque 2024,classe,47598,Comércio varejista de artigos de uso doméstico não especificados anteriormente,indisponivel,94859,94859,0.0,0.0,nao_atualizado,API expõe estoque apenas nos níveis divisão (2 díg.) e grupo (3 díg.); não há endpoint de estoque no nível classe (5 díg.)
101,G,G — Estoque 2025,classe,47598,Comércio varejista de artigos de uso doméstico não especificados anteriormente,formula_preservada,97990,97978,-12.0,-0.0122,divergente,estoque projetado = coluna F + coluna J
101,H,H — Saldo / 2023 (jan-dez),classe,47598,Comércio varejista de artigos de uso doméstico não especificados anteriormente,atualizado,3287,3287,0.0,0.0,identico,
101,I,I — 2024 (jan-dez),classe,47598,Comércio varejista de artigos de uso doméstico não especificados anteriormente,atualizado,2871,2868,-3.0,-0.1045,divergente,
101,J,J — 2025 (jan-dez),classe,47598,Comércio varejista de artigos de uso doméstico não especificados anteriormente,atualizado,3131,3119,-12.0,-0.3833,divergente,
101,K,K — Quantidade de estabelecimentos por porte(RAIS) (Metodologia Sebrae) 2022 / Microempresa,classe,47598,Comércio varejista de artigos de uso doméstico não especificados anteriormente,indisponivel,,,,,nao_atualizado,Não há na biblioteca nem na API endpoint de estabelecimentos por porte da RAIS/metodologia Sebrae com recorte anual e 4 portes (ano 2022)
101,L,L — Empresa de pequeno porte,classe,47598,Comércio varejista de artigos de uso doméstico não especificados anteriormente,indisponivel,,,,,nao_atualizado,Não há na biblioteca nem na API endpoint de estabelecimentos por porte da RAIS/metodologia Sebrae com recorte anual e 4 portes (ano 2022)
101,M,M — Empresa de médio porte,classe,47598,Comércio varejista de artigos de uso doméstico não especificados anteriormente,indisponivel,,,,,nao_atualizado,Não há na biblioteca nem na API endpoint de estabelecimentos por porte da RAIS/metodologia Sebrae com recorte anual e 4 portes (ano 2022)
101,N,N — Grande empresa,classe,47598,Comércio varejista de artigos de uso doméstico não especificados anteriormente,indisponivel,,,,,nao_atualizado,Não há na biblioteca nem na API endpoint de estabelecimentos por porte da RAIS/metodologia Sebrae com recorte anual e 4 portes (ano 2022)
101,O,O — Quantidade de estabelecimentos por porte(RAIS completa) (Metodologia Sebrae) 2023 / Microempresa,classe,47598,Comércio varejista de artigos de uso doméstico não especificados anteriormente,indisponivel,34432,34432,0.0,0.0,nao_atualizado,Não há na biblioteca nem na API endpoint de estabelecimentos por porte da RAIS/metodologia Sebrae com recorte anual e 4 portes (ano 2023)
101,P,P — Empresa de pequeno porte,classe,47598,Comércio varejista de artigos de uso doméstico não especificados anteriormente,indisponivel,2159,2159,0.0,0.0,nao_atualizado,Não há na biblioteca nem na API endpoint de estabelecimentos por porte da RAIS/metodologia Sebrae com recorte anual e 4 portes (ano 2023)
101,Q,Q — Empresa de médio porte,classe,47598,Comércio varejista de artigos de uso doméstico não especificados anteriormente,indisponivel,75,75,0.0,0.0,nao_atualizado,Não há na biblioteca nem na API endpoint de estabelecimentos por porte da RAIS/metodologia Sebrae com recorte anual e 4 portes (ano 2023)
101,R,R — Grande empresa,classe,47598,Comércio varejista de artigos de uso doméstico não especificados anteriormente,indisponivel,22,22,0.0,0.0,nao_atualizado,Não há na biblioteca nem na API endpoint de estabelecimentos por porte da RAIS/metodologia Sebrae com recorte anual e 4 portes (ano 2023)
101,S,S — Quantidade de estabelecimentos por porte(RAIS) (Metodologia Sebrae) 2024 / Microempresa,classe,47598,Comércio varejista de artigos de uso doméstico não especificados anteriormente,indisponivel,37566,37566,0.0,0.0,nao_atualizado,Não há na biblioteca nem na API endpoint de estabelecimentos por porte da RAIS/metodologia Sebrae com recorte anual e 4 portes (ano 2024)
101,T,T — Empresa de pequeno porte,classe,47598,Comércio varejista de artigos de uso doméstico não especificados anteriormente,indisponivel,2163,2163,0.0,0.0,nao_atualizado,Não há na biblioteca nem na API endpoint de estabelecimentos por porte da RAIS/metodologia Sebrae com recorte anual e 4 portes (ano 2024)
101,U,U — Empresa de médio porte,classe,47598,Comércio varejista de artigos de uso doméstico não especificados anteriormente,indisponivel,87,87,0.0,0.0,nao_atualizado,Não há na biblioteca nem na API endpoint de estabelecimentos por porte da RAIS/metodologia Sebrae com recorte anual e 4 portes (ano 2024)
101,V,V — Grande empresa,classe,47598,Comércio varejista de artigos de uso doméstico não especificados anteriormente,indisponivel,21,21,0.0,0.0,nao_atualizado,Não há na biblioteca nem na API endpoint de estabelecimentos por porte da RAIS/metodologia Sebrae com recorte anual e 4 portes (ano 2024)
102,D,D — EMPREGOS / Estoque 2022,classe,47636,Comércio varejista de artigos recreativos e esportivos,indisponivel,86223,86223,0.0,0.0,nao_atualizado,API expõe estoque apenas nos níveis divisão (2 díg.) e grupo (3 díg.); não há endpoint de estoque no nível classe (5 díg.)
102,E,E — Estoque 2023,classe,47636,Comércio varejista de artigos recreativos e esportivos,indisponivel,85857,85857,0.0,0.0,nao_atualizado,API expõe estoque apenas nos níveis divisão (2 díg.) e grupo (3 díg.); não há endpoint de estoque no nível classe (5 díg.)
102,F,F — Estoque 2024,classe,47636,Comércio varejista de artigos recreativos e esportivos,indisponivel,87443,87443,0.0,0.0,nao_atualizado,API expõe estoque apenas nos níveis divisão (2 díg.) e grupo (3 díg.); não há endpoint de estoque no nível classe (5 díg.)
102,G,G — Estoque 2025,classe,47636,Comércio varejista de artigos recreativos e esportivos,formula_preservada,90786,90794,8.0,0.0088,divergente,estoque projetado = coluna F + coluna J
102,H,H — Saldo / 2023 (jan-dez),classe,47636,Comércio varejista de artigos recreativos e esportivos,atualizado,-945,-942,3.0,0.3175,divergente,
102,I,I — 2024 (jan-dez),classe,47636,Comércio varejista de artigos recreativos e esportivos,atualizado,2320,2323,3.0,0.1293,divergente,
102,J,J — 2025 (jan-dez),classe,47636,Comércio varejista de artigos recreativos e esportivos,atualizado,3343,3351,8.0,0.2393,divergente,
102,K,K — Quantidade de estabelecimentos por porte(RAIS) (Metodologia Sebrae) 2022 / Microempresa,classe,47636,Comércio varejista de artigos recreativos e esportivos,indisponivel,,,,,nao_atualizado,Não há na biblioteca nem na API endpoint de estabelecimentos por porte da RAIS/metodologia Sebrae com recorte anual e 4 portes (ano 2022)
102,L,L — Empresa de pequeno porte,classe,47636,Comércio varejista de artigos recreativos e esportivos,indisponivel,,,,,nao_atualizado,Não há na biblioteca nem na API endpoint de estabelecimentos por porte da RAIS/metodologia Sebrae com recorte anual e 4 portes (ano 2022)
102,M,M — Empresa de médio porte,classe,47636,Comércio varejista de artigos recreativos e esportivos,indisponivel,,,,,nao_atualizado,Não há na biblioteca nem na API endpoint de estabelecimentos por porte da RAIS/metodologia Sebrae com recorte anual e 4 portes (ano 2022)
102,N,N — Grande empresa,classe,47636,Comércio varejista de artigos recreativos e esportivos,indisponivel,,,,,nao_atualizado,Não há na biblioteca nem na API endpoint de estabelecimentos por porte da RAIS/metodologia Sebrae com recorte anual e 4 portes (ano 2022)
102,O,O — Quantidade de estabelecimentos por porte(RAIS completa) (Metodologia Sebrae) 2023 / Microempresa,classe,47636,Comércio varejista de artigos recreativos e esportivos,indisponivel,43595,43595,0.0,0.0,nao_atualizado,Não há na biblioteca nem na API endpoint de estabelecimentos por porte da RAIS/metodologia Sebrae com recorte anual e 4 portes (ano 2023)
102,P,P — Empresa de pequeno porte,classe,47636,Comércio varejista de artigos recreativos e esportivos,indisponivel,1815,1815,0.0,0.0,nao_atualizado,Não há na biblioteca nem na API endpoint de estabelecimentos por porte da RAIS/metodologia Sebrae com recorte anual e 4 portes (ano 2023)
102,Q,Q — Empresa de médio porte,classe,47636,Comércio varejista de artigos recreativos e esportivos,indisponivel,32,32,0.0,0.0,nao_atualizado,Não há na biblioteca nem na API endpoint de estabelecimentos por porte da RAIS/metodologia Sebrae com recorte anual e 4 portes (ano 2023)
102,R,R — Grande empresa,classe,47636,Comércio varejista de artigos recreativos e esportivos,indisponivel,12,12,0.0,0.0,nao_atualizado,Não há na biblioteca nem na API endpoint de estabelecimentos por porte da RAIS/metodologia Sebrae com recorte anual e 4 portes (ano 2023)
102,S,S — Quantidade de estabelecimentos por porte(RAIS) (Metodologia Sebrae) 2024 / Microempresa,classe,47636,Comércio varejista de artigos recreativos e esportivos,indisponivel,46998,46998,0.0,0.0,nao_atualizado,Não há na biblioteca nem na API endpoint de estabelecimentos por porte da RAIS/metodologia Sebrae com recorte anual e 4 portes (ano 2024)
102,T,T — Empresa de pequeno porte,classe,47636,Comércio varejista de artigos recreativos e esportivos,indisponivel,1851,1851,0.0,0.0,nao_atualizado,Não há na biblioteca nem na API endpoint de estabelecimentos por porte da RAIS/metodologia Sebrae com recorte anual e 4 portes (ano 2024)
102,U,U — Empresa de médio porte,classe,47636,Comércio varejista de artigos recreativos e esportivos,indisponivel,43,43,0.0,0.0,nao_atualizado,Não há na biblioteca nem na API endpoint de estabelecimentos por porte da RAIS/metodologia Sebrae com recorte anual e 4 portes (ano 2024)
102,V,V — Grande empresa,classe,47636,Comércio varejista de artigos recreativos e esportivos,indisponivel,13,13,0.0,0.0,nao_atualizado,Não há na biblioteca nem na API endpoint de estabelecimentos por porte da RAIS/metodologia Sebrae com recorte anual e 4 portes (ano 2024)
103,D,D — EMPREGOS / Estoque 2022,classe,47725,"Comércio varejista de cosméticos, produtos de perfumaria e de higiene pessoal",indisponivel,118099,118099,0.0,0.0,nao_atualizado,API expõe estoque apenas nos níveis divisão (2 díg.) e grupo (3 díg.); não há endpoint de estoque no nível classe (5 díg.)
103,E,E — Estoque 2023,classe,47725,"Comércio varejista de cosméticos, produtos de perfumaria e de higiene pessoal",indisponivel,125258,125258,0.0,0.0,nao_atualizado,API expõe estoque apenas nos níveis divisão (2 díg.) e grupo (3 díg.); não há endpoint de estoque no nível classe (5 díg.)
103,F,F — Estoque 2024,classe,47725,"Comércio varejista de cosméticos, produtos de perfumaria e de higiene pessoal",indisponivel,137246,137246,0.0,0.0,nao_atualizado,API expõe estoque apenas nos níveis divisão (2 díg.) e grupo (3 díg.); não há endpoint de estoque no nível classe (5 díg.)
103,G,G — Estoque 2025,classe,47725,"Comércio varejista de cosméticos, produtos de perfumaria e de higiene pessoal",formula_preservada,145764,145781,17.0,0.0117,divergente,estoque projetado = coluna F + coluna J
103,H,H — Saldo / 2023 (jan-dez),classe,47725,"Comércio varejista de cosméticos, produtos de perfumaria e de higiene pessoal",atualizado,7597,7595,-2.0,-0.0263,divergente,
103,I,I — 2024 (jan-dez),classe,47725,"Comércio varejista de cosméticos, produtos de perfumaria e de higiene pessoal",atualizado,11746,11748,2.0,0.017,divergente,
103,J,J — 2025 (jan-dez),classe,47725,"Comércio varejista de cosméticos, produtos de perfumaria e de higiene pessoal",atualizado,8518,8535,17.0,0.1996,divergente,
103,K,K — Quantidade de estabelecimentos por porte(RAIS) (Metodologia Sebrae) 2022 / Microempresa,classe,47725,"Comércio varejista de cosméticos, produtos de perfumaria e de higiene pessoal",indisponivel,,,,,nao_atualizado,Não há na biblioteca nem na API endpoint de estabelecimentos por porte da RAIS/metodologia Sebrae com recorte anual e 4 portes (ano 2022)
103,L,L — Empresa de pequeno porte,classe,47725,"Comércio varejista de cosméticos, produtos de perfumaria e de higiene pessoal",indisponivel,,,,,nao_atualizado,Não há na biblioteca nem na API endpoint de estabelecimentos por porte da RAIS/metodologia Sebrae com recorte anual e 4 portes (ano 2022)
103,M,M — Empresa de médio porte,classe,47725,"Comércio varejista de cosméticos, produtos de perfumaria e de higiene pessoal",indisponivel,,,,,nao_atualizado,Não há na biblioteca nem na API endpoint de estabelecimentos por porte da RAIS/metodologia Sebrae com recorte anual e 4 portes (ano 2022)
103,N,N — Grande empresa,classe,47725,"Comércio varejista de cosméticos, produtos de perfumaria e de higiene pessoal",indisponivel,,,,,nao_atualizado,Não há na biblioteca nem na API endpoint de estabelecimentos por porte da RAIS/metodologia Sebrae com recorte anual e 4 portes (ano 2022)
103,O,O — Quantidade de estabelecimentos por porte(RAIS completa) (Metodologia Sebrae) 2023 / Microempresa,classe,47725,"Comércio varejista de cosméticos, produtos de perfumaria e de higiene pessoal",indisponivel,55042,55042,0.0,0.0,nao_atualizado,Não há na biblioteca nem na API endpoint de estabelecimentos por porte da RAIS/metodologia Sebrae com recorte anual e 4 portes (ano 2023)
103,P,P — Empresa de pequeno porte,classe,47725,"Comércio varejista de cosméticos, produtos de perfumaria e de higiene pessoal",indisponivel,2558,2558,0.0,0.0,nao_atualizado,Não há na biblioteca nem na API endpoint de estabelecimentos por porte da RAIS/metodologia Sebrae com recorte anual e 4 portes (ano 2023)
103,Q,Q — Empresa de médio porte,classe,47725,"Comércio varejista de cosméticos, produtos de perfumaria e de higiene pessoal",indisponivel,76,76,0.0,0.0,nao_atualizado,Não há na biblioteca nem na API endpoint de estabelecimentos por porte da RAIS/metodologia Sebrae com recorte anual e 4 portes (ano 2023)
103,R,R — Grande empresa,classe,47725,"Comércio varejista de cosméticos, produtos de perfumaria e de higiene pessoal",indisponivel,23,23,0.0,0.0,nao_atualizado,Não há na biblioteca nem na API endpoint de estabelecimentos por porte da RAIS/metodologia Sebrae com recorte anual e 4 portes (ano 2023)
103,S,S — Quantidade de estabelecimentos por porte(RAIS) (Metodologia Sebrae) 2024 / Microempresa,classe,47725,"Comércio varejista de cosméticos, produtos de perfumaria e de higiene pessoal",indisponivel,60844,60844,0.0,0.0,nao_atualizado,Não há na biblioteca nem na API endpoint de estabelecimentos por porte da RAIS/metodologia Sebrae com recorte anual e 4 portes (ano 2024)
103,T,T — Empresa de pequeno porte,classe,47725,"Comércio varejista de cosméticos, produtos de perfumaria e de higiene pessoal",indisponivel,2809,2809,0.0,0.0,nao_atualizado,Não há na biblioteca nem na API endpoint de estabelecimentos por porte da RAIS/metodologia Sebrae com recorte anual e 4 portes (ano 2024)
103,U,U — Empresa de médio porte,classe,47725,"Comércio varejista de cosméticos, produtos de perfumaria e de higiene pessoal",indisponivel,96,96,0.0,0.0,nao_atualizado,Não há na biblioteca nem na API endpoint de estabelecimentos por porte da RAIS/metodologia Sebrae com recorte anual e 4 portes (ano 2024)
103,V,V — Grande empresa,classe,47725,"Comércio varejista de cosméticos, produtos de perfumaria e de higiene pessoal",indisponivel,34,34,0.0,0.0,nao_atualizado,Não há na biblioteca nem na API endpoint de estabelecimentos por porte da RAIS/metodologia Sebrae com recorte anual e 4 portes (ano 2024)
104,D,D — EMPREGOS / Estoque 2022,classe,47733,Comércio varejista de artigos médicos e ortopédicos,indisponivel,20398,20398,0.0,0.0,nao_atualizado,API expõe estoque apenas nos níveis divisão (2 díg.) e grupo (3 díg.); não há endpoint de estoque no nível classe (5 díg.)
104,E,E — Estoque 2023,classe,47733,Comércio varejista de artigos médicos e ortopédicos,indisponivel,20263,20263,0.0,0.0,nao_atualizado,API expõe estoque apenas nos níveis divisão (2 díg.) e grupo (3 díg.); não há endpoint de estoque no nível classe (5 díg.)
104,F,F — Estoque 2024,classe,47733,Comércio varejista de artigos médicos e ortopédicos,indisponivel,20321,20321,0.0,0.0,nao_atualizado,API expõe estoque apenas nos níveis divisão (2 díg.) e grupo (3 díg.); não há endpoint de estoque no nível classe (5 díg.)
104,G,G — Estoque 2025,classe,47733,Comércio varejista de artigos médicos e ortopédicos,formula_preservada,20287,20288,1.0,0.0049,divergente,estoque projetado = coluna F + coluna J
104,H,H — Saldo / 2023 (jan-dez),classe,47733,Comércio varejista de artigos médicos e ortopédicos,atualizado,334,334,0.0,0.0,identico,
104,I,I — 2024 (jan-dez),classe,47733,Comércio varejista de artigos médicos e ortopédicos,atualizado,351,352,1.0,0.2849,divergente,
104,J,J — 2025 (jan-dez),classe,47733,Comércio varejista de artigos médicos e ortopédicos,atualizado,-34,-33,1.0,2.9412,divergente,
104,K,K — Quantidade de estabelecimentos por porte(RAIS) (Metodologia Sebrae) 2022 / Microempresa,classe,47733,Comércio varejista de artigos médicos e ortopédicos,indisponivel,,,,,nao_atualizado,Não há na biblioteca nem na API endpoint de estabelecimentos por porte da RAIS/metodologia Sebrae com recorte anual e 4 portes (ano 2022)
104,L,L — Empresa de pequeno porte,classe,47733,Comércio varejista de artigos médicos e ortopédicos,indisponivel,,,,,nao_atualizado,Não há na biblioteca nem na API endpoint de estabelecimentos por porte da RAIS/metodologia Sebrae com recorte anual e 4 portes (ano 2022)
104,M,M — Empresa de médio porte,classe,47733,Comércio varejista de artigos médicos e ortopédicos,indisponivel,,,,,nao_atualizado,Não há na biblioteca nem na API endpoint de estabelecimentos por porte da RAIS/metodologia Sebrae com recorte anual e 4 portes (ano 2022)
104,N,N — Grande empresa,classe,47733,Comércio varejista de artigos médicos e ortopédicos,indisponivel,,,,,nao_atualizado,Não há na biblioteca nem na API endpoint de estabelecimentos por porte da RAIS/metodologia Sebrae com recorte anual e 4 portes (ano 2022)
104,O,O — Quantidade de estabelecimentos por porte(RAIS completa) (Metodologia Sebrae) 2023 / Microempresa,classe,47733,Comércio varejista de artigos médicos e ortopédicos,indisponivel,10904,10904,0.0,0.0,nao_atualizado,Não há na biblioteca nem na API endpoint de estabelecimentos por porte da RAIS/metodologia Sebrae com recorte anual e 4 portes (ano 2023)
104,P,P — Empresa de pequeno porte,classe,47733,Comércio varejista de artigos médicos e ortopédicos,indisponivel,352,352,0.0,0.0,nao_atualizado,Não há na biblioteca nem na API endpoint de estabelecimentos por porte da RAIS/metodologia Sebrae com recorte anual e 4 portes (ano 2023)
104,Q,Q — Empresa de médio porte,classe,47733,Comércio varejista de artigos médicos e ortopédicos,indisponivel,16,16,0.0,0.0,nao_atualizado,Não há na biblioteca nem na API endpoint de estabelecimentos por porte da RAIS/metodologia Sebrae com recorte anual e 4 portes (ano 2023)
104,R,R — Grande empresa,classe,47733,Comércio varejista de artigos médicos e ortopédicos,indisponivel,2,2,0.0,0.0,nao_atualizado,Não há na biblioteca nem na API endpoint de estabelecimentos por porte da RAIS/metodologia Sebrae com recorte anual e 4 portes (ano 2023)
104,S,S — Quantidade de estabelecimentos por porte(RAIS) (Metodologia Sebrae) 2024 / Microempresa,classe,47733,Comércio varejista de artigos médicos e ortopédicos,indisponivel,11555,11555,0.0,0.0,nao_atualizado,Não há na biblioteca nem na API endpoint de estabelecimentos por porte da RAIS/metodologia Sebrae com recorte anual e 4 portes (ano 2024)
104,T,T — Empresa de pequeno porte,classe,47733,Comércio varejista de artigos médicos e ortopédicos,indisponivel,359,359,0.0,0.0,nao_atualizado,Não há na biblioteca nem na API endpoint de estabelecimentos por porte da RAIS/metodologia Sebrae com recorte anual e 4 portes (ano 2024)
104,U,U — Empresa de médio porte,classe,47733,Comércio varejista de artigos médicos e ortopédicos,indisponivel,16,16,0.0,0.0,nao_atualizado,Não há na biblioteca nem na API endpoint de estabelecimentos por porte da RAIS/metodologia Sebrae com recorte anual e 4 portes (ano 2024)
104,V,V — Grande empresa,classe,47733,Comércio varejista de artigos médicos e ortopédicos,indisponivel,3,3,0.0,0.0,nao_atualizado,Não há na biblioteca nem na API endpoint de estabelecimentos por porte da RAIS/metodologia Sebrae com recorte anual e 4 portes (ano 2024)
105,D,D — EMPREGOS / Estoque 2022,classe,47741,Comércio varejista de artigos de óptica,indisponivel,90140,90140,0.0,0.0,nao_atualizado,API expõe estoque apenas nos níveis divisão (2 díg.) e grupo (3 díg.); não há endpoint de estoque no nível classe (5 díg.)
105,E,E — Estoque 2023,classe,47741,Comércio varejista de artigos de óptica,indisponivel,91832,91832,0.0,0.0,nao_atualizado,API expõe estoque apenas nos níveis divisão (2 díg.) e grupo (3 díg.); não há endpoint de estoque no nível classe (5 díg.)
105,F,F — Estoque 2024,classe,47741,Comércio varejista de artigos de óptica,indisponivel,94167,94167,0.0,0.0,nao_atualizado,API expõe estoque apenas nos níveis divisão (2 díg.) e grupo (3 díg.); não há endpoint de estoque no nível classe (5 díg.)
105,G,G — Estoque 2025,classe,47741,Comércio varejista de artigos de óptica,formula_preservada,95135,95117,-18.0,-0.0189,divergente,estoque projetado = coluna F + coluna J
105,H,H — Saldo / 2023 (jan-dez),classe,47741,Comércio varejista de artigos de óptica,atualizado,2127,2126,-1.0,-0.047,divergente,
105,I,I — 2024 (jan-dez),classe,47741,Comércio varejista de artigos de óptica,atualizado,2244,2244,0.0,0.0,identico,
105,J,J — 2025 (jan-dez),classe,47741,Comércio varejista de artigos de óptica,atualizado,968,950,-18.0,-1.8595,divergente,
105,K,K — Quantidade de estabelecimentos por porte(RAIS) (Metodologia Sebrae) 2022 / Microempresa,classe,47741,Comércio varejista de artigos de óptica,indisponivel,,,,,nao_atualizado,Não há na biblioteca nem na API endpoint de estabelecimentos por porte da RAIS/metodologia Sebrae com recorte anual e 4 portes (ano 2022)
105,L,L — Empresa de pequeno porte,classe,47741,Comércio varejista de artigos de óptica,indisponivel,,,,,nao_atualizado,Não há na biblioteca nem na API endpoint de estabelecimentos por porte da RAIS/metodologia Sebrae com recorte anual e 4 portes (ano 2022)
105,M,M — Empresa de médio porte,classe,47741,Comércio varejista de artigos de óptica,indisponivel,,,,,nao_atualizado,Não há na biblioteca nem na API endpoint de estabelecimentos por porte da RAIS/metodologia Sebrae com recorte anual e 4 portes (ano 2022)
105,N,N — Grande empresa,classe,47741,Comércio varejista de artigos de óptica,indisponivel,,,,,nao_atualizado,Não há na biblioteca nem na API endpoint de estabelecimentos por porte da RAIS/metodologia Sebrae com recorte anual e 4 portes (ano 2022)
105,O,O — Quantidade de estabelecimentos por porte(RAIS completa) (Metodologia Sebrae) 2023 / Microempresa,classe,47741,Comércio varejista de artigos de óptica,indisponivel,44339,44339,0.0,0.0,nao_atualizado,Não há na biblioteca nem na API endpoint de estabelecimentos por porte da RAIS/metodologia Sebrae com recorte anual e 4 portes (ano 2023)
105,P,P — Empresa de pequeno porte,classe,47741,Comércio varejista de artigos de óptica,indisponivel,1021,1021,0.0,0.0,nao_atualizado,Não há na biblioteca nem na API endpoint de estabelecimentos por porte da RAIS/metodologia Sebrae com recorte anual e 4 portes (ano 2023)
105,Q,Q — Empresa de médio porte,classe,47741,Comércio varejista de artigos de óptica,indisponivel,15,15,0.0,0.0,nao_atualizado,Não há na biblioteca nem na API endpoint de estabelecimentos por porte da RAIS/metodologia Sebrae com recorte anual e 4 portes (ano 2023)
105,R,R — Grande empresa,classe,47741,Comércio varejista de artigos de óptica,indisponivel,2,2,0.0,0.0,nao_atualizado,Não há na biblioteca nem na API endpoint de estabelecimentos por porte da RAIS/metodologia Sebrae com recorte anual e 4 portes (ano 2023)
105,S,S — Quantidade de estabelecimentos por porte(RAIS) (Metodologia Sebrae) 2024 / Microempresa,classe,47741,Comércio varejista de artigos de óptica,indisponivel,47431,47431,0.0,0.0,nao_atualizado,Não há na biblioteca nem na API endpoint de estabelecimentos por porte da RAIS/metodologia Sebrae com recorte anual e 4 portes (ano 2024)
105,T,T — Empresa de pequeno porte,classe,47741,Comércio varejista de artigos de óptica,indisponivel,1063,1063,0.0,0.0,nao_atualizado,Não há na biblioteca nem na API endpoint de estabelecimentos por porte da RAIS/metodologia Sebrae com recorte anual e 4 portes (ano 2024)
105,U,U — Empresa de médio porte,classe,47741,Comércio varejista de artigos de óptica,indisponivel,15,15,0.0,0.0,nao_atualizado,Não há na biblioteca nem na API endpoint de estabelecimentos por porte da RAIS/metodologia Sebrae com recorte anual e 4 portes (ano 2024)
105,V,V — Grande empresa,classe,47741,Comércio varejista de artigos de óptica,indisponivel,null,null,,,nao_atualizado,Não há na biblioteca nem na API endpoint de estabelecimentos por porte da RAIS/metodologia Sebrae com recorte anual e 4 portes (ano 2024)
106,D,D — EMPREGOS / Estoque 2022,classe,47814,Comércio varejista de artigos do vestuário e acessórios,indisponivel,631858,631858,0.0,0.0,nao_atualizado,API expõe estoque apenas nos níveis divisão (2 díg.) e grupo (3 díg.); não há endpoint de estoque no nível classe (5 díg.)
106,E,E — Estoque 2023,classe,47814,Comércio varejista de artigos do vestuário e acessórios,indisponivel,634499,634499,0.0,0.0,nao_atualizado,API expõe estoque apenas nos níveis divisão (2 díg.) e grupo (3 díg.); não há endpoint de estoque no nível classe (5 díg.)
106,F,F — Estoque 2024,classe,47814,Comércio varejista de artigos do vestuário e acessórios,indisponivel,638992,638992,0.0,0.0,nao_atualizado,API expõe estoque apenas nos níveis divisão (2 díg.) e grupo (3 díg.); não há endpoint de estoque no nível classe (5 díg.)
106,G,G — Estoque 2025,classe,47814,Comércio varejista de artigos do vestuário e acessórios,formula_preservada,638330,638343,13.0,0.002,divergente,estoque projetado = coluna F + coluna J
106,H,H — Saldo / 2023 (jan-dez),classe,47814,Comércio varejista de artigos do vestuário e acessórios,atualizado,2339,2343,4.0,0.171,divergente,
106,I,I — 2024 (jan-dez),classe,47814,Comércio varejista de artigos do vestuário e acessórios,atualizado,6689,6703,14.0,0.2093,divergente,
106,J,J — 2025 (jan-dez),classe,47814,Comércio varejista de artigos do vestuário e acessórios,atualizado,-662,-649,13.0,1.9637,divergente,
106,K,K — Quantidade de estabelecimentos por porte(RAIS) (Metodologia Sebrae) 2022 / Microempresa,classe,47814,Comércio varejista de artigos do vestuário e acessórios,indisponivel,,,,,nao_atualizado,Não há na biblioteca nem na API endpoint de estabelecimentos por porte da RAIS/metodologia Sebrae com recorte anual e 4 portes (ano 2022)
106,L,L — Empresa de pequeno porte,classe,47814,Comércio varejista de artigos do vestuário e acessórios,indisponivel,,,,,nao_atualizado,Não há na biblioteca nem na API endpoint de estabelecimentos por porte da RAIS/metodologia Sebrae com recorte anual e 4 portes (ano 2022)
106,M,M — Empresa de médio porte,classe,47814,Comércio varejista de artigos do vestuário e acessórios,indisponivel,,,,,nao_atualizado,Não há na biblioteca nem na API endpoint de estabelecimentos por porte da RAIS/metodologia Sebrae com recorte anual e 4 portes (ano 2022)
106,N,N — Grande empresa,classe,47814,Comércio varejista de artigos do vestuário e acessórios,indisponivel,,,,,nao_atualizado,Não há na biblioteca nem na API endpoint de estabelecimentos por porte da RAIS/metodologia Sebrae com recorte anual e 4 portes (ano 2022)
106,O,O — Quantidade de estabelecimentos por porte(RAIS completa) (Metodologia Sebrae) 2023 / Microempresa,classe,47814,Comércio varejista de artigos do vestuário e acessórios,indisponivel,284723,284723,0.0,0.0,nao_atualizado,Não há na biblioteca nem na API endpoint de estabelecimentos por porte da RAIS/metodologia Sebrae com recorte anual e 4 portes (ano 2023)
106,P,P — Empresa de pequeno porte,classe,47814,Comércio varejista de artigos do vestuário e acessórios,indisponivel,11994,11994,0.0,0.0,nao_atualizado,Não há na biblioteca nem na API endpoint de estabelecimentos por porte da RAIS/metodologia Sebrae com recorte anual e 4 portes (ano 2023)
106,Q,Q — Empresa de médio porte,classe,47814,Comércio varejista de artigos do vestuário e acessórios,indisponivel,501,501,0.0,0.0,nao_atualizado,Não há na biblioteca nem na API endpoint de estabelecimentos por porte da RAIS/metodologia Sebrae com recorte anual e 4 portes (ano 2023)
106,R,R — Grande empresa,classe,47814,Comércio varejista de artigos do vestuário e acessórios,indisponivel,97,97,0.0,0.0,nao_atualizado,Não há na biblioteca nem na API endpoint de estabelecimentos por porte da RAIS/metodologia Sebrae com recorte anual e 4 portes (ano 2023)
106,S,S — Quantidade de estabelecimentos por porte(RAIS) (Metodologia Sebrae) 2024 / Microempresa,classe,47814,Comércio varejista de artigos do vestuário e acessórios,indisponivel,305667,305667,0.0,0.0,nao_atualizado,Não há na biblioteca nem na API endpoint de estabelecimentos por porte da RAIS/metodologia Sebrae com recorte anual e 4 portes (ano 2024)
106,T,T — Empresa de pequeno porte,classe,47814,Comércio varejista de artigos do vestuário e acessórios,indisponivel,12082,12082,0.0,0.0,nao_atualizado,Não há na biblioteca nem na API endpoint de estabelecimentos por porte da RAIS/metodologia Sebrae com recorte anual e 4 portes (ano 2024)
106,U,U — Empresa de médio porte,classe,47814,Comércio varejista de artigos do vestuário e acessórios,indisponivel,498,498,0.0,0.0,nao_atualizado,Não há na biblioteca nem na API endpoint de estabelecimentos por porte da RAIS/metodologia Sebrae com recorte anual e 4 portes (ano 2024)
106,V,V — Grande empresa,classe,47814,Comércio varejista de artigos do vestuário e acessórios,indisponivel,103,103,0.0,0.0,nao_atualizado,Não há na biblioteca nem na API endpoint de estabelecimentos por porte da RAIS/metodologia Sebrae com recorte anual e 4 portes (ano 2024)
107,D,D — EMPREGOS / Estoque 2022,classe,47822,Comércio varejista de calçados e artigos de viagem,indisponivel,178800,178800,0.0,0.0,nao_atualizado,API expõe estoque apenas nos níveis divisão (2 díg.) e grupo (3 díg.); não há endpoint de estoque no nível classe (5 díg.)
107,E,E — Estoque 2023,classe,47822,Comércio varejista de calçados e artigos de viagem,indisponivel,174881,174881,0.0,0.0,nao_atualizado,API expõe estoque apenas nos níveis divisão (2 díg.) e grupo (3 díg.); não há endpoint de estoque no nível classe (5 díg.)
107,F,F — Estoque 2024,classe,47822,Comércio varejista de calçados e artigos de viagem,indisponivel,174481,174481,0.0,0.0,nao_atualizado,API expõe estoque apenas nos níveis divisão (2 díg.) e grupo (3 díg.); não há endpoint de estoque no nível classe (5 díg.)
107,G,G — Estoque 2025,classe,47822,Comércio varejista de calçados e artigos de viagem,formula_preservada,171725,171716,-9.0,-0.0052,divergente,estoque projetado = coluna F + coluna J
107,H,H — Saldo / 2023 (jan-dez),classe,47822,Comércio varejista de calçados e artigos de viagem,atualizado,-263,-263,0.0,0.0,identico,
107,I,I — 2024 (jan-dez),classe,47822,Comércio varejista de calçados e artigos de viagem,atualizado,1578,1580,2.0,0.1267,divergente,
107,J,J — 2025 (jan-dez),classe,47822,Comércio varejista de calçados e artigos de viagem,atualizado,-2756,-2765,-9.0,-0.3266,divergente,
107,K,K — Quantidade de estabelecimentos por porte(RAIS) (Metodologia Sebrae) 2022 / Microempresa,classe,47822,Comércio varejista de calçados e artigos de viagem,indisponivel,,,,,nao_atualizado,Não há na biblioteca nem na API endpoint de estabelecimentos por porte da RAIS/metodologia Sebrae com recorte anual e 4 portes (ano 2022)
107,L,L — Empresa de pequeno porte,classe,47822,Comércio varejista de calçados e artigos de viagem,indisponivel,,,,,nao_atualizado,Não há na biblioteca nem na API endpoint de estabelecimentos por porte da RAIS/metodologia Sebrae com recorte anual e 4 portes (ano 2022)
107,M,M — Empresa de médio porte,classe,47822,Comércio varejista de calçados e artigos de viagem,indisponivel,,,,,nao_atualizado,Não há na biblioteca nem na API endpoint de estabelecimentos por porte da RAIS/metodologia Sebrae com recorte anual e 4 portes (ano 2022)
107,N,N — Grande empresa,classe,47822,Comércio varejista de calçados e artigos de viagem,indisponivel,,,,,nao_atualizado,Não há na biblioteca nem na API endpoint de estabelecimentos por porte da RAIS/metodologia Sebrae com recorte anual e 4 portes (ano 2022)
107,O,O — Quantidade de estabelecimentos por porte(RAIS completa) (Metodologia Sebrae) 2023 / Microempresa,classe,47822,Comércio varejista de calçados e artigos de viagem,indisponivel,46348,46348,0.0,0.0,nao_atualizado,Não há na biblioteca nem na API endpoint de estabelecimentos por porte da RAIS/metodologia Sebrae com recorte anual e 4 portes (ano 2023)
107,P,P — Empresa de pequeno porte,classe,47822,Comércio varejista de calçados e artigos de viagem,indisponivel,4813,4813,0.0,0.0,nao_atualizado,Não há na biblioteca nem na API endpoint de estabelecimentos por porte da RAIS/metodologia Sebrae com recorte anual e 4 portes (ano 2023)
107,Q,Q — Empresa de médio porte,classe,47822,Comércio varejista de calçados e artigos de viagem,indisponivel,89,89,0.0,0.0,nao_atualizado,Não há na biblioteca nem na API endpoint de estabelecimentos por porte da RAIS/metodologia Sebrae com recorte anual e 4 portes (ano 2023)
107,R,R — Grande empresa,classe,47822,Comércio varejista de calçados e artigos de viagem,indisponivel,8,8,0.0,0.0,nao_atualizado,Não há na biblioteca nem na API endpoint de estabelecimentos por porte da RAIS/metodologia Sebrae com recorte anual e 4 portes (ano 2023)
107,S,S — Quantidade de estabelecimentos por porte(RAIS) (Metodologia Sebrae) 2024 / Microempresa,classe,47822,Comércio varejista de calçados e artigos de viagem,indisponivel,49554,49554,0.0,0.0,nao_atualizado,Não há na biblioteca nem na API endpoint de estabelecimentos por porte da RAIS/metodologia Sebrae com recorte anual e 4 portes (ano 2024)
107,T,T — Empresa de pequeno porte,classe,47822,Comércio varejista de calçados e artigos de viagem,indisponivel,4795,4795,0.0,0.0,nao_atualizado,Não há na biblioteca nem na API endpoint de estabelecimentos por porte da RAIS/metodologia Sebrae com recorte anual e 4 portes (ano 2024)
107,U,U — Empresa de médio porte,classe,47822,Comércio varejista de calçados e artigos de viagem,indisponivel,85,85,0.0,0.0,nao_atualizado,Não há na biblioteca nem na API endpoint de estabelecimentos por porte da RAIS/metodologia Sebrae com recorte anual e 4 portes (ano 2024)
107,V,V — Grande empresa,classe,47822,Comércio varejista de calçados e artigos de viagem,indisponivel,5,5,0.0,0.0,nao_atualizado,Não há na biblioteca nem na API endpoint de estabelecimentos por porte da RAIS/metodologia Sebrae com recorte anual e 4 portes (ano 2024)
108,D,D — EMPREGOS / Estoque 2022,classe,47831,Comércio varejista de jóias e relógios,indisponivel,39075,39075,0.0,0.0,nao_atualizado,API expõe estoque apenas nos níveis divisão (2 díg.) e grupo (3 díg.); não há endpoint de estoque no nível classe (5 díg.)
108,E,E — Estoque 2023,classe,47831,Comércio varejista de jóias e relógios,indisponivel,40093,40093,0.0,0.0,nao_atualizado,API expõe estoque apenas nos níveis divisão (2 díg.) e grupo (3 díg.); não há endpoint de estoque no nível classe (5 díg.)
108,F,F — Estoque 2024,classe,47831,Comércio varejista de jóias e relógios,indisponivel,42011,42011,0.0,0.0,nao_atualizado,API expõe estoque apenas nos níveis divisão (2 díg.) e grupo (3 díg.); não há endpoint de estoque no nível classe (5 díg.)
108,G,G — Estoque 2025,classe,47831,Comércio varejista de jóias e relógios,formula_preservada,42551,42573,22.0,0.0517,divergente,estoque projetado = coluna F + coluna J
108,H,H — Saldo / 2023 (jan-dez),classe,47831,Comércio varejista de jóias e relógios,atualizado,986,986,0.0,0.0,identico,
108,I,I — 2024 (jan-dez),classe,47831,Comércio varejista de jóias e relógios,atualizado,2152,2152,0.0,0.0,identico,
108,J,J — 2025 (jan-dez),classe,47831,Comércio varejista de jóias e relógios,atualizado,540,562,22.0,4.0741,divergente,
108,K,K — Quantidade de estabelecimentos por porte(RAIS) (Metodologia Sebrae) 2022 / Microempresa,classe,47831,Comércio varejista de jóias e relógios,indisponivel,,,,,nao_atualizado,Não há na biblioteca nem na API endpoint de estabelecimentos por porte da RAIS/metodologia Sebrae com recorte anual e 4 portes (ano 2022)
108,L,L — Empresa de pequeno porte,classe,47831,Comércio varejista de jóias e relógios,indisponivel,,,,,nao_atualizado,Não há na biblioteca nem na API endpoint de estabelecimentos por porte da RAIS/metodologia Sebrae com recorte anual e 4 portes (ano 2022)
108,M,M — Empresa de médio porte,classe,47831,Comércio varejista de jóias e relógios,indisponivel,,,,,nao_atualizado,Não há na biblioteca nem na API endpoint de estabelecimentos por porte da RAIS/metodologia Sebrae com recorte anual e 4 portes (ano 2022)
108,N,N — Grande empresa,classe,47831,Comércio varejista de jóias e relógios,indisponivel,,,,,nao_atualizado,Não há na biblioteca nem na API endpoint de estabelecimentos por porte da RAIS/metodologia Sebrae com recorte anual e 4 portes (ano 2022)
108,O,O — Quantidade de estabelecimentos por porte(RAIS completa) (Metodologia Sebrae) 2023 / Microempresa,classe,47831,Comércio varejista de jóias e relógios,indisponivel,19719,19719,0.0,0.0,nao_atualizado,Não há na biblioteca nem na API endpoint de estabelecimentos por porte da RAIS/metodologia Sebrae com recorte anual e 4 portes (ano 2023)
108,P,P — Empresa de pequeno porte,classe,47831,Comércio varejista de jóias e relógios,indisponivel,704,704,0.0,0.0,nao_atualizado,Não há na biblioteca nem na API endpoint de estabelecimentos por porte da RAIS/metodologia Sebrae com recorte anual e 4 portes (ano 2023)
108,Q,Q — Empresa de médio porte,classe,47831,Comércio varejista de jóias e relógios,indisponivel,7,7,0.0,0.0,nao_atualizado,Não há na biblioteca nem na API endpoint de estabelecimentos por porte da RAIS/metodologia Sebrae com recorte anual e 4 portes (ano 2023)
108,R,R — Grande empresa,classe,47831,Comércio varejista de jóias e relógios,indisponivel,3,3,0.0,0.0,nao_atualizado,Não há na biblioteca nem na API endpoint de estabelecimentos por porte da RAIS/metodologia Sebrae com recorte anual e 4 portes (ano 2023)
108,S,S — Quantidade de estabelecimentos por porte(RAIS) (Metodologia Sebrae) 2024 / Microempresa,classe,47831,Comércio varejista de jóias e relógios,indisponivel,21546,21546,0.0,0.0,nao_atualizado,Não há na biblioteca nem na API endpoint de estabelecimentos por porte da RAIS/metodologia Sebrae com recorte anual e 4 portes (ano 2024)
108,T,T — Empresa de pequeno porte,classe,47831,Comércio varejista de jóias e relógios,indisponivel,732,732,0.0,0.0,nao_atualizado,Não há na biblioteca nem na API endpoint de estabelecimentos por porte da RAIS/metodologia Sebrae com recorte anual e 4 portes (ano 2024)
108,U,U — Empresa de médio porte,classe,47831,Comércio varejista de jóias e relógios,indisponivel,7,7,0.0,0.0,nao_atualizado,Não há na biblioteca nem na API endpoint de estabelecimentos por porte da RAIS/metodologia Sebrae com recorte anual e 4 portes (ano 2024)
108,V,V — Grande empresa,classe,47831,Comércio varejista de jóias e relógios,indisponivel,3,3,0.0,0.0,nao_atualizado,Não há na biblioteca nem na API endpoint de estabelecimentos por porte da RAIS/metodologia Sebrae com recorte anual e 4 portes (ano 2024)
109,D,D — EMPREGOS / Estoque 2022,classe,47857,Comércio varejista de artigos usados,indisponivel,8375,8375,0.0,0.0,nao_atualizado,API expõe estoque apenas nos níveis divisão (2 díg.) e grupo (3 díg.); não há endpoint de estoque no nível classe (5 díg.)
109,E,E — Estoque 2023,classe,47857,Comércio varejista de artigos usados,indisponivel,10092,10092,0.0,0.0,nao_atualizado,API expõe estoque apenas nos níveis divisão (2 díg.) e grupo (3 díg.); não há endpoint de estoque no nível classe (5 díg.)
109,F,F — Estoque 2024,classe,47857,Comércio varejista de artigos usados,indisponivel,10732,10732,0.0,0.0,nao_atualizado,API expõe estoque apenas nos níveis divisão (2 díg.) e grupo (3 díg.); não há endpoint de estoque no nível classe (5 díg.)
109,G,G — Estoque 2025,classe,47857,Comércio varejista de artigos usados,formula_preservada,10736,10735,-1.0,-0.0093,divergente,estoque projetado = coluna F + coluna J
109,H,H — Saldo / 2023 (jan-dez),classe,47857,Comércio varejista de artigos usados,atualizado,1784,1784,0.0,0.0,identico,
109,I,I — 2024 (jan-dez),classe,47857,Comércio varejista de artigos usados,atualizado,633,632,-1.0,-0.158,divergente,
109,J,J — 2025 (jan-dez),classe,47857,Comércio varejista de artigos usados,atualizado,4,3,-1.0,-25.0,divergente,
109,K,K — Quantidade de estabelecimentos por porte(RAIS) (Metodologia Sebrae) 2022 / Microempresa,classe,47857,Comércio varejista de artigos usados,indisponivel,,,,,nao_atualizado,Não há na biblioteca nem na API endpoint de estabelecimentos por porte da RAIS/metodologia Sebrae com recorte anual e 4 portes (ano 2022)
109,L,L — Empresa de pequeno porte,classe,47857,Comércio varejista de artigos usados,indisponivel,,,,,nao_atualizado,Não há na biblioteca nem na API endpoint de estabelecimentos por porte da RAIS/metodologia Sebrae com recorte anual e 4 portes (ano 2022)
109,M,M — Empresa de médio porte,classe,47857,Comércio varejista de artigos usados,indisponivel,,,,,nao_atualizado,Não há na biblioteca nem na API endpoint de estabelecimentos por porte da RAIS/metodologia Sebrae com recorte anual e 4 portes (ano 2022)
109,N,N — Grande empresa,classe,47857,Comércio varejista de artigos usados,indisponivel,,,,,nao_atualizado,Não há na biblioteca nem na API endpoint de estabelecimentos por porte da RAIS/metodologia Sebrae com recorte anual e 4 portes (ano 2022)
109,O,O — Quantidade de estabelecimentos por porte(RAIS completa) (Metodologia Sebrae) 2023 / Microempresa,classe,47857,Comércio varejista de artigos usados,indisponivel,4962,4962,0.0,0.0,nao_atualizado,Não há na biblioteca nem na API endpoint de estabelecimentos por porte da RAIS/metodologia Sebrae com recorte anual e 4 portes (ano 2023)
109,P,P — Empresa de pequeno porte,classe,47857,Comércio varejista de artigos usados,indisponivel,230,230,0.0,0.0,nao_atualizado,Não há na biblioteca nem na API endpoint de estabelecimentos por porte da RAIS/metodologia Sebrae com recorte anual e 4 portes (ano 2023)
109,Q,Q — Empresa de médio porte,classe,47857,Comércio varejista de artigos usados,indisponivel,1,1,0.0,0.0,nao_atualizado,Não há na biblioteca nem na API endpoint de estabelecimentos por porte da RAIS/metodologia Sebrae com recorte anual e 4 portes (ano 2023)
109,R,R — Grande empresa,classe,47857,Comércio varejista de artigos usados,indisponivel,1,1,0.0,0.0,nao_atualizado,Não há na biblioteca nem na API endpoint de estabelecimentos por porte da RAIS/metodologia Sebrae com recorte anual e 4 portes (ano 2023)
109,S,S — Quantidade de estabelecimentos por porte(RAIS) (Metodologia Sebrae) 2024 / Microempresa,classe,47857,Comércio varejista de artigos usados,indisponivel,5552,5552,0.0,0.0,nao_atualizado,Não há na biblioteca nem na API endpoint de estabelecimentos por porte da RAIS/metodologia Sebrae com recorte anual e 4 portes (ano 2024)
109,T,T — Empresa de pequeno porte,classe,47857,Comércio varejista de artigos usados,indisponivel,203,203,0.0,0.0,nao_atualizado,Não há na biblioteca nem na API endpoint de estabelecimentos por porte da RAIS/metodologia Sebrae com recorte anual e 4 portes (ano 2024)
109,U,U — Empresa de médio porte,classe,47857,Comércio varejista de artigos usados,indisponivel,1,1,0.0,0.0,nao_atualizado,Não há na biblioteca nem na API endpoint de estabelecimentos por porte da RAIS/metodologia Sebrae com recorte anual e 4 portes (ano 2024)
109,V,V — Grande empresa,classe,47857,Comércio varejista de artigos usados,indisponivel,1,1,0.0,0.0,nao_atualizado,Não há na biblioteca nem na API endpoint de estabelecimentos por porte da RAIS/metodologia Sebrae com recorte anual e 4 portes (ano 2024)
110,D,D — EMPREGOS / Estoque 2022,classe,47890,Comércio varejista de outros produtos novos não especificados anteriormente,indisponivel,394217,394217,0.0,0.0,nao_atualizado,API expõe estoque apenas nos níveis divisão (2 díg.) e grupo (3 díg.); não há endpoint de estoque no nível classe (5 díg.)
110,E,E — Estoque 2023,classe,47890,Comércio varejista de outros produtos novos não especificados anteriormente,indisponivel,387513,387513,0.0,0.0,nao_atualizado,API expõe estoque apenas nos níveis divisão (2 díg.) e grupo (3 díg.); não há endpoint de estoque no nível classe (5 díg.)
110,F,F — Estoque 2024,classe,47890,Comércio varejista de outros produtos novos não especificados anteriormente,indisponivel,389704,389704,0.0,0.0,nao_atualizado,API expõe estoque apenas nos níveis divisão (2 díg.) e grupo (3 díg.); não há endpoint de estoque no nível classe (5 díg.)
110,G,G — Estoque 2025,classe,47890,Comércio varejista de outros produtos novos não especificados anteriormente,formula_preservada,396938,396925,-13.0,-0.0033,divergente,estoque projetado = coluna F + coluna J
110,H,H — Saldo / 2023 (jan-dez),classe,47890,Comércio varejista de outros produtos novos não especificados anteriormente,atualizado,4804,4801,-3.0,-0.0624,divergente,
110,I,I — 2024 (jan-dez),classe,47890,Comércio varejista de outros produtos novos não especificados anteriormente,atualizado,7554,7561,7.0,0.0927,divergente,
110,J,J — 2025 (jan-dez),classe,47890,Comércio varejista de outros produtos novos não especificados anteriormente,atualizado,7234,7221,-13.0,-0.1797,divergente,
110,K,K — Quantidade de estabelecimentos por porte(RAIS) (Metodologia Sebrae) 2022 / Microempresa,classe,47890,Comércio varejista de outros produtos novos não especificados anteriormente,indisponivel,,,,,nao_atualizado,Não há na biblioteca nem na API endpoint de estabelecimentos por porte da RAIS/metodologia Sebrae com recorte anual e 4 portes (ano 2022)
110,L,L — Empresa de pequeno porte,classe,47890,Comércio varejista de outros produtos novos não especificados anteriormente,indisponivel,,,,,nao_atualizado,Não há na biblioteca nem na API endpoint de estabelecimentos por porte da RAIS/metodologia Sebrae com recorte anual e 4 portes (ano 2022)
110,M,M — Empresa de médio porte,classe,47890,Comércio varejista de outros produtos novos não especificados anteriormente,indisponivel,,,,,nao_atualizado,Não há na biblioteca nem na API endpoint de estabelecimentos por porte da RAIS/metodologia Sebrae com recorte anual e 4 portes (ano 2022)
110,N,N — Grande empresa,classe,47890,Comércio varejista de outros produtos novos não especificados anteriormente,indisponivel,,,,,nao_atualizado,Não há na biblioteca nem na API endpoint de estabelecimentos por porte da RAIS/metodologia Sebrae com recorte anual e 4 portes (ano 2022)
110,O,O — Quantidade de estabelecimentos por porte(RAIS completa) (Metodologia Sebrae) 2023 / Microempresa,classe,47890,Comércio varejista de outros produtos novos não especificados anteriormente,indisponivel,181236,181236,0.0,0.0,nao_atualizado,Não há na biblioteca nem na API endpoint de estabelecimentos por porte da RAIS/metodologia Sebrae com recorte anual e 4 portes (ano 2023)
110,P,P — Empresa de pequeno porte,classe,47890,Comércio varejista de outros produtos novos não especificados anteriormente,indisponivel,7411,7411,0.0,0.0,nao_atualizado,Não há na biblioteca nem na API endpoint de estabelecimentos por porte da RAIS/metodologia Sebrae com recorte anual e 4 portes (ano 2023)
110,Q,Q — Empresa de médio porte,classe,47890,Comércio varejista de outros produtos novos não especificados anteriormente,indisponivel,232,232,0.0,0.0,nao_atualizado,Não há na biblioteca nem na API endpoint de estabelecimentos por porte da RAIS/metodologia Sebrae com recorte anual e 4 portes (ano 2023)
110,R,R — Grande empresa,classe,47890,Comércio varejista de outros produtos novos não especificados anteriormente,indisponivel,85,85,0.0,0.0,nao_atualizado,Não há na biblioteca nem na API endpoint de estabelecimentos por porte da RAIS/metodologia Sebrae com recorte anual e 4 portes (ano 2023)
110,S,S — Quantidade de estabelecimentos por porte(RAIS) (Metodologia Sebrae) 2024 / Microempresa,classe,47890,Comércio varejista de outros produtos novos não especificados anteriormente,indisponivel,193119,193119,0.0,0.0,nao_atualizado,Não há na biblioteca nem na API endpoint de estabelecimentos por porte da RAIS/metodologia Sebrae com recorte anual e 4 portes (ano 2024)
110,T,T — Empresa de pequeno porte,classe,47890,Comércio varejista de outros produtos novos não especificados anteriormente,indisponivel,7586,7586,0.0,0.0,nao_atualizado,Não há na biblioteca nem na API endpoint de estabelecimentos por porte da RAIS/metodologia Sebrae com recorte anual e 4 portes (ano 2024)
110,U,U — Empresa de médio porte,classe,47890,Comércio varejista de outros produtos novos não especificados anteriormente,indisponivel,256,256,0.0,0.0,nao_atualizado,Não há na biblioteca nem na API endpoint de estabelecimentos por porte da RAIS/metodologia Sebrae com recorte anual e 4 portes (ano 2024)
110,V,V — Grande empresa,classe,47890,Comércio varejista de outros produtos novos não especificados anteriormente,indisponivel,81,81,0.0,0.0,nao_atualizado,Não há na biblioteca nem na API endpoint de estabelecimentos por porte da RAIS/metodologia Sebrae com recorte anual e 4 portes (ano 2024)
